icpx -std=c++14 -fp-model precise -DLIB_NAME=libcanteraChemistryModel.so -Dlinux64 -DWM_ARCH_OPTION=64 -DWM_DP -DWM_LABEL_SIZE=64 -Wall -Wextra -Wold-style-cast -Wnon-virtual-dtor -Wno-unused-parameter -Wno-invalid-offsetof -Wno-undefined-var-template -O3  -DNoRepository -ftemplate-depth-100 -I/work/09629/m_hland10/ls6/openfoam/OpenFOAM-12/src/physicalProperties/lnInclude -I/work/09629/m_hland10/ls6/openfoam/OpenFOAM-12/src/thermophysicalModels/multicomponentThermo/lnInclude -I/work/09629/m_hland10/ls6/openfoam/OpenFOAM-12/src/thermophysicalModels/basic/lnInclude -I/work/09629/m_hland10/ls6/openfoam/OpenFOAM-12/src/thermophysicalModels/specie/lnInclude -I/work/09629/m_hland10/ls6/openfoam/OpenFOAM-12/src/thermophysicalModels/functions/Polynomial -I/work/09629/m_hland10/ls6/openfoam/OpenFOAM-12/src/ODE/lnInclude -I/work/09629/m_hland10/ls6/openfoam/OpenFOAM-12/src/finiteVolume/lnInclude -I/work/09629/m_hland10/ls6/openfoam/OpenFOAM-12/src/meshTools/lnInclude -I/work/09629/m_hland10/ls6/openfoam/OpenFOAM-12/src/thermophysicalModels/chemistryModel/lnInclude -I/work/09629/m_hland10/ls6/cantera/include -I/work/09629/m_hland10/ls6/cantera/include/cantera -I/work/09629/m_hland10/ls6/cantera/include/cantera/base -I/work/09629/m_hland10/ls6/cantera/include/cantera/thermo -I/work/09629/m_hland10/ls6/cantera/include/cantera/transport -I/work/09629/m_hland10/ls6/cantera/include/cantera/kinetics -I/work/09629/m_hland10/ls6/cantera/include/cantera/zeroD -I/work/09629/m_hland10/ls6/cantera/include/cantera/ext -I/work/09629/m_hland10/ls6/cantera/include/cantera/ext/fmt -I/scratch/tacc/apps/intel19/eigen/3.4.0/include/eigen3 -I/scratch/tacc/apps/intel19/eigen/3.4.0/include/eigen3/Eigen/src -IlnInclude -I. -I/work/09629/m_hland10/ls6/openfoam/OpenFOAM-12/src/OpenFOAM/lnInclude -I/work/09629/m_hland10/ls6/openfoam/OpenFOAM-12/src/OSspecific/POSIX/lnInclude   -fPIC -c chemistrySolver/canteraChemistrySolvers.C -o Make/linux64IcxDPInt64Opt/chemistrySolver/canteraChemistrySolvers.o
In file included from chemistrySolver/canteraChemistrySolvers.C:26:
In file included from chemistrySolver/canteraSolver.H:38:
In file included from /work/09629/m_hland10/ls6/openfoam/OpenFOAM-12/src/thermophysicalModels/chemistryModel/lnInclude/chemistrySolver.H:38:
In file included from /work/09629/m_hland10/ls6/openfoam/OpenFOAM-12/src/OpenFOAM/lnInclude/IOdictionary.H:42:
In file included from /work/09629/m_hland10/ls6/openfoam/OpenFOAM-12/src/OpenFOAM/lnInclude/dictionary.H:53:
In file included from /work/09629/m_hland10/ls6/openfoam/OpenFOAM-12/src/OpenFOAM/lnInclude/entry.H:44:
In file included from /work/09629/m_hland10/ls6/openfoam/OpenFOAM-12/src/OpenFOAM/lnInclude/keyType.H:41:
In file included from /work/09629/m_hland10/ls6/openfoam/OpenFOAM-12/src/OpenFOAM/lnInclude/functionName.H:38:
In file included from /work/09629/m_hland10/ls6/openfoam/OpenFOAM-12/src/OpenFOAM/lnInclude/word.H:42:
In file included from /work/09629/m_hland10/ls6/openfoam/OpenFOAM-12/src/OpenFOAM/lnInclude/string.H:302:
/work/09629/m_hland10/ls6/openfoam/OpenFOAM-12/src/OpenFOAM/lnInclude/stringI.H:48:17: warning: unqualified call to 'std::move' [-Wunqualified-std-cast-call]
   48 |     std::string(move(str))
      |                 ^
      |                 std::
/work/09629/m_hland10/ls6/openfoam/OpenFOAM-12/src/OpenFOAM/lnInclude/stringI.H:237:28: warning: unqualified call to 'std::move' [-Wunqualified-std-cast-call]
  237 |     std::string::operator=(move(str));
      |                            ^
      |                            std::
In file included from chemistrySolver/canteraChemistrySolvers.C:26:
In file included from chemistrySolver/canteraSolver.H:38:
In file included from /work/09629/m_hland10/ls6/openfoam/OpenFOAM-12/src/thermophysicalModels/chemistryModel/lnInclude/chemistrySolver.H:38:
In file included from /work/09629/m_hland10/ls6/openfoam/OpenFOAM-12/src/OpenFOAM/lnInclude/IOdictionary.H:42:
In file included from /work/09629/m_hland10/ls6/openfoam/OpenFOAM-12/src/OpenFOAM/lnInclude/dictionary.H:53:
In file included from /work/09629/m_hland10/ls6/openfoam/OpenFOAM-12/src/OpenFOAM/lnInclude/entry.H:45:
In file included from /work/09629/m_hland10/ls6/openfoam/OpenFOAM-12/src/OpenFOAM/lnInclude/IDLList.H:35:
In file included from /work/09629/m_hland10/ls6/openfoam/OpenFOAM-12/src/OpenFOAM/lnInclude/ILList.H:39:
In file included from /work/09629/m_hland10/ls6/openfoam/OpenFOAM-12/src/OpenFOAM/lnInclude/UILList.H:390:
In file included from /work/09629/m_hland10/ls6/openfoam/OpenFOAM-12/src/OpenFOAM/lnInclude/UILList.C:105:
In file included from /work/09629/m_hland10/ls6/openfoam/OpenFOAM-12/src/OpenFOAM/lnInclude/UILListIO.C:27:
In file included from /work/09629/m_hland10/ls6/openfoam/OpenFOAM-12/src/OpenFOAM/lnInclude/Ostream.H:39:
In file included from /work/09629/m_hland10/ls6/openfoam/OpenFOAM-12/src/OpenFOAM/lnInclude/IOstream.H:50:
In file included from /work/09629/m_hland10/ls6/openfoam/OpenFOAM-12/src/OpenFOAM/lnInclude/fileName.H:268:
/work/09629/m_hland10/ls6/openfoam/OpenFOAM-12/src/OpenFOAM/lnInclude/fileNameI.H:66:12: warning: unqualified call to 'std::move' [-Wunqualified-std-cast-call]
   66 |     string(move(fn))
      |            ^
      |            std::
In file included from chemistrySolver/canteraChemistrySolvers.C:26:
In file included from chemistrySolver/canteraSolver.H:38:
In file included from /work/09629/m_hland10/ls6/openfoam/OpenFOAM-12/src/thermophysicalModels/chemistryModel/lnInclude/chemistrySolver.H:38:
In file included from /work/09629/m_hland10/ls6/openfoam/OpenFOAM-12/src/OpenFOAM/lnInclude/IOdictionary.H:42:
In file included from /work/09629/m_hland10/ls6/openfoam/OpenFOAM-12/src/OpenFOAM/lnInclude/dictionary.H:53:
In file included from /work/09629/m_hland10/ls6/openfoam/OpenFOAM-12/src/OpenFOAM/lnInclude/entry.H:45:
In file included from /work/09629/m_hland10/ls6/openfoam/OpenFOAM-12/src/OpenFOAM/lnInclude/IDLList.H:35:
In file included from /work/09629/m_hland10/ls6/openfoam/OpenFOAM-12/src/OpenFOAM/lnInclude/ILList.H:39:
In file included from /work/09629/m_hland10/ls6/openfoam/OpenFOAM-12/src/OpenFOAM/lnInclude/UILList.H:390:
In file included from /work/09629/m_hland10/ls6/openfoam/OpenFOAM-12/src/OpenFOAM/lnInclude/UILList.C:105:
In file included from /work/09629/m_hland10/ls6/openfoam/OpenFOAM-12/src/OpenFOAM/lnInclude/UILListIO.C:28:
In file included from /work/09629/m_hland10/ls6/openfoam/OpenFOAM-12/src/OpenFOAM/lnInclude/token.H:535:
In file included from /work/09629/m_hland10/ls6/openfoam/OpenFOAM-12/src/OpenFOAM/lnInclude/Istream.H:196:
In file included from /work/09629/m_hland10/ls6/openfoam/OpenFOAM-12/src/OpenFOAM/lnInclude/HashTable.C:30:
In file included from /work/09629/m_hland10/ls6/openfoam/OpenFOAM-12/src/OpenFOAM/lnInclude/List.H:312:
In file included from /work/09629/m_hland10/ls6/openfoam/OpenFOAM-12/src/OpenFOAM/lnInclude/List.C:31:
In file included from /work/09629/m_hland10/ls6/openfoam/OpenFOAM-12/src/OpenFOAM/lnInclude/IndirectList.H:157:
/work/09629/m_hland10/ls6/openfoam/OpenFOAM-12/src/OpenFOAM/lnInclude/IndirectListI.H:43:17: warning: unqualified call to 'std::move' [-Wunqualified-std-cast-call]
   43 |     addressing_(move(addr))
      |                 ^
      |                 std::
/work/09629/m_hland10/ls6/openfoam/OpenFOAM-12/src/OpenFOAM/lnInclude/IndirectListI.H:70:28: warning: unqualified call to 'std::move' [-Wunqualified-std-cast-call]
   70 |     IndirectListAddressing(move(addr)),
      |                            ^
      |                            std::
In file included from chemistrySolver/canteraChemistrySolvers.C:26:
In file included from chemistrySolver/canteraSolver.H:38:
In file included from /work/09629/m_hland10/ls6/openfoam/OpenFOAM-12/src/thermophysicalModels/chemistryModel/lnInclude/chemistrySolver.H:38:
In file included from /work/09629/m_hland10/ls6/openfoam/OpenFOAM-12/src/OpenFOAM/lnInclude/IOdictionary.H:42:
In file included from /work/09629/m_hland10/ls6/openfoam/OpenFOAM-12/src/OpenFOAM/lnInclude/dictionary.H:53:
In file included from /work/09629/m_hland10/ls6/openfoam/OpenFOAM-12/src/OpenFOAM/lnInclude/entry.H:45:
In file included from /work/09629/m_hland10/ls6/openfoam/OpenFOAM-12/src/OpenFOAM/lnInclude/IDLList.H:35:
In file included from /work/09629/m_hland10/ls6/openfoam/OpenFOAM-12/src/OpenFOAM/lnInclude/ILList.H:39:
In file included from /work/09629/m_hland10/ls6/openfoam/OpenFOAM-12/src/OpenFOAM/lnInclude/UILList.H:390:
In file included from /work/09629/m_hland10/ls6/openfoam/OpenFOAM-12/src/OpenFOAM/lnInclude/UILList.C:105:
In file included from /work/09629/m_hland10/ls6/openfoam/OpenFOAM-12/src/OpenFOAM/lnInclude/UILListIO.C:28:
In file included from /work/09629/m_hland10/ls6/openfoam/OpenFOAM-12/src/OpenFOAM/lnInclude/token.H:535:
In file included from /work/09629/m_hland10/ls6/openfoam/OpenFOAM-12/src/OpenFOAM/lnInclude/Istream.H:196:
In file included from /work/09629/m_hland10/ls6/openfoam/OpenFOAM-12/src/OpenFOAM/lnInclude/HashTable.C:30:
In file included from /work/09629/m_hland10/ls6/openfoam/OpenFOAM-12/src/OpenFOAM/lnInclude/List.H:312:
In file included from /work/09629/m_hland10/ls6/openfoam/OpenFOAM-12/src/OpenFOAM/lnInclude/List.C:33:
In file included from /work/09629/m_hland10/ls6/openfoam/OpenFOAM-12/src/OpenFOAM/lnInclude/BiIndirectList.H:135:
/work/09629/m_hland10/ls6/openfoam/OpenFOAM-12/src/OpenFOAM/lnInclude/BiIndirectListI.H:52:17: warning: unqualified call to 'std::move' [-Wunqualified-std-cast-call]
   52 |     addressing_(move(addr))
      |                 ^
      |                 std::
In file included from chemistrySolver/canteraChemistrySolvers.C:26:
In file included from chemistrySolver/canteraSolver.H:38:
In file included from /work/09629/m_hland10/ls6/openfoam/OpenFOAM-12/src/thermophysicalModels/chemistryModel/lnInclude/chemistrySolver.H:38:
In file included from /work/09629/m_hland10/ls6/openfoam/OpenFOAM-12/src/OpenFOAM/lnInclude/IOdictionary.H:42:
In file included from /work/09629/m_hland10/ls6/openfoam/OpenFOAM-12/src/OpenFOAM/lnInclude/dictionary.H:57:
/work/09629/m_hland10/ls6/openfoam/OpenFOAM-12/src/OpenFOAM/lnInclude/ITstream.H:97:23: warning: unqualified call to 'std::move' [-Wunqualified-std-cast-call]
   97 |             tokenList(move(tokens)),
      |                       ^
      |                       std::
In file included from chemistrySolver/canteraChemistrySolvers.C:26:
In file included from chemistrySolver/canteraSolver.H:38:
In file included from /work/09629/m_hland10/ls6/openfoam/OpenFOAM-12/src/thermophysicalModels/chemistryModel/lnInclude/chemistrySolver.H:38:
In file included from /work/09629/m_hland10/ls6/openfoam/OpenFOAM-12/src/OpenFOAM/lnInclude/IOdictionary.H:42:
/work/09629/m_hland10/ls6/openfoam/OpenFOAM-12/src/OpenFOAM/lnInclude/dictionary.H:105:19: warning: unqualified call to 'std::move' [-Wunqualified-std-cast-call]
  105 |             name_(move(name.name_))
      |                   ^
      |                   std::
/work/09629/m_hland10/ls6/openfoam/OpenFOAM-12/src/OpenFOAM/lnInclude/dictionary.H:150:21: warning: unqualified call to 'std::move' [-Wunqualified-std-cast-call]
  150 |             name_ = move(name.name_);
      |                     ^
      |                     std::
In file included from chemistrySolver/canteraChemistrySolvers.C:26:
In file included from chemistrySolver/canteraSolver.H:38:
In file included from /work/09629/m_hland10/ls6/openfoam/OpenFOAM-12/src/thermophysicalModels/chemistryModel/lnInclude/chemistrySolver.H:40:
In file included from /work/09629/m_hland10/ls6/openfoam/OpenFOAM-12/src/thermophysicalModels/multicomponentThermo/lnInclude/fluidMulticomponentThermo.H:41:
In file included from /work/09629/m_hland10/ls6/openfoam/OpenFOAM-12/src/thermophysicalModels/basic/lnInclude/fluidThermo.H:41:
In file included from /work/09629/m_hland10/ls6/openfoam/OpenFOAM-12/src/thermophysicalModels/basic/lnInclude/basicThermo.H:63:
In file included from /work/09629/m_hland10/ls6/openfoam/OpenFOAM-12/src/finiteVolume/lnInclude/volFields.H:37:
In file included from /work/09629/m_hland10/ls6/openfoam/OpenFOAM-12/src/OpenFOAM/lnInclude/GeometricFields.H:34:
In file included from /work/09629/m_hland10/ls6/openfoam/OpenFOAM-12/src/OpenFOAM/lnInclude/GeometricScalarField.H:38:
In file included from /work/09629/m_hland10/ls6/openfoam/OpenFOAM-12/src/OpenFOAM/lnInclude/GeometricField.H:43:
In file included from /work/09629/m_hland10/ls6/openfoam/OpenFOAM-12/src/OpenFOAM/lnInclude/GeometricBoundaryField.H:228:
In file included from /work/09629/m_hland10/ls6/openfoam/OpenFOAM-12/src/OpenFOAM/lnInclude/GeometricBoundaryField.C:28:
In file included from /work/09629/m_hland10/ls6/openfoam/OpenFOAM-12/src/OpenFOAM/lnInclude/globalMeshData.H:87:
In file included from /work/09629/m_hland10/ls6/openfoam/OpenFOAM-12/src/OpenFOAM/lnInclude/indirectPrimitivePatch.H:36:
In file included from /work/09629/m_hland10/ls6/openfoam/OpenFOAM-12/src/OpenFOAM/lnInclude/face.H:356:
/work/09629/m_hland10/ls6/openfoam/OpenFOAM-12/src/OpenFOAM/lnInclude/faceI.H:52:15: warning: unqualified call to 'std::move' [-Wunqualified-std-cast-call]
   52 |     labelList(move(lst))
      |               ^
      |               std::
/work/09629/m_hland10/ls6/openfoam/OpenFOAM-12/src/OpenFOAM/lnInclude/faceI.H:122:26: warning: unqualified call to 'std::move' [-Wunqualified-std-cast-call]
  122 |     labelList::operator=(move(l));
      |                          ^
      |                          std::
In file included from chemistrySolver/canteraChemistrySolvers.C:26:
In file included from chemistrySolver/canteraSolver.H:38:
In file included from /work/09629/m_hland10/ls6/openfoam/OpenFOAM-12/src/thermophysicalModels/chemistryModel/lnInclude/chemistrySolver.H:40:
In file included from /work/09629/m_hland10/ls6/openfoam/OpenFOAM-12/src/thermophysicalModels/multicomponentThermo/lnInclude/fluidMulticomponentThermo.H:41:
In file included from /work/09629/m_hland10/ls6/openfoam/OpenFOAM-12/src/thermophysicalModels/basic/lnInclude/fluidThermo.H:41:
In file included from /work/09629/m_hland10/ls6/openfoam/OpenFOAM-12/src/thermophysicalModels/basic/lnInclude/basicThermo.H:63:
In file included from /work/09629/m_hland10/ls6/openfoam/OpenFOAM-12/src/finiteVolume/lnInclude/volFields.H:37:
In file included from /work/09629/m_hland10/ls6/openfoam/OpenFOAM-12/src/OpenFOAM/lnInclude/GeometricFields.H:34:
In file included from /work/09629/m_hland10/ls6/openfoam/OpenFOAM-12/src/OpenFOAM/lnInclude/GeometricScalarField.H:38:
In file included from /work/09629/m_hland10/ls6/openfoam/OpenFOAM-12/src/OpenFOAM/lnInclude/GeometricField.H:43:
In file included from /work/09629/m_hland10/ls6/openfoam/OpenFOAM-12/src/OpenFOAM/lnInclude/GeometricBoundaryField.H:228:
In file included from /work/09629/m_hland10/ls6/openfoam/OpenFOAM-12/src/OpenFOAM/lnInclude/GeometricBoundaryField.C:28:
In file included from /work/09629/m_hland10/ls6/openfoam/OpenFOAM-12/src/OpenFOAM/lnInclude/globalMeshData.H:640:
In file included from /work/09629/m_hland10/ls6/openfoam/OpenFOAM-12/src/OpenFOAM/lnInclude/globalMeshDataTemplates.C:27:
In file included from /work/09629/m_hland10/ls6/openfoam/OpenFOAM-12/src/OpenFOAM/lnInclude/polyMesh.H:45:
In file included from /work/09629/m_hland10/ls6/openfoam/OpenFOAM-12/src/OpenFOAM/lnInclude/primitiveMesh.H:57:
In file included from /work/09629/m_hland10/ls6/openfoam/OpenFOAM-12/src/OpenFOAM/lnInclude/cellList.H:35:
In file included from /work/09629/m_hland10/ls6/openfoam/OpenFOAM-12/src/OpenFOAM/lnInclude/cell.H:153:
/work/09629/m_hland10/ls6/openfoam/OpenFOAM-12/src/OpenFOAM/lnInclude/cellI.H:48:15: warning: unqualified call to 'std::move' [-Wunqualified-std-cast-call]
   48 |     labelList(move(lst))
      |               ^
      |               std::
/work/09629/m_hland10/ls6/openfoam/OpenFOAM-12/src/OpenFOAM/lnInclude/cellI.H:76:26: warning: unqualified call to 'std::move' [-Wunqualified-std-cast-call]
   76 |     labelList::operator=(move(l));
      |                          ^
      |                          std::
In file included from chemistrySolver/canteraChemistrySolvers.C:26:
In file included from chemistrySolver/canteraSolver.H:38:
In file included from /work/09629/m_hland10/ls6/openfoam/OpenFOAM-12/src/thermophysicalModels/chemistryModel/lnInclude/chemistrySolver.H:40:
In file included from /work/09629/m_hland10/ls6/openfoam/OpenFOAM-12/src/thermophysicalModels/multicomponentThermo/lnInclude/fluidMulticomponentThermo.H:41:
In file included from /work/09629/m_hland10/ls6/openfoam/OpenFOAM-12/src/thermophysicalModels/basic/lnInclude/fluidThermo.H:41:
In file included from /work/09629/m_hland10/ls6/openfoam/OpenFOAM-12/src/thermophysicalModels/basic/lnInclude/basicThermo.H:63:
In file included from /work/09629/m_hland10/ls6/openfoam/OpenFOAM-12/src/finiteVolume/lnInclude/volFields.H:37:
In file included from /work/09629/m_hland10/ls6/openfoam/OpenFOAM-12/src/OpenFOAM/lnInclude/GeometricFields.H:34:
In file included from /work/09629/m_hland10/ls6/openfoam/OpenFOAM-12/src/OpenFOAM/lnInclude/GeometricScalarField.H:38:
In file included from /work/09629/m_hland10/ls6/openfoam/OpenFOAM-12/src/OpenFOAM/lnInclude/GeometricField.H:43:
In file included from /work/09629/m_hland10/ls6/openfoam/OpenFOAM-12/src/OpenFOAM/lnInclude/GeometricBoundaryField.H:228:
In file included from /work/09629/m_hland10/ls6/openfoam/OpenFOAM-12/src/OpenFOAM/lnInclude/GeometricBoundaryField.C:28:
In file included from /work/09629/m_hland10/ls6/openfoam/OpenFOAM-12/src/OpenFOAM/lnInclude/globalMeshData.H:640:
In file included from /work/09629/m_hland10/ls6/openfoam/OpenFOAM-12/src/OpenFOAM/lnInclude/globalMeshDataTemplates.C:27:
In file included from /work/09629/m_hland10/ls6/openfoam/OpenFOAM-12/src/OpenFOAM/lnInclude/polyMesh.H:55:
In file included from /work/09629/m_hland10/ls6/openfoam/OpenFOAM-12/src/OpenFOAM/lnInclude/pointZoneList.H:32:
In file included from /work/09629/m_hland10/ls6/openfoam/OpenFOAM-12/src/OpenFOAM/lnInclude/pointZone.H:44:
In file included from /work/09629/m_hland10/ls6/openfoam/OpenFOAM-12/src/OpenFOAM/lnInclude/Zone.H:273:
/work/09629/m_hland10/ls6/openfoam/OpenFOAM-12/src/OpenFOAM/lnInclude/Zone.C:133:15: warning: unqualified call to 'std::move' [-Wunqualified-std-cast-call]
  133 |     labelList(move(indices)),
      |               ^
      |               std::
/work/09629/m_hland10/ls6/openfoam/OpenFOAM-12/src/OpenFOAM/lnInclude/Zone.C:178:15: warning: unqualified call to 'std::move' [-Wunqualified-std-cast-call]
  178 |     labelList(move(indices)),
      |               ^
      |               std::
/work/09629/m_hland10/ls6/openfoam/OpenFOAM-12/src/OpenFOAM/lnInclude/Zone.C:388:26: warning: unqualified call to 'std::move' [-Wunqualified-std-cast-call]
  388 |     labelList::operator=(move(indices));
      |                          ^
      |                          std::
In file included from chemistrySolver/canteraChemistrySolvers.C:26:
In file included from chemistrySolver/canteraSolver.H:38:
In file included from /work/09629/m_hland10/ls6/openfoam/OpenFOAM-12/src/thermophysicalModels/chemistryModel/lnInclude/chemistrySolver.H:40:
In file included from /work/09629/m_hland10/ls6/openfoam/OpenFOAM-12/src/thermophysicalModels/multicomponentThermo/lnInclude/fluidMulticomponentThermo.H:41:
In file included from /work/09629/m_hland10/ls6/openfoam/OpenFOAM-12/src/thermophysicalModels/basic/lnInclude/fluidThermo.H:41:
In file included from /work/09629/m_hland10/ls6/openfoam/OpenFOAM-12/src/thermophysicalModels/basic/lnInclude/basicThermo.H:63:
In file included from /work/09629/m_hland10/ls6/openfoam/OpenFOAM-12/src/finiteVolume/lnInclude/volFields.H:37:
In file included from /work/09629/m_hland10/ls6/openfoam/OpenFOAM-12/src/OpenFOAM/lnInclude/GeometricFields.H:34:
In file included from /work/09629/m_hland10/ls6/openfoam/OpenFOAM-12/src/OpenFOAM/lnInclude/GeometricScalarField.H:38:
In file included from /work/09629/m_hland10/ls6/openfoam/OpenFOAM-12/src/OpenFOAM/lnInclude/GeometricField.H:43:
In file included from /work/09629/m_hland10/ls6/openfoam/OpenFOAM-12/src/OpenFOAM/lnInclude/GeometricBoundaryField.H:228:
In file included from /work/09629/m_hland10/ls6/openfoam/OpenFOAM-12/src/OpenFOAM/lnInclude/GeometricBoundaryField.C:28:
In file included from /work/09629/m_hland10/ls6/openfoam/OpenFOAM-12/src/OpenFOAM/lnInclude/globalMeshData.H:640:
In file included from /work/09629/m_hland10/ls6/openfoam/OpenFOAM-12/src/OpenFOAM/lnInclude/globalMeshDataTemplates.C:28:
/work/09629/m_hland10/ls6/openfoam/OpenFOAM-12/src/OpenFOAM/lnInclude/distributionMap.H:274:33: warning: unqualified call to 'std::move' [-Wunqualified-std-cast-call]
  274 |                 pointField pfld(move(fld));
      |                                 ^
      |                                 std::
In file included from chemistrySolver/canteraChemistrySolvers.C:27:
In file included from lnInclude/canteraChemistryModel.H:47:
In file included from /work/09629/m_hland10/ls6/cantera/include/cantera/thermo/IdealGasPhase.h:14:
In file included from /work/09629/m_hland10/ls6/cantera/include/cantera/thermo/ThermoPhase.h:15:
In file included from /work/09629/m_hland10/ls6/cantera/include/cantera/thermo/MultiSpeciesThermo.h:13:
In file included from /work/09629/m_hland10/ls6/cantera/include/cantera/thermo/SpeciesThermoInterpType.h:17:
In file included from /work/09629/m_hland10/ls6/cantera/include/cantera/base/AnyMap.h:752:
In file included from /work/09629/m_hland10/ls6/cantera/include/cantera/base/AnyMap.inl.h:8:
In file included from /scratch/tacc/apps/intel19/boost/1.83.0/include/boost/any.hpp:23:
In file included from /scratch/tacc/apps/intel19/boost/1.83.0/include/boost/any/detail/placeholder.hpp:15:
In file included from /scratch/tacc/apps/intel19/boost/1.83.0/include/boost/type_index.hpp:49:
In file included from /scratch/tacc/apps/intel19/boost/1.83.0/include/boost/type_index/stl_type_index.hpp:47:
/scratch/tacc/apps/intel19/boost/1.83.0/include/boost/container_hash/hash.hpp:425:37: warning: use of old-style cast [-Wold-style-cast]
  425 |             boost::hash_combine( r, (B const&)v );
      |                                     ^         ~
In file included from chemistrySolver/canteraChemistrySolvers.C:27:
In file included from lnInclude/canteraChemistryModel.H:47:
In file included from /work/09629/m_hland10/ls6/cantera/include/cantera/thermo/IdealGasPhase.h:14:
In file included from /work/09629/m_hland10/ls6/cantera/include/cantera/thermo/ThermoPhase.h:15:
In file included from /work/09629/m_hland10/ls6/cantera/include/cantera/thermo/MultiSpeciesThermo.h:13:
In file included from /work/09629/m_hland10/ls6/cantera/include/cantera/thermo/SpeciesThermoInterpType.h:17:
In file included from /work/09629/m_hland10/ls6/cantera/include/cantera/base/AnyMap.h:752:
In file included from /work/09629/m_hland10/ls6/cantera/include/cantera/base/AnyMap.inl.h:9:
In file included from /scratch/tacc/apps/intel19/boost/1.83.0/include/boost/algorithm/string.hpp:19:
In file included from /scratch/tacc/apps/intel19/boost/1.83.0/include/boost/algorithm/string/trim.hpp:19:
In file included from /scratch/tacc/apps/intel19/boost/1.83.0/include/boost/range/as_literal.hpp:18:
In file included from /scratch/tacc/apps/intel19/boost/1.83.0/include/boost/range/iterator_range.hpp:13:
In file included from /scratch/tacc/apps/intel19/boost/1.83.0/include/boost/range/iterator_range_core.hpp:27:
In file included from /scratch/tacc/apps/intel19/boost/1.83.0/include/boost/iterator/iterator_facade.hpp:13:
In file included from /scratch/tacc/apps/intel19/boost/1.83.0/include/boost/iterator/iterator_categories.hpp:16:
In file included from /scratch/tacc/apps/intel19/boost/1.83.0/include/boost/mpl/placeholders.hpp:24:
In file included from /scratch/tacc/apps/intel19/boost/1.83.0/include/boost/mpl/arg.hpp:37:
In file included from /scratch/tacc/apps/intel19/boost/1.83.0/include/boost/mpl/aux_/include_preprocessed.hpp:37:
/scratch/tacc/apps/intel19/boost/1.83.0/include/boost/mpl/aux_/preprocessed/gcc/arg.hpp:27:9: warning: use of old-style cast [-Wold-style-cast]
   27 |         BOOST_MPL_AUX_ASSERT_NOT_NA(type);
      |         ^~~~~~~~~~~~~~~~~~~~~~~~~~~~~~~~~
/scratch/tacc/apps/intel19/boost/1.83.0/include/boost/mpl/aux_/na_assert.hpp:25:5: note: expanded from macro 'BOOST_MPL_AUX_ASSERT_NOT_NA'
   25 |     BOOST_MPL_ASSERT_NOT((boost::mpl::is_na<type>)) \
      |     ^~~~~~~~~~~~~~~~~~~~~~~~~~~~~~~~~~~~~~~~~~~~~~~
/scratch/tacc/apps/intel19/boost/1.83.0/include/boost/mpl/assert.hpp:324:43: note: expanded from macro 'BOOST_MPL_ASSERT_NOT'
  324 |               boost::mpl::assert_not_arg( (void (*) pred)BOOST_NULLPTR, 1 ) \
      |                                           ^              ~~~~~~~~~~~~~
/scratch/tacc/apps/intel19/boost/1.83.0/include/boost/mpl/assert.hpp:60:58: note: expanded from macro '\
BOOST_MPL_AUX_ASSERT_CONSTANT'
   60 | #   define BOOST_MPL_AUX_ASSERT_CONSTANT(T, expr) enum { expr }
      |                                                          ^~~~
In file included from chemistrySolver/canteraChemistrySolvers.C:27:
In file included from lnInclude/canteraChemistryModel.H:47:
In file included from /work/09629/m_hland10/ls6/cantera/include/cantera/thermo/IdealGasPhase.h:14:
In file included from /work/09629/m_hland10/ls6/cantera/include/cantera/thermo/ThermoPhase.h:15:
In file included from /work/09629/m_hland10/ls6/cantera/include/cantera/thermo/MultiSpeciesThermo.h:13:
In file included from /work/09629/m_hland10/ls6/cantera/include/cantera/thermo/SpeciesThermoInterpType.h:17:
In file included from /work/09629/m_hland10/ls6/cantera/include/cantera/base/AnyMap.h:752:
In file included from /work/09629/m_hland10/ls6/cantera/include/cantera/base/AnyMap.inl.h:9:
In file included from /scratch/tacc/apps/intel19/boost/1.83.0/include/boost/algorithm/string.hpp:19:
In file included from /scratch/tacc/apps/intel19/boost/1.83.0/include/boost/algorithm/string/trim.hpp:19:
In file included from /scratch/tacc/apps/intel19/boost/1.83.0/include/boost/range/as_literal.hpp:18:
In file included from /scratch/tacc/apps/intel19/boost/1.83.0/include/boost/range/iterator_range.hpp:13:
In file included from /scratch/tacc/apps/intel19/boost/1.83.0/include/boost/range/iterator_range_core.hpp:27:
In file included from /scratch/tacc/apps/intel19/boost/1.83.0/include/boost/iterator/iterator_facade.hpp:13:
In file included from /scratch/tacc/apps/intel19/boost/1.83.0/include/boost/iterator/iterator_categories.hpp:16:
In file included from /scratch/tacc/apps/intel19/boost/1.83.0/include/boost/mpl/placeholders.hpp:24:
In file included from /scratch/tacc/apps/intel19/boost/1.83.0/include/boost/mpl/arg.hpp:37:
In file included from /scratch/tacc/apps/intel19/boost/1.83.0/include/boost/mpl/aux_/include_preprocessed.hpp:37:
/scratch/tacc/apps/intel19/boost/1.83.0/include/boost/mpl/aux_/preprocessed/gcc/arg.hpp:45:9: warning: use of old-style cast [-Wold-style-cast]
   45 |         BOOST_MPL_AUX_ASSERT_NOT_NA(type);
      |         ^~~~~~~~~~~~~~~~~~~~~~~~~~~~~~~~~
/scratch/tacc/apps/intel19/boost/1.83.0/include/boost/mpl/aux_/na_assert.hpp:25:5: note: expanded from macro 'BOOST_MPL_AUX_ASSERT_NOT_NA'
   25 |     BOOST_MPL_ASSERT_NOT((boost::mpl::is_na<type>)) \
      |     ^~~~~~~~~~~~~~~~~~~~~~~~~~~~~~~~~~~~~~~~~~~~~~~
/scratch/tacc/apps/intel19/boost/1.83.0/include/boost/mpl/assert.hpp:324:43: note: expanded from macro 'BOOST_MPL_ASSERT_NOT'
  324 |               boost::mpl::assert_not_arg( (void (*) pred)BOOST_NULLPTR, 1 ) \
      |                                           ^              ~~~~~~~~~~~~~
/scratch/tacc/apps/intel19/boost/1.83.0/include/boost/mpl/assert.hpp:60:58: note: expanded from macro '\
BOOST_MPL_AUX_ASSERT_CONSTANT'
   60 | #   define BOOST_MPL_AUX_ASSERT_CONSTANT(T, expr) enum { expr }
      |                                                          ^~~~
In file included from chemistrySolver/canteraChemistrySolvers.C:27:
In file included from lnInclude/canteraChemistryModel.H:47:
In file included from /work/09629/m_hland10/ls6/cantera/include/cantera/thermo/IdealGasPhase.h:14:
In file included from /work/09629/m_hland10/ls6/cantera/include/cantera/thermo/ThermoPhase.h:15:
In file included from /work/09629/m_hland10/ls6/cantera/include/cantera/thermo/MultiSpeciesThermo.h:13:
In file included from /work/09629/m_hland10/ls6/cantera/include/cantera/thermo/SpeciesThermoInterpType.h:17:
In file included from /work/09629/m_hland10/ls6/cantera/include/cantera/base/AnyMap.h:752:
In file included from /work/09629/m_hland10/ls6/cantera/include/cantera/base/AnyMap.inl.h:9:
In file included from /scratch/tacc/apps/intel19/boost/1.83.0/include/boost/algorithm/string.hpp:19:
In file included from /scratch/tacc/apps/intel19/boost/1.83.0/include/boost/algorithm/string/trim.hpp:19:
In file included from /scratch/tacc/apps/intel19/boost/1.83.0/include/boost/range/as_literal.hpp:18:
In file included from /scratch/tacc/apps/intel19/boost/1.83.0/include/boost/range/iterator_range.hpp:13:
In file included from /scratch/tacc/apps/intel19/boost/1.83.0/include/boost/range/iterator_range_core.hpp:27:
In file included from /scratch/tacc/apps/intel19/boost/1.83.0/include/boost/iterator/iterator_facade.hpp:13:
In file included from /scratch/tacc/apps/intel19/boost/1.83.0/include/boost/iterator/iterator_categories.hpp:16:
In file included from /scratch/tacc/apps/intel19/boost/1.83.0/include/boost/mpl/placeholders.hpp:24:
In file included from /scratch/tacc/apps/intel19/boost/1.83.0/include/boost/mpl/arg.hpp:37:
In file included from /scratch/tacc/apps/intel19/boost/1.83.0/include/boost/mpl/aux_/include_preprocessed.hpp:37:
/scratch/tacc/apps/intel19/boost/1.83.0/include/boost/mpl/aux_/preprocessed/gcc/arg.hpp:63:9: warning: use of old-style cast [-Wold-style-cast]
   63 |         BOOST_MPL_AUX_ASSERT_NOT_NA(type);
      |         ^~~~~~~~~~~~~~~~~~~~~~~~~~~~~~~~~
/scratch/tacc/apps/intel19/boost/1.83.0/include/boost/mpl/aux_/na_assert.hpp:25:5: note: expanded from macro 'BOOST_MPL_AUX_ASSERT_NOT_NA'
   25 |     BOOST_MPL_ASSERT_NOT((boost::mpl::is_na<type>)) \
      |     ^~~~~~~~~~~~~~~~~~~~~~~~~~~~~~~~~~~~~~~~~~~~~~~
/scratch/tacc/apps/intel19/boost/1.83.0/include/boost/mpl/assert.hpp:324:43: note: expanded from macro 'BOOST_MPL_ASSERT_NOT'
  324 |               boost::mpl::assert_not_arg( (void (*) pred)BOOST_NULLPTR, 1 ) \
      |                                           ^              ~~~~~~~~~~~~~
/scratch/tacc/apps/intel19/boost/1.83.0/include/boost/mpl/assert.hpp:60:58: note: expanded from macro '\
BOOST_MPL_AUX_ASSERT_CONSTANT'
   60 | #   define BOOST_MPL_AUX_ASSERT_CONSTANT(T, expr) enum { expr }
      |                                                          ^~~~
In file included from chemistrySolver/canteraChemistrySolvers.C:27:
In file included from lnInclude/canteraChemistryModel.H:47:
In file included from /work/09629/m_hland10/ls6/cantera/include/cantera/thermo/IdealGasPhase.h:14:
In file included from /work/09629/m_hland10/ls6/cantera/include/cantera/thermo/ThermoPhase.h:15:
In file included from /work/09629/m_hland10/ls6/cantera/include/cantera/thermo/MultiSpeciesThermo.h:13:
In file included from /work/09629/m_hland10/ls6/cantera/include/cantera/thermo/SpeciesThermoInterpType.h:17:
In file included from /work/09629/m_hland10/ls6/cantera/include/cantera/base/AnyMap.h:752:
In file included from /work/09629/m_hland10/ls6/cantera/include/cantera/base/AnyMap.inl.h:9:
In file included from /scratch/tacc/apps/intel19/boost/1.83.0/include/boost/algorithm/string.hpp:19:
In file included from /scratch/tacc/apps/intel19/boost/1.83.0/include/boost/algorithm/string/trim.hpp:19:
In file included from /scratch/tacc/apps/intel19/boost/1.83.0/include/boost/range/as_literal.hpp:18:
In file included from /scratch/tacc/apps/intel19/boost/1.83.0/include/boost/range/iterator_range.hpp:13:
In file included from /scratch/tacc/apps/intel19/boost/1.83.0/include/boost/range/iterator_range_core.hpp:27:
In file included from /scratch/tacc/apps/intel19/boost/1.83.0/include/boost/iterator/iterator_facade.hpp:13:
In file included from /scratch/tacc/apps/intel19/boost/1.83.0/include/boost/iterator/iterator_categories.hpp:16:
In file included from /scratch/tacc/apps/intel19/boost/1.83.0/include/boost/mpl/placeholders.hpp:24:
In file included from /scratch/tacc/apps/intel19/boost/1.83.0/include/boost/mpl/arg.hpp:37:
In file included from /scratch/tacc/apps/intel19/boost/1.83.0/include/boost/mpl/aux_/include_preprocessed.hpp:37:
/scratch/tacc/apps/intel19/boost/1.83.0/include/boost/mpl/aux_/preprocessed/gcc/arg.hpp:81:9: warning: use of old-style cast [-Wold-style-cast]
   81 |         BOOST_MPL_AUX_ASSERT_NOT_NA(type);
      |         ^~~~~~~~~~~~~~~~~~~~~~~~~~~~~~~~~
/scratch/tacc/apps/intel19/boost/1.83.0/include/boost/mpl/aux_/na_assert.hpp:25:5: note: expanded from macro 'BOOST_MPL_AUX_ASSERT_NOT_NA'
   25 |     BOOST_MPL_ASSERT_NOT((boost::mpl::is_na<type>)) \
      |     ^~~~~~~~~~~~~~~~~~~~~~~~~~~~~~~~~~~~~~~~~~~~~~~
/scratch/tacc/apps/intel19/boost/1.83.0/include/boost/mpl/assert.hpp:324:43: note: expanded from macro 'BOOST_MPL_ASSERT_NOT'
  324 |               boost::mpl::assert_not_arg( (void (*) pred)BOOST_NULLPTR, 1 ) \
      |                                           ^              ~~~~~~~~~~~~~
/scratch/tacc/apps/intel19/boost/1.83.0/include/boost/mpl/assert.hpp:60:58: note: expanded from macro '\
BOOST_MPL_AUX_ASSERT_CONSTANT'
   60 | #   define BOOST_MPL_AUX_ASSERT_CONSTANT(T, expr) enum { expr }
      |                                                          ^~~~
In file included from chemistrySolver/canteraChemistrySolvers.C:27:
In file included from lnInclude/canteraChemistryModel.H:47:
In file included from /work/09629/m_hland10/ls6/cantera/include/cantera/thermo/IdealGasPhase.h:14:
In file included from /work/09629/m_hland10/ls6/cantera/include/cantera/thermo/ThermoPhase.h:15:
In file included from /work/09629/m_hland10/ls6/cantera/include/cantera/thermo/MultiSpeciesThermo.h:13:
In file included from /work/09629/m_hland10/ls6/cantera/include/cantera/thermo/SpeciesThermoInterpType.h:17:
In file included from /work/09629/m_hland10/ls6/cantera/include/cantera/base/AnyMap.h:752:
In file included from /work/09629/m_hland10/ls6/cantera/include/cantera/base/AnyMap.inl.h:9:
In file included from /scratch/tacc/apps/intel19/boost/1.83.0/include/boost/algorithm/string.hpp:19:
In file included from /scratch/tacc/apps/intel19/boost/1.83.0/include/boost/algorithm/string/trim.hpp:19:
In file included from /scratch/tacc/apps/intel19/boost/1.83.0/include/boost/range/as_literal.hpp:18:
In file included from /scratch/tacc/apps/intel19/boost/1.83.0/include/boost/range/iterator_range.hpp:13:
In file included from /scratch/tacc/apps/intel19/boost/1.83.0/include/boost/range/iterator_range_core.hpp:27:
In file included from /scratch/tacc/apps/intel19/boost/1.83.0/include/boost/iterator/iterator_facade.hpp:13:
In file included from /scratch/tacc/apps/intel19/boost/1.83.0/include/boost/iterator/iterator_categories.hpp:16:
In file included from /scratch/tacc/apps/intel19/boost/1.83.0/include/boost/mpl/placeholders.hpp:24:
In file included from /scratch/tacc/apps/intel19/boost/1.83.0/include/boost/mpl/arg.hpp:37:
In file included from /scratch/tacc/apps/intel19/boost/1.83.0/include/boost/mpl/aux_/include_preprocessed.hpp:37:
/scratch/tacc/apps/intel19/boost/1.83.0/include/boost/mpl/aux_/preprocessed/gcc/arg.hpp:99:9: warning: use of old-style cast [-Wold-style-cast]
   99 |         BOOST_MPL_AUX_ASSERT_NOT_NA(type);
      |         ^~~~~~~~~~~~~~~~~~~~~~~~~~~~~~~~~
/scratch/tacc/apps/intel19/boost/1.83.0/include/boost/mpl/aux_/na_assert.hpp:25:5: note: expanded from macro 'BOOST_MPL_AUX_ASSERT_NOT_NA'
   25 |     BOOST_MPL_ASSERT_NOT((boost::mpl::is_na<type>)) \
      |     ^~~~~~~~~~~~~~~~~~~~~~~~~~~~~~~~~~~~~~~~~~~~~~~
/scratch/tacc/apps/intel19/boost/1.83.0/include/boost/mpl/assert.hpp:324:43: note: expanded from macro 'BOOST_MPL_ASSERT_NOT'
  324 |               boost::mpl::assert_not_arg( (void (*) pred)BOOST_NULLPTR, 1 ) \
      |                                           ^              ~~~~~~~~~~~~~
/scratch/tacc/apps/intel19/boost/1.83.0/include/boost/mpl/assert.hpp:60:58: note: expanded from macro '\
BOOST_MPL_AUX_ASSERT_CONSTANT'
   60 | #   define BOOST_MPL_AUX_ASSERT_CONSTANT(T, expr) enum { expr }
      |                                                          ^~~~
In file included from chemistrySolver/canteraChemistrySolvers.C:27:
In file included from lnInclude/canteraChemistryModel.H:47:
In file included from /work/09629/m_hland10/ls6/cantera/include/cantera/thermo/IdealGasPhase.h:14:
In file included from /work/09629/m_hland10/ls6/cantera/include/cantera/thermo/ThermoPhase.h:15:
In file included from /work/09629/m_hland10/ls6/cantera/include/cantera/thermo/MultiSpeciesThermo.h:13:
In file included from /work/09629/m_hland10/ls6/cantera/include/cantera/thermo/SpeciesThermoInterpType.h:17:
In file included from /work/09629/m_hland10/ls6/cantera/include/cantera/base/AnyMap.h:752:
In file included from /work/09629/m_hland10/ls6/cantera/include/cantera/base/AnyMap.inl.h:9:
In file included from /scratch/tacc/apps/intel19/boost/1.83.0/include/boost/algorithm/string.hpp:19:
In file included from /scratch/tacc/apps/intel19/boost/1.83.0/include/boost/algorithm/string/trim.hpp:19:
In file included from /scratch/tacc/apps/intel19/boost/1.83.0/include/boost/range/as_literal.hpp:18:
In file included from /scratch/tacc/apps/intel19/boost/1.83.0/include/boost/range/iterator_range.hpp:13:
In file included from /scratch/tacc/apps/intel19/boost/1.83.0/include/boost/range/iterator_range_core.hpp:27:
In file included from /scratch/tacc/apps/intel19/boost/1.83.0/include/boost/iterator/iterator_facade.hpp:13:
In file included from /scratch/tacc/apps/intel19/boost/1.83.0/include/boost/iterator/iterator_categories.hpp:16:
In file included from /scratch/tacc/apps/intel19/boost/1.83.0/include/boost/mpl/placeholders.hpp:24:
In file included from /scratch/tacc/apps/intel19/boost/1.83.0/include/boost/mpl/arg.hpp:37:
In file included from /scratch/tacc/apps/intel19/boost/1.83.0/include/boost/mpl/aux_/include_preprocessed.hpp:37:
/scratch/tacc/apps/intel19/boost/1.83.0/include/boost/mpl/aux_/preprocessed/gcc/arg.hpp:117:9: warning: use of old-style cast [-Wold-style-cast]
  117 |         BOOST_MPL_AUX_ASSERT_NOT_NA(type);
      |         ^~~~~~~~~~~~~~~~~~~~~~~~~~~~~~~~~
/scratch/tacc/apps/intel19/boost/1.83.0/include/boost/mpl/aux_/na_assert.hpp:25:5: note: expanded from macro 'BOOST_MPL_AUX_ASSERT_NOT_NA'
   25 |     BOOST_MPL_ASSERT_NOT((boost::mpl::is_na<type>)) \
      |     ^~~~~~~~~~~~~~~~~~~~~~~~~~~~~~~~~~~~~~~~~~~~~~~
/scratch/tacc/apps/intel19/boost/1.83.0/include/boost/mpl/assert.hpp:324:43: note: expanded from macro 'BOOST_MPL_ASSERT_NOT'
  324 |               boost::mpl::assert_not_arg( (void (*) pred)BOOST_NULLPTR, 1 ) \
      |                                           ^              ~~~~~~~~~~~~~
/scratch/tacc/apps/intel19/boost/1.83.0/include/boost/mpl/assert.hpp:60:58: note: expanded from macro '\
BOOST_MPL_AUX_ASSERT_CONSTANT'
   60 | #   define BOOST_MPL_AUX_ASSERT_CONSTANT(T, expr) enum { expr }
      |                                                          ^~~~
In file included from chemistrySolver/canteraChemistrySolvers.C:27:
In file included from lnInclude/canteraChemistryModel.H:47:
In file included from /work/09629/m_hland10/ls6/cantera/include/cantera/thermo/IdealGasPhase.h:14:
In file included from /work/09629/m_hland10/ls6/cantera/include/cantera/thermo/ThermoPhase.h:15:
In file included from /work/09629/m_hland10/ls6/cantera/include/cantera/thermo/MultiSpeciesThermo.h:13:
In file included from /work/09629/m_hland10/ls6/cantera/include/cantera/thermo/SpeciesThermoInterpType.h:17:
In file included from /work/09629/m_hland10/ls6/cantera/include/cantera/base/AnyMap.h:752:
In file included from /work/09629/m_hland10/ls6/cantera/include/cantera/base/AnyMap.inl.h:9:
In file included from /scratch/tacc/apps/intel19/boost/1.83.0/include/boost/algorithm/string.hpp:19:
In file included from /scratch/tacc/apps/intel19/boost/1.83.0/include/boost/algorithm/string/trim.hpp:19:
In file included from /scratch/tacc/apps/intel19/boost/1.83.0/include/boost/range/as_literal.hpp:18:
In file included from /scratch/tacc/apps/intel19/boost/1.83.0/include/boost/range/iterator_range.hpp:13:
In file included from /scratch/tacc/apps/intel19/boost/1.83.0/include/boost/range/iterator_range_core.hpp:27:
In file included from /scratch/tacc/apps/intel19/boost/1.83.0/include/boost/iterator/iterator_facade.hpp:36:
In file included from /scratch/tacc/apps/intel19/boost/1.83.0/include/boost/mpl/apply.hpp:25:
In file included from /scratch/tacc/apps/intel19/boost/1.83.0/include/boost/mpl/lambda.hpp:22:
In file included from /scratch/tacc/apps/intel19/boost/1.83.0/include/boost/mpl/aux_/full_lambda.hpp:29:
In file included from /scratch/tacc/apps/intel19/boost/1.83.0/include/boost/mpl/aux_/template_arity.hpp:43:
In file included from /scratch/tacc/apps/intel19/boost/1.83.0/include/boost/mpl/aux_/include_preprocessed.hpp:37:
/scratch/tacc/apps/intel19/boost/1.83.0/include/boost/mpl/aux_/preprocessed/gcc/template_arity.hpp:15:26: warning: use of old-style cast [-Wold-style-cast]
   15 |     typedef char (&type)[(unsigned)N + 1];
      |                          ^         ~
In file included from chemistrySolver/canteraChemistrySolvers.C:27:
In file included from lnInclude/canteraChemistryModel.H:47:
In file included from /work/09629/m_hland10/ls6/cantera/include/cantera/thermo/IdealGasPhase.h:14:
In file included from /work/09629/m_hland10/ls6/cantera/include/cantera/thermo/ThermoPhase.h:15:
In file included from /work/09629/m_hland10/ls6/cantera/include/cantera/thermo/MultiSpeciesThermo.h:13:
In file included from /work/09629/m_hland10/ls6/cantera/include/cantera/thermo/SpeciesThermoInterpType.h:17:
In file included from /work/09629/m_hland10/ls6/cantera/include/cantera/base/AnyMap.h:752:
In file included from /work/09629/m_hland10/ls6/cantera/include/cantera/base/AnyMap.inl.h:9:
In file included from /scratch/tacc/apps/intel19/boost/1.83.0/include/boost/algorithm/string.hpp:19:
In file included from /scratch/tacc/apps/intel19/boost/1.83.0/include/boost/algorithm/string/trim.hpp:19:
In file included from /scratch/tacc/apps/intel19/boost/1.83.0/include/boost/range/as_literal.hpp:18:
In file included from /scratch/tacc/apps/intel19/boost/1.83.0/include/boost/range/iterator_range.hpp:13:
In file included from /scratch/tacc/apps/intel19/boost/1.83.0/include/boost/range/iterator_range_core.hpp:38:
In file included from /scratch/tacc/apps/intel19/boost/1.83.0/include/boost/range/functions.hpp:20:
In file included from /scratch/tacc/apps/intel19/boost/1.83.0/include/boost/range/size.hpp:21:
In file included from /scratch/tacc/apps/intel19/boost/1.83.0/include/boost/range/size_type.hpp:20:
In file included from /scratch/tacc/apps/intel19/boost/1.83.0/include/boost/range/concepts.hpp:19:
In file included from /scratch/tacc/apps/intel19/boost/1.83.0/include/boost/concept_check.hpp:20:
In file included from /scratch/tacc/apps/intel19/boost/1.83.0/include/boost/concept/assert.hpp:35:
In file included from /scratch/tacc/apps/intel19/boost/1.83.0/include/boost/concept/detail/general.hpp:12:
/scratch/tacc/apps/intel19/boost/1.83.0/include/boost/concept/detail/has_constraints.hpp:44:50: warning: use of old-style cast [-Wold-style-cast]
   44 |       , value = sizeof( detail::has_constraints_((Model*)0) ) == sizeof(detail::yes) );
      |                                                  ^       ~
/scratch/tacc/apps/intel19/boost/1.83.0/include/boost/config/detail/suffix.hpp:410:72: note: expanded from macro 'BOOST_STATIC_CONSTANT'
  410 | #     define BOOST_STATIC_CONSTANT(type, assignment) static const type assignment
      |                                                                        ^~~~~~~~~~
In file included from chemistrySolver/canteraChemistrySolvers.C:27:
In file included from lnInclude/canteraChemistryModel.H:47:
In file included from /work/09629/m_hland10/ls6/cantera/include/cantera/thermo/IdealGasPhase.h:14:
In file included from /work/09629/m_hland10/ls6/cantera/include/cantera/thermo/ThermoPhase.h:15:
In file included from /work/09629/m_hland10/ls6/cantera/include/cantera/thermo/MultiSpeciesThermo.h:13:
In file included from /work/09629/m_hland10/ls6/cantera/include/cantera/thermo/SpeciesThermoInterpType.h:17:
In file included from /work/09629/m_hland10/ls6/cantera/include/cantera/base/AnyMap.h:752:
In file included from /work/09629/m_hland10/ls6/cantera/include/cantera/base/AnyMap.inl.h:9:
In file included from /scratch/tacc/apps/intel19/boost/1.83.0/include/boost/algorithm/string.hpp:19:
In file included from /scratch/tacc/apps/intel19/boost/1.83.0/include/boost/algorithm/string/trim.hpp:19:
In file included from /scratch/tacc/apps/intel19/boost/1.83.0/include/boost/range/as_literal.hpp:18:
In file included from /scratch/tacc/apps/intel19/boost/1.83.0/include/boost/range/iterator_range.hpp:13:
In file included from /scratch/tacc/apps/intel19/boost/1.83.0/include/boost/range/iterator_range_core.hpp:38:
In file included from /scratch/tacc/apps/intel19/boost/1.83.0/include/boost/range/functions.hpp:20:
In file included from /scratch/tacc/apps/intel19/boost/1.83.0/include/boost/range/size.hpp:21:
In file included from /scratch/tacc/apps/intel19/boost/1.83.0/include/boost/range/size_type.hpp:20:
In file included from /scratch/tacc/apps/intel19/boost/1.83.0/include/boost/range/concepts.hpp:19:
In file included from /scratch/tacc/apps/intel19/boost/1.83.0/include/boost/concept_check.hpp:20:
In file included from /scratch/tacc/apps/intel19/boost/1.83.0/include/boost/concept/assert.hpp:35:
/scratch/tacc/apps/intel19/boost/1.83.0/include/boost/concept/detail/general.hpp:35:29: warning: use of old-style cast [-Wold-style-cast]
   35 |     static void failed() { ((Model*)0)->~Model(); }
      |                             ^       ~
/scratch/tacc/apps/intel19/boost/1.83.0/include/boost/concept/detail/general.hpp:50:29: warning: use of old-style cast [-Wold-style-cast]
   50 |     static void failed() { ((Model*)0)->~Model(); }
      |                             ^       ~
/scratch/tacc/apps/intel19/boost/1.83.0/include/boost/concept/detail/general.hpp:65:29: warning: use of old-style cast [-Wold-style-cast]
   65 |     static void failed() { ((Model*)0)->constraints(); }
      |                             ^       ~
In file included from chemistrySolver/canteraChemistrySolvers.C:27:
In file included from lnInclude/canteraChemistryModel.H:47:
In file included from /work/09629/m_hland10/ls6/cantera/include/cantera/thermo/IdealGasPhase.h:14:
In file included from /work/09629/m_hland10/ls6/cantera/include/cantera/thermo/ThermoPhase.h:15:
In file included from /work/09629/m_hland10/ls6/cantera/include/cantera/thermo/MultiSpeciesThermo.h:13:
In file included from /work/09629/m_hland10/ls6/cantera/include/cantera/thermo/SpeciesThermoInterpType.h:17:
In file included from /work/09629/m_hland10/ls6/cantera/include/cantera/base/AnyMap.h:752:
In file included from /work/09629/m_hland10/ls6/cantera/include/cantera/base/AnyMap.inl.h:9:
In file included from /scratch/tacc/apps/intel19/boost/1.83.0/include/boost/algorithm/string.hpp:19:
In file included from /scratch/tacc/apps/intel19/boost/1.83.0/include/boost/algorithm/string/trim.hpp:19:
In file included from /scratch/tacc/apps/intel19/boost/1.83.0/include/boost/range/as_literal.hpp:18:
In file included from /scratch/tacc/apps/intel19/boost/1.83.0/include/boost/range/iterator_range.hpp:13:
In file included from /scratch/tacc/apps/intel19/boost/1.83.0/include/boost/range/iterator_range_core.hpp:38:
In file included from /scratch/tacc/apps/intel19/boost/1.83.0/include/boost/range/functions.hpp:20:
In file included from /scratch/tacc/apps/intel19/boost/1.83.0/include/boost/range/size.hpp:21:
In file included from /scratch/tacc/apps/intel19/boost/1.83.0/include/boost/range/size_type.hpp:20:
In file included from /scratch/tacc/apps/intel19/boost/1.83.0/include/boost/range/concepts.hpp:19:
In file included from /scratch/tacc/apps/intel19/boost/1.83.0/include/boost/concept_check.hpp:31:
/scratch/tacc/apps/intel19/boost/1.83.0/include/boost/concept/usage.hpp:20:30: warning: use of old-style cast [-Wold-style-cast]
   20 |     ~usage_requirements() { ((Model*)0)->~Model(); }
      |                              ^       ~
In file included from chemistrySolver/canteraChemistrySolvers.C:27:
In file included from lnInclude/canteraChemistryModel.H:47:
In file included from /work/09629/m_hland10/ls6/cantera/include/cantera/thermo/IdealGasPhase.h:14:
In file included from /work/09629/m_hland10/ls6/cantera/include/cantera/thermo/ThermoPhase.h:15:
In file included from /work/09629/m_hland10/ls6/cantera/include/cantera/thermo/MultiSpeciesThermo.h:13:
In file included from /work/09629/m_hland10/ls6/cantera/include/cantera/thermo/SpeciesThermoInterpType.h:17:
In file included from /work/09629/m_hland10/ls6/cantera/include/cantera/base/AnyMap.h:752:
In file included from /work/09629/m_hland10/ls6/cantera/include/cantera/base/AnyMap.inl.h:9:
In file included from /scratch/tacc/apps/intel19/boost/1.83.0/include/boost/algorithm/string.hpp:19:
In file included from /scratch/tacc/apps/intel19/boost/1.83.0/include/boost/algorithm/string/trim.hpp:19:
In file included from /scratch/tacc/apps/intel19/boost/1.83.0/include/boost/range/as_literal.hpp:18:
In file included from /scratch/tacc/apps/intel19/boost/1.83.0/include/boost/range/iterator_range.hpp:13:
In file included from /scratch/tacc/apps/intel19/boost/1.83.0/include/boost/range/iterator_range_core.hpp:38:
In file included from /scratch/tacc/apps/intel19/boost/1.83.0/include/boost/range/functions.hpp:20:
In file included from /scratch/tacc/apps/intel19/boost/1.83.0/include/boost/range/size.hpp:21:
In file included from /scratch/tacc/apps/intel19/boost/1.83.0/include/boost/range/size_type.hpp:20:
/scratch/tacc/apps/intel19/boost/1.83.0/include/boost/range/concepts.hpp:188:13: warning: use of old-style cast [-Wold-style-cast]
  188 |             BOOST_MPL_ASSERT((is_integral<difference_type>));
      |             ^~~~~~~~~~~~~~~~~~~~~~~~~~~~~~~~~~~~~~~~~~~~~~~~
/scratch/tacc/apps/intel19/boost/1.83.0/include/boost/mpl/assert.hpp:300:39: note: expanded from macro 'BOOST_MPL_ASSERT'
  300 |               boost::mpl::assert_arg( (void (*) pred)BOOST_NULLPTR, 1 ) \
      |                                       ^              ~~~~~~~~~~~~~
/scratch/tacc/apps/intel19/boost/1.83.0/include/boost/mpl/assert.hpp:60:58: note: expanded from macro '\
BOOST_MPL_AUX_ASSERT_CONSTANT'
   60 | #   define BOOST_MPL_AUX_ASSERT_CONSTANT(T, expr) enum { expr }
      |                                                          ^~~~
In file included from chemistrySolver/canteraChemistrySolvers.C:27:
In file included from lnInclude/canteraChemistryModel.H:47:
In file included from /work/09629/m_hland10/ls6/cantera/include/cantera/thermo/IdealGasPhase.h:14:
In file included from /work/09629/m_hland10/ls6/cantera/include/cantera/thermo/ThermoPhase.h:15:
In file included from /work/09629/m_hland10/ls6/cantera/include/cantera/thermo/MultiSpeciesThermo.h:13:
In file included from /work/09629/m_hland10/ls6/cantera/include/cantera/thermo/SpeciesThermoInterpType.h:17:
In file included from /work/09629/m_hland10/ls6/cantera/include/cantera/base/AnyMap.h:752:
In file included from /work/09629/m_hland10/ls6/cantera/include/cantera/base/AnyMap.inl.h:9:
In file included from /scratch/tacc/apps/intel19/boost/1.83.0/include/boost/algorithm/string.hpp:19:
In file included from /scratch/tacc/apps/intel19/boost/1.83.0/include/boost/algorithm/string/trim.hpp:19:
In file included from /scratch/tacc/apps/intel19/boost/1.83.0/include/boost/range/as_literal.hpp:18:
In file included from /scratch/tacc/apps/intel19/boost/1.83.0/include/boost/range/iterator_range.hpp:13:
In file included from /scratch/tacc/apps/intel19/boost/1.83.0/include/boost/range/iterator_range_core.hpp:38:
In file included from /scratch/tacc/apps/intel19/boost/1.83.0/include/boost/range/functions.hpp:20:
In file included from /scratch/tacc/apps/intel19/boost/1.83.0/include/boost/range/size.hpp:21:
In file included from /scratch/tacc/apps/intel19/boost/1.83.0/include/boost/range/size_type.hpp:20:
/scratch/tacc/apps/intel19/boost/1.83.0/include/boost/range/concepts.hpp:189:13: warning: use of old-style cast [-Wold-style-cast]
  189 |             BOOST_MPL_ASSERT_RELATION(std::numeric_limits<difference_type>::is_signed, ==, true);
      |             ^~~~~~~~~~~~~~~~~~~~~~~~~~~~~~~~~~~~~~~~~~~~~~~~~~~~~~~~~~~~~~~~~~~~~~~~~~~~~~~~~~~~
/scratch/tacc/apps/intel19/boost/1.83.0/include/boost/mpl/assert.hpp:379:49: note: expanded from macro 'BOOST_MPL_ASSERT_RELATION'
  379 | #   define BOOST_MPL_ASSERT_RELATION(x, rel, y) \
      |                                                 ^
  380 | BOOST_MPL_ASSERT_RELATION_IMPL(BOOST_MPL_AUX_PP_COUNTER(), x, rel, y) \
      | ~~~~~~~~~~~~~~~~~~~~~~~~~~~~~~~~~~~~~~~~~~~~~~~~~~~~~~~~~~~~~~~~~~~~~
/scratch/tacc/apps/intel19/boost/1.83.0/include/boost/mpl/assert.hpp:345:13: note: expanded from macro '\
BOOST_MPL_ASSERT_RELATION_IMPL'
  345 |             (boost::mpl::failed ************ ( boost::mpl::assert_relation< \
      |             ^
  346 |                   boost::mpl::assert_::relations( sizeof( \
  347 |                       boost::mpl::assert_::arg rel boost::mpl::assert_::arg \
  348 |                     ) ) \
  349 |                 , x \
  350 |                 , y \
  351 |                 >::************)) 0 ) \
      |                                   ~
/scratch/tacc/apps/intel19/boost/1.83.0/include/boost/mpl/assert.hpp:60:58: note: expanded from macro '\
BOOST_MPL_AUX_ASSERT_CONSTANT'
   60 | #   define BOOST_MPL_AUX_ASSERT_CONSTANT(T, expr) enum { expr }
      |                                                          ^~~~
In file included from chemistrySolver/canteraChemistrySolvers.C:27:
In file included from lnInclude/canteraChemistryModel.H:47:
In file included from /work/09629/m_hland10/ls6/cantera/include/cantera/thermo/IdealGasPhase.h:14:
In file included from /work/09629/m_hland10/ls6/cantera/include/cantera/thermo/ThermoPhase.h:15:
In file included from /work/09629/m_hland10/ls6/cantera/include/cantera/thermo/MultiSpeciesThermo.h:13:
In file included from /work/09629/m_hland10/ls6/cantera/include/cantera/thermo/SpeciesThermoInterpType.h:17:
In file included from /work/09629/m_hland10/ls6/cantera/include/cantera/base/AnyMap.h:752:
In file included from /work/09629/m_hland10/ls6/cantera/include/cantera/base/AnyMap.inl.h:9:
In file included from /scratch/tacc/apps/intel19/boost/1.83.0/include/boost/algorithm/string.hpp:23:
In file included from /scratch/tacc/apps/intel19/boost/1.83.0/include/boost/algorithm/string/split.hpp:16:
In file included from /scratch/tacc/apps/intel19/boost/1.83.0/include/boost/algorithm/string/iter_find.hpp:27:
In file included from /scratch/tacc/apps/intel19/boost/1.83.0/include/boost/algorithm/string/find_iterator.hpp:24:
In file included from /scratch/tacc/apps/intel19/boost/1.83.0/include/boost/algorithm/string/detail/find_iterator.hpp:18:
In file included from /scratch/tacc/apps/intel19/boost/1.83.0/include/boost/function.hpp:70:
In file included from /scratch/tacc/apps/intel19/boost/1.83.0/include/boost/preprocessor/iteration/detail/iter/forward1.hpp:1343:
In file included from /scratch/tacc/apps/intel19/boost/1.83.0/include/boost/preprocessor/iteration/detail/iter/limits/forward1_256.hpp:14:
In file included from /scratch/tacc/apps/intel19/boost/1.83.0/include/boost/function/detail/function_iterate.hpp:14:
In file included from /scratch/tacc/apps/intel19/boost/1.83.0/include/boost/function/detail/maybe_include.hpp:15:
/scratch/tacc/apps/intel19/boost/1.83.0/include/boost/function/function_template.hpp:646:45: warning: use of old-style cast [-Wold-style-cast]
  646 |           functor.members.obj_ref.obj_ptr = (void *)(f.get_pointer());
      |                                             ^       ~~~~~~~~~~~~~~~~~
In file included from chemistrySolver/canteraChemistrySolvers.C:27:
In file included from lnInclude/canteraChemistryModel.H:47:
In file included from /work/09629/m_hland10/ls6/cantera/include/cantera/thermo/IdealGasPhase.h:14:
In file included from /work/09629/m_hland10/ls6/cantera/include/cantera/thermo/ThermoPhase.h:15:
In file included from /work/09629/m_hland10/ls6/cantera/include/cantera/thermo/MultiSpeciesThermo.h:13:
In file included from /work/09629/m_hland10/ls6/cantera/include/cantera/thermo/SpeciesThermoInterpType.h:17:
In file included from /work/09629/m_hland10/ls6/cantera/include/cantera/base/AnyMap.h:752:
In file included from /work/09629/m_hland10/ls6/cantera/include/cantera/base/AnyMap.inl.h:9:
In file included from /scratch/tacc/apps/intel19/boost/1.83.0/include/boost/algorithm/string.hpp:23:
In file included from /scratch/tacc/apps/intel19/boost/1.83.0/include/boost/algorithm/string/split.hpp:16:
In file included from /scratch/tacc/apps/intel19/boost/1.83.0/include/boost/algorithm/string/iter_find.hpp:27:
In file included from /scratch/tacc/apps/intel19/boost/1.83.0/include/boost/algorithm/string/find_iterator.hpp:24:
In file included from /scratch/tacc/apps/intel19/boost/1.83.0/include/boost/algorithm/string/detail/find_iterator.hpp:18:
In file included from /scratch/tacc/apps/intel19/boost/1.83.0/include/boost/function.hpp:70:
In file included from /scratch/tacc/apps/intel19/boost/1.83.0/include/boost/preprocessor/iteration/detail/iter/forward1.hpp:1343:
In file included from /scratch/tacc/apps/intel19/boost/1.83.0/include/boost/preprocessor/iteration/detail/iter/limits/forward1_256.hpp:19:
In file included from /scratch/tacc/apps/intel19/boost/1.83.0/include/boost/function/detail/function_iterate.hpp:14:
In file included from /scratch/tacc/apps/intel19/boost/1.83.0/include/boost/function/detail/maybe_include.hpp:22:
/scratch/tacc/apps/intel19/boost/1.83.0/include/boost/function/function_template.hpp:646:45: warning: use of old-style cast [-Wold-style-cast]
  646 |           functor.members.obj_ref.obj_ptr = (void *)(f.get_pointer());
      |                                             ^       ~~~~~~~~~~~~~~~~~
In file included from chemistrySolver/canteraChemistrySolvers.C:27:
In file included from lnInclude/canteraChemistryModel.H:47:
In file included from /work/09629/m_hland10/ls6/cantera/include/cantera/thermo/IdealGasPhase.h:14:
In file included from /work/09629/m_hland10/ls6/cantera/include/cantera/thermo/ThermoPhase.h:15:
In file included from /work/09629/m_hland10/ls6/cantera/include/cantera/thermo/MultiSpeciesThermo.h:13:
In file included from /work/09629/m_hland10/ls6/cantera/include/cantera/thermo/SpeciesThermoInterpType.h:17:
In file included from /work/09629/m_hland10/ls6/cantera/include/cantera/base/AnyMap.h:752:
In file included from /work/09629/m_hland10/ls6/cantera/include/cantera/base/AnyMap.inl.h:9:
In file included from /scratch/tacc/apps/intel19/boost/1.83.0/include/boost/algorithm/string.hpp:23:
In file included from /scratch/tacc/apps/intel19/boost/1.83.0/include/boost/algorithm/string/split.hpp:16:
In file included from /scratch/tacc/apps/intel19/boost/1.83.0/include/boost/algorithm/string/iter_find.hpp:27:
In file included from /scratch/tacc/apps/intel19/boost/1.83.0/include/boost/algorithm/string/find_iterator.hpp:24:
In file included from /scratch/tacc/apps/intel19/boost/1.83.0/include/boost/algorithm/string/detail/find_iterator.hpp:18:
In file included from /scratch/tacc/apps/intel19/boost/1.83.0/include/boost/function.hpp:70:
In file included from /scratch/tacc/apps/intel19/boost/1.83.0/include/boost/preprocessor/iteration/detail/iter/forward1.hpp:1343:
In file included from /scratch/tacc/apps/intel19/boost/1.83.0/include/boost/preprocessor/iteration/detail/iter/limits/forward1_256.hpp:24:
In file included from /scratch/tacc/apps/intel19/boost/1.83.0/include/boost/function/detail/function_iterate.hpp:14:
In file included from /scratch/tacc/apps/intel19/boost/1.83.0/include/boost/function/detail/maybe_include.hpp:29:
/scratch/tacc/apps/intel19/boost/1.83.0/include/boost/function/function_template.hpp:646:45: warning: use of old-style cast [-Wold-style-cast]
  646 |           functor.members.obj_ref.obj_ptr = (void *)(f.get_pointer());
      |                                             ^       ~~~~~~~~~~~~~~~~~
In file included from chemistrySolver/canteraChemistrySolvers.C:27:
In file included from lnInclude/canteraChemistryModel.H:47:
In file included from /work/09629/m_hland10/ls6/cantera/include/cantera/thermo/IdealGasPhase.h:14:
In file included from /work/09629/m_hland10/ls6/cantera/include/cantera/thermo/ThermoPhase.h:15:
In file included from /work/09629/m_hland10/ls6/cantera/include/cantera/thermo/MultiSpeciesThermo.h:13:
In file included from /work/09629/m_hland10/ls6/cantera/include/cantera/thermo/SpeciesThermoInterpType.h:17:
In file included from /work/09629/m_hland10/ls6/cantera/include/cantera/base/AnyMap.h:752:
In file included from /work/09629/m_hland10/ls6/cantera/include/cantera/base/AnyMap.inl.h:9:
In file included from /scratch/tacc/apps/intel19/boost/1.83.0/include/boost/algorithm/string.hpp:23:
In file included from /scratch/tacc/apps/intel19/boost/1.83.0/include/boost/algorithm/string/split.hpp:16:
In file included from /scratch/tacc/apps/intel19/boost/1.83.0/include/boost/algorithm/string/iter_find.hpp:27:
In file included from /scratch/tacc/apps/intel19/boost/1.83.0/include/boost/algorithm/string/find_iterator.hpp:24:
In file included from /scratch/tacc/apps/intel19/boost/1.83.0/include/boost/algorithm/string/detail/find_iterator.hpp:18:
In file included from /scratch/tacc/apps/intel19/boost/1.83.0/include/boost/function.hpp:70:
In file included from /scratch/tacc/apps/intel19/boost/1.83.0/include/boost/preprocessor/iteration/detail/iter/forward1.hpp:1343:
In file included from /scratch/tacc/apps/intel19/boost/1.83.0/include/boost/preprocessor/iteration/detail/iter/limits/forward1_256.hpp:29:
In file included from /scratch/tacc/apps/intel19/boost/1.83.0/include/boost/function/detail/function_iterate.hpp:14:
In file included from /scratch/tacc/apps/intel19/boost/1.83.0/include/boost/function/detail/maybe_include.hpp:36:
/scratch/tacc/apps/intel19/boost/1.83.0/include/boost/function/function_template.hpp:646:45: warning: use of old-style cast [-Wold-style-cast]
  646 |           functor.members.obj_ref.obj_ptr = (void *)(f.get_pointer());
      |                                             ^       ~~~~~~~~~~~~~~~~~
In file included from chemistrySolver/canteraChemistrySolvers.C:27:
In file included from lnInclude/canteraChemistryModel.H:47:
In file included from /work/09629/m_hland10/ls6/cantera/include/cantera/thermo/IdealGasPhase.h:14:
In file included from /work/09629/m_hland10/ls6/cantera/include/cantera/thermo/ThermoPhase.h:15:
In file included from /work/09629/m_hland10/ls6/cantera/include/cantera/thermo/MultiSpeciesThermo.h:13:
In file included from /work/09629/m_hland10/ls6/cantera/include/cantera/thermo/SpeciesThermoInterpType.h:17:
In file included from /work/09629/m_hland10/ls6/cantera/include/cantera/base/AnyMap.h:752:
In file included from /work/09629/m_hland10/ls6/cantera/include/cantera/base/AnyMap.inl.h:9:
In file included from /scratch/tacc/apps/intel19/boost/1.83.0/include/boost/algorithm/string.hpp:23:
In file included from /scratch/tacc/apps/intel19/boost/1.83.0/include/boost/algorithm/string/split.hpp:16:
In file included from /scratch/tacc/apps/intel19/boost/1.83.0/include/boost/algorithm/string/iter_find.hpp:27:
In file included from /scratch/tacc/apps/intel19/boost/1.83.0/include/boost/algorithm/string/find_iterator.hpp:24:
In file included from /scratch/tacc/apps/intel19/boost/1.83.0/include/boost/algorithm/string/detail/find_iterator.hpp:18:
In file included from /scratch/tacc/apps/intel19/boost/1.83.0/include/boost/function.hpp:70:
In file included from /scratch/tacc/apps/intel19/boost/1.83.0/include/boost/preprocessor/iteration/detail/iter/forward1.hpp:1343:
In file included from /scratch/tacc/apps/intel19/boost/1.83.0/include/boost/preprocessor/iteration/detail/iter/limits/forward1_256.hpp:34:
In file included from /scratch/tacc/apps/intel19/boost/1.83.0/include/boost/function/detail/function_iterate.hpp:14:
In file included from /scratch/tacc/apps/intel19/boost/1.83.0/include/boost/function/detail/maybe_include.hpp:43:
/scratch/tacc/apps/intel19/boost/1.83.0/include/boost/function/function_template.hpp:646:45: warning: use of old-style cast [-Wold-style-cast]
  646 |           functor.members.obj_ref.obj_ptr = (void *)(f.get_pointer());
      |                                             ^       ~~~~~~~~~~~~~~~~~
In file included from chemistrySolver/canteraChemistrySolvers.C:27:
In file included from lnInclude/canteraChemistryModel.H:47:
In file included from /work/09629/m_hland10/ls6/cantera/include/cantera/thermo/IdealGasPhase.h:14:
In file included from /work/09629/m_hland10/ls6/cantera/include/cantera/thermo/ThermoPhase.h:15:
In file included from /work/09629/m_hland10/ls6/cantera/include/cantera/thermo/MultiSpeciesThermo.h:13:
In file included from /work/09629/m_hland10/ls6/cantera/include/cantera/thermo/SpeciesThermoInterpType.h:17:
In file included from /work/09629/m_hland10/ls6/cantera/include/cantera/base/AnyMap.h:752:
In file included from /work/09629/m_hland10/ls6/cantera/include/cantera/base/AnyMap.inl.h:9:
In file included from /scratch/tacc/apps/intel19/boost/1.83.0/include/boost/algorithm/string.hpp:23:
In file included from /scratch/tacc/apps/intel19/boost/1.83.0/include/boost/algorithm/string/split.hpp:16:
In file included from /scratch/tacc/apps/intel19/boost/1.83.0/include/boost/algorithm/string/iter_find.hpp:27:
In file included from /scratch/tacc/apps/intel19/boost/1.83.0/include/boost/algorithm/string/find_iterator.hpp:24:
In file included from /scratch/tacc/apps/intel19/boost/1.83.0/include/boost/algorithm/string/detail/find_iterator.hpp:18:
In file included from /scratch/tacc/apps/intel19/boost/1.83.0/include/boost/function.hpp:70:
In file included from /scratch/tacc/apps/intel19/boost/1.83.0/include/boost/preprocessor/iteration/detail/iter/forward1.hpp:1343:
In file included from /scratch/tacc/apps/intel19/boost/1.83.0/include/boost/preprocessor/iteration/detail/iter/limits/forward1_256.hpp:39:
In file included from /scratch/tacc/apps/intel19/boost/1.83.0/include/boost/function/detail/function_iterate.hpp:14:
In file included from /scratch/tacc/apps/intel19/boost/1.83.0/include/boost/function/detail/maybe_include.hpp:50:
/scratch/tacc/apps/intel19/boost/1.83.0/include/boost/function/function_template.hpp:646:45: warning: use of old-style cast [-Wold-style-cast]
  646 |           functor.members.obj_ref.obj_ptr = (void *)(f.get_pointer());
      |                                             ^       ~~~~~~~~~~~~~~~~~
In file included from chemistrySolver/canteraChemistrySolvers.C:27:
In file included from lnInclude/canteraChemistryModel.H:47:
In file included from /work/09629/m_hland10/ls6/cantera/include/cantera/thermo/IdealGasPhase.h:14:
In file included from /work/09629/m_hland10/ls6/cantera/include/cantera/thermo/ThermoPhase.h:15:
In file included from /work/09629/m_hland10/ls6/cantera/include/cantera/thermo/MultiSpeciesThermo.h:13:
In file included from /work/09629/m_hland10/ls6/cantera/include/cantera/thermo/SpeciesThermoInterpType.h:17:
In file included from /work/09629/m_hland10/ls6/cantera/include/cantera/base/AnyMap.h:752:
In file included from /work/09629/m_hland10/ls6/cantera/include/cantera/base/AnyMap.inl.h:9:
In file included from /scratch/tacc/apps/intel19/boost/1.83.0/include/boost/algorithm/string.hpp:23:
In file included from /scratch/tacc/apps/intel19/boost/1.83.0/include/boost/algorithm/string/split.hpp:16:
In file included from /scratch/tacc/apps/intel19/boost/1.83.0/include/boost/algorithm/string/iter_find.hpp:27:
In file included from /scratch/tacc/apps/intel19/boost/1.83.0/include/boost/algorithm/string/find_iterator.hpp:24:
In file included from /scratch/tacc/apps/intel19/boost/1.83.0/include/boost/algorithm/string/detail/find_iterator.hpp:18:
In file included from /scratch/tacc/apps/intel19/boost/1.83.0/include/boost/function.hpp:70:
In file included from /scratch/tacc/apps/intel19/boost/1.83.0/include/boost/preprocessor/iteration/detail/iter/forward1.hpp:1343:
In file included from /scratch/tacc/apps/intel19/boost/1.83.0/include/boost/preprocessor/iteration/detail/iter/limits/forward1_256.hpp:44:
In file included from /scratch/tacc/apps/intel19/boost/1.83.0/include/boost/function/detail/function_iterate.hpp:14:
In file included from /scratch/tacc/apps/intel19/boost/1.83.0/include/boost/function/detail/maybe_include.hpp:57:
/scratch/tacc/apps/intel19/boost/1.83.0/include/boost/function/function_template.hpp:646:45: warning: use of old-style cast [-Wold-style-cast]
  646 |           functor.members.obj_ref.obj_ptr = (void *)(f.get_pointer());
      |                                             ^       ~~~~~~~~~~~~~~~~~
In file included from chemistrySolver/canteraChemistrySolvers.C:27:
In file included from lnInclude/canteraChemistryModel.H:47:
In file included from /work/09629/m_hland10/ls6/cantera/include/cantera/thermo/IdealGasPhase.h:14:
In file included from /work/09629/m_hland10/ls6/cantera/include/cantera/thermo/ThermoPhase.h:15:
In file included from /work/09629/m_hland10/ls6/cantera/include/cantera/thermo/MultiSpeciesThermo.h:13:
In file included from /work/09629/m_hland10/ls6/cantera/include/cantera/thermo/SpeciesThermoInterpType.h:17:
In file included from /work/09629/m_hland10/ls6/cantera/include/cantera/base/AnyMap.h:752:
In file included from /work/09629/m_hland10/ls6/cantera/include/cantera/base/AnyMap.inl.h:9:
In file included from /scratch/tacc/apps/intel19/boost/1.83.0/include/boost/algorithm/string.hpp:23:
In file included from /scratch/tacc/apps/intel19/boost/1.83.0/include/boost/algorithm/string/split.hpp:16:
In file included from /scratch/tacc/apps/intel19/boost/1.83.0/include/boost/algorithm/string/iter_find.hpp:27:
In file included from /scratch/tacc/apps/intel19/boost/1.83.0/include/boost/algorithm/string/find_iterator.hpp:24:
In file included from /scratch/tacc/apps/intel19/boost/1.83.0/include/boost/algorithm/string/detail/find_iterator.hpp:18:
In file included from /scratch/tacc/apps/intel19/boost/1.83.0/include/boost/function.hpp:70:
In file included from /scratch/tacc/apps/intel19/boost/1.83.0/include/boost/preprocessor/iteration/detail/iter/forward1.hpp:1343:
In file included from /scratch/tacc/apps/intel19/boost/1.83.0/include/boost/preprocessor/iteration/detail/iter/limits/forward1_256.hpp:49:
In file included from /scratch/tacc/apps/intel19/boost/1.83.0/include/boost/function/detail/function_iterate.hpp:14:
In file included from /scratch/tacc/apps/intel19/boost/1.83.0/include/boost/function/detail/maybe_include.hpp:64:
/scratch/tacc/apps/intel19/boost/1.83.0/include/boost/function/function_template.hpp:646:45: warning: use of old-style cast [-Wold-style-cast]
  646 |           functor.members.obj_ref.obj_ptr = (void *)(f.get_pointer());
      |                                             ^       ~~~~~~~~~~~~~~~~~
In file included from chemistrySolver/canteraChemistrySolvers.C:27:
In file included from lnInclude/canteraChemistryModel.H:47:
In file included from /work/09629/m_hland10/ls6/cantera/include/cantera/thermo/IdealGasPhase.h:14:
In file included from /work/09629/m_hland10/ls6/cantera/include/cantera/thermo/ThermoPhase.h:15:
In file included from /work/09629/m_hland10/ls6/cantera/include/cantera/thermo/MultiSpeciesThermo.h:13:
In file included from /work/09629/m_hland10/ls6/cantera/include/cantera/thermo/SpeciesThermoInterpType.h:17:
In file included from /work/09629/m_hland10/ls6/cantera/include/cantera/base/AnyMap.h:752:
In file included from /work/09629/m_hland10/ls6/cantera/include/cantera/base/AnyMap.inl.h:9:
In file included from /scratch/tacc/apps/intel19/boost/1.83.0/include/boost/algorithm/string.hpp:23:
In file included from /scratch/tacc/apps/intel19/boost/1.83.0/include/boost/algorithm/string/split.hpp:16:
In file included from /scratch/tacc/apps/intel19/boost/1.83.0/include/boost/algorithm/string/iter_find.hpp:27:
In file included from /scratch/tacc/apps/intel19/boost/1.83.0/include/boost/algorithm/string/find_iterator.hpp:24:
In file included from /scratch/tacc/apps/intel19/boost/1.83.0/include/boost/algorithm/string/detail/find_iterator.hpp:18:
In file included from /scratch/tacc/apps/intel19/boost/1.83.0/include/boost/function.hpp:70:
In file included from /scratch/tacc/apps/intel19/boost/1.83.0/include/boost/preprocessor/iteration/detail/iter/forward1.hpp:1343:
In file included from /scratch/tacc/apps/intel19/boost/1.83.0/include/boost/preprocessor/iteration/detail/iter/limits/forward1_256.hpp:54:
In file included from /scratch/tacc/apps/intel19/boost/1.83.0/include/boost/function/detail/function_iterate.hpp:14:
In file included from /scratch/tacc/apps/intel19/boost/1.83.0/include/boost/function/detail/maybe_include.hpp:71:
/scratch/tacc/apps/intel19/boost/1.83.0/include/boost/function/function_template.hpp:646:45: warning: use of old-style cast [-Wold-style-cast]
  646 |           functor.members.obj_ref.obj_ptr = (void *)(f.get_pointer());
      |                                             ^       ~~~~~~~~~~~~~~~~~
In file included from chemistrySolver/canteraChemistrySolvers.C:27:
In file included from lnInclude/canteraChemistryModel.H:47:
In file included from /work/09629/m_hland10/ls6/cantera/include/cantera/thermo/IdealGasPhase.h:14:
In file included from /work/09629/m_hland10/ls6/cantera/include/cantera/thermo/ThermoPhase.h:15:
In file included from /work/09629/m_hland10/ls6/cantera/include/cantera/thermo/MultiSpeciesThermo.h:13:
In file included from /work/09629/m_hland10/ls6/cantera/include/cantera/thermo/SpeciesThermoInterpType.h:17:
In file included from /work/09629/m_hland10/ls6/cantera/include/cantera/base/AnyMap.h:752:
In file included from /work/09629/m_hland10/ls6/cantera/include/cantera/base/AnyMap.inl.h:9:
In file included from /scratch/tacc/apps/intel19/boost/1.83.0/include/boost/algorithm/string.hpp:23:
In file included from /scratch/tacc/apps/intel19/boost/1.83.0/include/boost/algorithm/string/split.hpp:16:
In file included from /scratch/tacc/apps/intel19/boost/1.83.0/include/boost/algorithm/string/iter_find.hpp:27:
In file included from /scratch/tacc/apps/intel19/boost/1.83.0/include/boost/algorithm/string/find_iterator.hpp:24:
In file included from /scratch/tacc/apps/intel19/boost/1.83.0/include/boost/algorithm/string/detail/find_iterator.hpp:18:
In file included from /scratch/tacc/apps/intel19/boost/1.83.0/include/boost/function.hpp:70:
In file included from /scratch/tacc/apps/intel19/boost/1.83.0/include/boost/preprocessor/iteration/detail/iter/forward1.hpp:1343:
In file included from /scratch/tacc/apps/intel19/boost/1.83.0/include/boost/preprocessor/iteration/detail/iter/limits/forward1_256.hpp:59:
In file included from /scratch/tacc/apps/intel19/boost/1.83.0/include/boost/function/detail/function_iterate.hpp:14:
In file included from /scratch/tacc/apps/intel19/boost/1.83.0/include/boost/function/detail/maybe_include.hpp:78:
/scratch/tacc/apps/intel19/boost/1.83.0/include/boost/function/function_template.hpp:646:45: warning: use of old-style cast [-Wold-style-cast]
  646 |           functor.members.obj_ref.obj_ptr = (void *)(f.get_pointer());
      |                                             ^       ~~~~~~~~~~~~~~~~~
In file included from chemistrySolver/canteraChemistrySolvers.C:27:
In file included from lnInclude/canteraChemistryModel.H:47:
In file included from /work/09629/m_hland10/ls6/cantera/include/cantera/thermo/IdealGasPhase.h:14:
In file included from /work/09629/m_hland10/ls6/cantera/include/cantera/thermo/ThermoPhase.h:15:
In file included from /work/09629/m_hland10/ls6/cantera/include/cantera/thermo/MultiSpeciesThermo.h:13:
In file included from /work/09629/m_hland10/ls6/cantera/include/cantera/thermo/SpeciesThermoInterpType.h:17:
In file included from /work/09629/m_hland10/ls6/cantera/include/cantera/base/AnyMap.h:752:
In file included from /work/09629/m_hland10/ls6/cantera/include/cantera/base/AnyMap.inl.h:9:
In file included from /scratch/tacc/apps/intel19/boost/1.83.0/include/boost/algorithm/string.hpp:23:
In file included from /scratch/tacc/apps/intel19/boost/1.83.0/include/boost/algorithm/string/split.hpp:16:
In file included from /scratch/tacc/apps/intel19/boost/1.83.0/include/boost/algorithm/string/iter_find.hpp:27:
In file included from /scratch/tacc/apps/intel19/boost/1.83.0/include/boost/algorithm/string/find_iterator.hpp:24:
In file included from /scratch/tacc/apps/intel19/boost/1.83.0/include/boost/algorithm/string/detail/find_iterator.hpp:18:
In file included from /scratch/tacc/apps/intel19/boost/1.83.0/include/boost/function.hpp:70:
In file included from /scratch/tacc/apps/intel19/boost/1.83.0/include/boost/preprocessor/iteration/detail/iter/forward1.hpp:1343:
In file included from /scratch/tacc/apps/intel19/boost/1.83.0/include/boost/preprocessor/iteration/detail/iter/limits/forward1_256.hpp:64:
In file included from /scratch/tacc/apps/intel19/boost/1.83.0/include/boost/function/detail/function_iterate.hpp:14:
In file included from /scratch/tacc/apps/intel19/boost/1.83.0/include/boost/function/detail/maybe_include.hpp:85:
/scratch/tacc/apps/intel19/boost/1.83.0/include/boost/function/function_template.hpp:646:45: warning: use of old-style cast [-Wold-style-cast]
  646 |           functor.members.obj_ref.obj_ptr = (void *)(f.get_pointer());
      |                                             ^       ~~~~~~~~~~~~~~~~~
In file included from chemistrySolver/canteraChemistrySolvers.C:27:
In file included from lnInclude/canteraChemistryModel.H:209:
In file included from lnInclude/canteraChemistryModelI.H:31:
In file included from /work/09629/m_hland10/ls6/cantera/include/cantera/zerodim.h:35:
/work/09629/m_hland10/ls6/cantera/include/cantera/numerics/Func1.h:155:16: warning: use of old-style cast [-Wold-style-cast]
  155 |         return (Func1&) *nfunc;
      |                ^        ~~~~~~
/work/09629/m_hland10/ls6/cantera/include/cantera/numerics/Func1.h:198:16: warning: use of old-style cast [-Wold-style-cast]
  198 |         return (Func1&) *nfunc;
      |                ^        ~~~~~~
/work/09629/m_hland10/ls6/cantera/include/cantera/numerics/Func1.h:852:18: warning: use of old-style cast [-Wold-style-cast]
  852 |         return *((Func1*)np);
      |                  ^       ~~
/work/09629/m_hland10/ls6/cantera/include/cantera/numerics/Func1.h:894:18: warning: use of old-style cast [-Wold-style-cast]
  894 |         return *((Func1*)np);
      |                  ^       ~~
/work/09629/m_hland10/ls6/cantera/include/cantera/numerics/Func1.h:953:18: warning: use of old-style cast [-Wold-style-cast]
  953 |         return *((Func1*)np);
      |                  ^       ~~
/work/09629/m_hland10/ls6/cantera/include/cantera/numerics/Func1.h:1014:18: warning: use of old-style cast [-Wold-style-cast]
 1014 |         return *((Func1*)np);
      |                  ^       ~~
/work/09629/m_hland10/ls6/cantera/include/cantera/numerics/Func1.h:1057:18: warning: use of old-style cast [-Wold-style-cast]
 1057 |         return *((Func1*)np);
      |                  ^       ~~
In file included from chemistrySolver/canteraChemistrySolvers.C:27:
In file included from lnInclude/canteraChemistryModel.H:209:
In file included from lnInclude/canteraChemistryModelI.H:35:
In file included from /work/09629/m_hland10/ls6/cantera/include/cantera/kinetics/Kinetics.h:14:
In file included from /work/09629/m_hland10/ls6/cantera/include/cantera/kinetics/StoichManager.h:11:
In file included from /work/09629/m_hland10/ls6/cantera/include/cantera/numerics/eigen_sparse.h:12:
In file included from /scratch/tacc/apps/intel19/eigen/3.4.0/include/eigen3/Eigen/Sparse:26:
In file included from /scratch/tacc/apps/intel19/eigen/3.4.0/include/eigen3/Eigen/SparseCore:11:
In file included from /scratch/tacc/apps/intel19/eigen/3.4.0/include/eigen3/Eigen/Core:165:
/scratch/tacc/apps/intel19/eigen/3.4.0/include/eigen3/Eigen/src/Core/util/XprHelper.h:631:22: warning: use of old-style cast [-Wold-style-cast]
  631 |   enum { diag_size = EIGEN_SIZE_MIN_PREFER_DYNAMIC(ExpressionType::RowsAtCompileTime, ExpressionType::ColsAtCompileTime),
      |                      ^                             ~~~~~~~~~~~~~~~~~~~~~~~~~~~~~~~~~
/scratch/tacc/apps/intel19/eigen/3.4.0/include/eigen3/Eigen/src/Core/util/Macros.h:1294:46: note: expanded from macro 'EIGEN_SIZE_MIN_PREFER_DYNAMIC'
 1294 | #define EIGEN_SIZE_MIN_PREFER_DYNAMIC(a,b) (((int)a == 0 || (int)b == 0) ? 0 \
      |                                              ^    ~
In file included from chemistrySolver/canteraChemistrySolvers.C:27:
In file included from lnInclude/canteraChemistryModel.H:209:
In file included from lnInclude/canteraChemistryModelI.H:35:
In file included from /work/09629/m_hland10/ls6/cantera/include/cantera/kinetics/Kinetics.h:14:
In file included from /work/09629/m_hland10/ls6/cantera/include/cantera/kinetics/StoichManager.h:11:
In file included from /work/09629/m_hland10/ls6/cantera/include/cantera/numerics/eigen_sparse.h:12:
In file included from /scratch/tacc/apps/intel19/eigen/3.4.0/include/eigen3/Eigen/Sparse:26:
In file included from /scratch/tacc/apps/intel19/eigen/3.4.0/include/eigen3/Eigen/SparseCore:11:
In file included from /scratch/tacc/apps/intel19/eigen/3.4.0/include/eigen3/Eigen/Core:165:
/scratch/tacc/apps/intel19/eigen/3.4.0/include/eigen3/Eigen/src/Core/util/XprHelper.h:631:22: warning: use of old-style cast [-Wold-style-cast]
  631 |   enum { diag_size = EIGEN_SIZE_MIN_PREFER_DYNAMIC(ExpressionType::RowsAtCompileTime, ExpressionType::ColsAtCompileTime),
      |                      ^                                                                ~~~~~~~~~~~~~~~~~~~~~~~~~~~~~~~~~
/scratch/tacc/apps/intel19/eigen/3.4.0/include/eigen3/Eigen/src/Core/util/Macros.h:1294:61: note: expanded from macro 'EIGEN_SIZE_MIN_PREFER_DYNAMIC'
 1294 | #define EIGEN_SIZE_MIN_PREFER_DYNAMIC(a,b) (((int)a == 0 || (int)b == 0) ? 0 \
      |                                                             ^    ~
In file included from chemistrySolver/canteraChemistrySolvers.C:27:
In file included from lnInclude/canteraChemistryModel.H:209:
In file included from lnInclude/canteraChemistryModelI.H:35:
In file included from /work/09629/m_hland10/ls6/cantera/include/cantera/kinetics/Kinetics.h:14:
In file included from /work/09629/m_hland10/ls6/cantera/include/cantera/kinetics/StoichManager.h:11:
In file included from /work/09629/m_hland10/ls6/cantera/include/cantera/numerics/eigen_sparse.h:12:
In file included from /scratch/tacc/apps/intel19/eigen/3.4.0/include/eigen3/Eigen/Sparse:26:
In file included from /scratch/tacc/apps/intel19/eigen/3.4.0/include/eigen3/Eigen/SparseCore:11:
In file included from /scratch/tacc/apps/intel19/eigen/3.4.0/include/eigen3/Eigen/Core:165:
/scratch/tacc/apps/intel19/eigen/3.4.0/include/eigen3/Eigen/src/Core/util/XprHelper.h:631:22: warning: use of old-style cast [-Wold-style-cast]
  631 |   enum { diag_size = EIGEN_SIZE_MIN_PREFER_DYNAMIC(ExpressionType::RowsAtCompileTime, ExpressionType::ColsAtCompileTime),
      |                      ^                             ~~~~~~~~~~~~~~~~~~~~~~~~~~~~~~~~~
/scratch/tacc/apps/intel19/eigen/3.4.0/include/eigen3/Eigen/src/Core/util/Macros.h:1295:31: note: expanded from macro 'EIGEN_SIZE_MIN_PREFER_DYNAMIC'
 1295 |                            : ((int)a == 1 || (int)b == 1) ? 1 \
      |                               ^    ~
In file included from chemistrySolver/canteraChemistrySolvers.C:27:
In file included from lnInclude/canteraChemistryModel.H:209:
In file included from lnInclude/canteraChemistryModelI.H:35:
In file included from /work/09629/m_hland10/ls6/cantera/include/cantera/kinetics/Kinetics.h:14:
In file included from /work/09629/m_hland10/ls6/cantera/include/cantera/kinetics/StoichManager.h:11:
In file included from /work/09629/m_hland10/ls6/cantera/include/cantera/numerics/eigen_sparse.h:12:
In file included from /scratch/tacc/apps/intel19/eigen/3.4.0/include/eigen3/Eigen/Sparse:26:
In file included from /scratch/tacc/apps/intel19/eigen/3.4.0/include/eigen3/Eigen/SparseCore:11:
In file included from /scratch/tacc/apps/intel19/eigen/3.4.0/include/eigen3/Eigen/Core:165:
/scratch/tacc/apps/intel19/eigen/3.4.0/include/eigen3/Eigen/src/Core/util/XprHelper.h:631:22: warning: use of old-style cast [-Wold-style-cast]
  631 |   enum { diag_size = EIGEN_SIZE_MIN_PREFER_DYNAMIC(ExpressionType::RowsAtCompileTime, ExpressionType::ColsAtCompileTime),
      |                      ^                                                                ~~~~~~~~~~~~~~~~~~~~~~~~~~~~~~~~~
/scratch/tacc/apps/intel19/eigen/3.4.0/include/eigen3/Eigen/src/Core/util/Macros.h:1295:46: note: expanded from macro 'EIGEN_SIZE_MIN_PREFER_DYNAMIC'
 1295 |                            : ((int)a == 1 || (int)b == 1) ? 1 \
      |                                              ^    ~
In file included from chemistrySolver/canteraChemistrySolvers.C:27:
In file included from lnInclude/canteraChemistryModel.H:209:
In file included from lnInclude/canteraChemistryModelI.H:35:
In file included from /work/09629/m_hland10/ls6/cantera/include/cantera/kinetics/Kinetics.h:14:
In file included from /work/09629/m_hland10/ls6/cantera/include/cantera/kinetics/StoichManager.h:11:
In file included from /work/09629/m_hland10/ls6/cantera/include/cantera/numerics/eigen_sparse.h:12:
In file included from /scratch/tacc/apps/intel19/eigen/3.4.0/include/eigen3/Eigen/Sparse:26:
In file included from /scratch/tacc/apps/intel19/eigen/3.4.0/include/eigen3/Eigen/SparseCore:11:
In file included from /scratch/tacc/apps/intel19/eigen/3.4.0/include/eigen3/Eigen/Core:165:
/scratch/tacc/apps/intel19/eigen/3.4.0/include/eigen3/Eigen/src/Core/util/XprHelper.h:631:22: warning: use of old-style cast [-Wold-style-cast]
  631 |   enum { diag_size = EIGEN_SIZE_MIN_PREFER_DYNAMIC(ExpressionType::RowsAtCompileTime, ExpressionType::ColsAtCompileTime),
      |                      ^                             ~~~~~~~~~~~~~~~~~~~~~~~~~~~~~~~~~
/scratch/tacc/apps/intel19/eigen/3.4.0/include/eigen3/Eigen/src/Core/util/Macros.h:1296:31: note: expanded from macro 'EIGEN_SIZE_MIN_PREFER_DYNAMIC'
 1296 |                            : ((int)a == Dynamic || (int)b == Dynamic) ? Dynamic \
      |                               ^    ~
In file included from chemistrySolver/canteraChemistrySolvers.C:27:
In file included from lnInclude/canteraChemistryModel.H:209:
In file included from lnInclude/canteraChemistryModelI.H:35:
In file included from /work/09629/m_hland10/ls6/cantera/include/cantera/kinetics/Kinetics.h:14:
In file included from /work/09629/m_hland10/ls6/cantera/include/cantera/kinetics/StoichManager.h:11:
In file included from /work/09629/m_hland10/ls6/cantera/include/cantera/numerics/eigen_sparse.h:12:
In file included from /scratch/tacc/apps/intel19/eigen/3.4.0/include/eigen3/Eigen/Sparse:26:
In file included from /scratch/tacc/apps/intel19/eigen/3.4.0/include/eigen3/Eigen/SparseCore:11:
In file included from /scratch/tacc/apps/intel19/eigen/3.4.0/include/eigen3/Eigen/Core:165:
/scratch/tacc/apps/intel19/eigen/3.4.0/include/eigen3/Eigen/src/Core/util/XprHelper.h:631:22: warning: use of old-style cast [-Wold-style-cast]
  631 |   enum { diag_size = EIGEN_SIZE_MIN_PREFER_DYNAMIC(ExpressionType::RowsAtCompileTime, ExpressionType::ColsAtCompileTime),
      |                      ^                                                                ~~~~~~~~~~~~~~~~~~~~~~~~~~~~~~~~~
/scratch/tacc/apps/intel19/eigen/3.4.0/include/eigen3/Eigen/src/Core/util/Macros.h:1296:52: note: expanded from macro 'EIGEN_SIZE_MIN_PREFER_DYNAMIC'
 1296 |                            : ((int)a == Dynamic || (int)b == Dynamic) ? Dynamic \
      |                                                    ^    ~
In file included from chemistrySolver/canteraChemistrySolvers.C:27:
In file included from lnInclude/canteraChemistryModel.H:209:
In file included from lnInclude/canteraChemistryModelI.H:35:
In file included from /work/09629/m_hland10/ls6/cantera/include/cantera/kinetics/Kinetics.h:14:
In file included from /work/09629/m_hland10/ls6/cantera/include/cantera/kinetics/StoichManager.h:11:
In file included from /work/09629/m_hland10/ls6/cantera/include/cantera/numerics/eigen_sparse.h:12:
In file included from /scratch/tacc/apps/intel19/eigen/3.4.0/include/eigen3/Eigen/Sparse:26:
In file included from /scratch/tacc/apps/intel19/eigen/3.4.0/include/eigen3/Eigen/SparseCore:11:
In file included from /scratch/tacc/apps/intel19/eigen/3.4.0/include/eigen3/Eigen/Core:165:
/scratch/tacc/apps/intel19/eigen/3.4.0/include/eigen3/Eigen/src/Core/util/XprHelper.h:631:22: warning: use of old-style cast [-Wold-style-cast]
  631 |   enum { diag_size = EIGEN_SIZE_MIN_PREFER_DYNAMIC(ExpressionType::RowsAtCompileTime, ExpressionType::ColsAtCompileTime),
      |                      ^                             ~~~~~~~~~~~~~~~~~~~~~~~~~~~~~~~~~
/scratch/tacc/apps/intel19/eigen/3.4.0/include/eigen3/Eigen/src/Core/util/Macros.h:1297:31: note: expanded from macro 'EIGEN_SIZE_MIN_PREFER_DYNAMIC'
 1297 |                            : ((int)a <= (int)b) ? (int)a : (int)b)
      |                               ^    ~
In file included from chemistrySolver/canteraChemistrySolvers.C:27:
In file included from lnInclude/canteraChemistryModel.H:209:
In file included from lnInclude/canteraChemistryModelI.H:35:
In file included from /work/09629/m_hland10/ls6/cantera/include/cantera/kinetics/Kinetics.h:14:
In file included from /work/09629/m_hland10/ls6/cantera/include/cantera/kinetics/StoichManager.h:11:
In file included from /work/09629/m_hland10/ls6/cantera/include/cantera/numerics/eigen_sparse.h:12:
In file included from /scratch/tacc/apps/intel19/eigen/3.4.0/include/eigen3/Eigen/Sparse:26:
In file included from /scratch/tacc/apps/intel19/eigen/3.4.0/include/eigen3/Eigen/SparseCore:11:
In file included from /scratch/tacc/apps/intel19/eigen/3.4.0/include/eigen3/Eigen/Core:165:
/scratch/tacc/apps/intel19/eigen/3.4.0/include/eigen3/Eigen/src/Core/util/XprHelper.h:631:22: warning: use of old-style cast [-Wold-style-cast]
  631 |   enum { diag_size = EIGEN_SIZE_MIN_PREFER_DYNAMIC(ExpressionType::RowsAtCompileTime, ExpressionType::ColsAtCompileTime),
      |                      ^                                                                ~~~~~~~~~~~~~~~~~~~~~~~~~~~~~~~~~
/scratch/tacc/apps/intel19/eigen/3.4.0/include/eigen3/Eigen/src/Core/util/Macros.h:1297:41: note: expanded from macro 'EIGEN_SIZE_MIN_PREFER_DYNAMIC'
 1297 |                            : ((int)a <= (int)b) ? (int)a : (int)b)
      |                                         ^    ~
In file included from chemistrySolver/canteraChemistrySolvers.C:27:
In file included from lnInclude/canteraChemistryModel.H:209:
In file included from lnInclude/canteraChemistryModelI.H:35:
In file included from /work/09629/m_hland10/ls6/cantera/include/cantera/kinetics/Kinetics.h:14:
In file included from /work/09629/m_hland10/ls6/cantera/include/cantera/kinetics/StoichManager.h:11:
In file included from /work/09629/m_hland10/ls6/cantera/include/cantera/numerics/eigen_sparse.h:12:
In file included from /scratch/tacc/apps/intel19/eigen/3.4.0/include/eigen3/Eigen/Sparse:26:
In file included from /scratch/tacc/apps/intel19/eigen/3.4.0/include/eigen3/Eigen/SparseCore:11:
In file included from /scratch/tacc/apps/intel19/eigen/3.4.0/include/eigen3/Eigen/Core:165:
/scratch/tacc/apps/intel19/eigen/3.4.0/include/eigen3/Eigen/src/Core/util/XprHelper.h:631:22: warning: use of old-style cast [-Wold-style-cast]
  631 |   enum { diag_size = EIGEN_SIZE_MIN_PREFER_DYNAMIC(ExpressionType::RowsAtCompileTime, ExpressionType::ColsAtCompileTime),
      |                      ^                             ~~~~~~~~~~~~~~~~~~~~~~~~~~~~~~~~~
/scratch/tacc/apps/intel19/eigen/3.4.0/include/eigen3/Eigen/src/Core/util/Macros.h:1297:51: note: expanded from macro 'EIGEN_SIZE_MIN_PREFER_DYNAMIC'
 1297 |                            : ((int)a <= (int)b) ? (int)a : (int)b)
      |                                                   ^    ~
In file included from chemistrySolver/canteraChemistrySolvers.C:27:
In file included from lnInclude/canteraChemistryModel.H:209:
In file included from lnInclude/canteraChemistryModelI.H:35:
In file included from /work/09629/m_hland10/ls6/cantera/include/cantera/kinetics/Kinetics.h:14:
In file included from /work/09629/m_hland10/ls6/cantera/include/cantera/kinetics/StoichManager.h:11:
In file included from /work/09629/m_hland10/ls6/cantera/include/cantera/numerics/eigen_sparse.h:12:
In file included from /scratch/tacc/apps/intel19/eigen/3.4.0/include/eigen3/Eigen/Sparse:26:
In file included from /scratch/tacc/apps/intel19/eigen/3.4.0/include/eigen3/Eigen/SparseCore:11:
In file included from /scratch/tacc/apps/intel19/eigen/3.4.0/include/eigen3/Eigen/Core:165:
/scratch/tacc/apps/intel19/eigen/3.4.0/include/eigen3/Eigen/src/Core/util/XprHelper.h:631:22: warning: use of old-style cast [-Wold-style-cast]
  631 |   enum { diag_size = EIGEN_SIZE_MIN_PREFER_DYNAMIC(ExpressionType::RowsAtCompileTime, ExpressionType::ColsAtCompileTime),
      |                      ^                                                                ~~~~~~~~~~~~~~~~~~~~~~~~~~~~~~~~~
/scratch/tacc/apps/intel19/eigen/3.4.0/include/eigen3/Eigen/src/Core/util/Macros.h:1297:60: note: expanded from macro 'EIGEN_SIZE_MIN_PREFER_DYNAMIC'
 1297 |                            : ((int)a <= (int)b) ? (int)a : (int)b)
      |                                                            ^    ~
In file included from chemistrySolver/canteraChemistrySolvers.C:27:
In file included from lnInclude/canteraChemistryModel.H:209:
In file included from lnInclude/canteraChemistryModelI.H:35:
In file included from /work/09629/m_hland10/ls6/cantera/include/cantera/kinetics/Kinetics.h:14:
In file included from /work/09629/m_hland10/ls6/cantera/include/cantera/kinetics/StoichManager.h:11:
In file included from /work/09629/m_hland10/ls6/cantera/include/cantera/numerics/eigen_sparse.h:12:
In file included from /scratch/tacc/apps/intel19/eigen/3.4.0/include/eigen3/Eigen/Sparse:26:
In file included from /scratch/tacc/apps/intel19/eigen/3.4.0/include/eigen3/Eigen/SparseCore:11:
In file included from /scratch/tacc/apps/intel19/eigen/3.4.0/include/eigen3/Eigen/Core:165:
/scratch/tacc/apps/intel19/eigen/3.4.0/include/eigen3/Eigen/src/Core/util/XprHelper.h:632:26: warning: use of old-style cast [-Wold-style-cast]
  632 |          max_diag_size = EIGEN_SIZE_MIN_PREFER_FIXED(ExpressionType::MaxRowsAtCompileTime, ExpressionType::MaxColsAtCompileTime)
      |                          ^                           ~~~~~~~~~~~~~~~~~~~~~~~~~~~~~~~~~~~~
/scratch/tacc/apps/intel19/eigen/3.4.0/include/eigen3/Eigen/src/Core/util/Macros.h:1302:45: note: expanded from macro 'EIGEN_SIZE_MIN_PREFER_FIXED'
 1302 | #define EIGEN_SIZE_MIN_PREFER_FIXED(a,b)  (((int)a == 0 || (int)b == 0) ? 0 \
      |                                             ^    ~
In file included from chemistrySolver/canteraChemistrySolvers.C:27:
In file included from lnInclude/canteraChemistryModel.H:209:
In file included from lnInclude/canteraChemistryModelI.H:35:
In file included from /work/09629/m_hland10/ls6/cantera/include/cantera/kinetics/Kinetics.h:14:
In file included from /work/09629/m_hland10/ls6/cantera/include/cantera/kinetics/StoichManager.h:11:
In file included from /work/09629/m_hland10/ls6/cantera/include/cantera/numerics/eigen_sparse.h:12:
In file included from /scratch/tacc/apps/intel19/eigen/3.4.0/include/eigen3/Eigen/Sparse:26:
In file included from /scratch/tacc/apps/intel19/eigen/3.4.0/include/eigen3/Eigen/SparseCore:11:
In file included from /scratch/tacc/apps/intel19/eigen/3.4.0/include/eigen3/Eigen/Core:165:
/scratch/tacc/apps/intel19/eigen/3.4.0/include/eigen3/Eigen/src/Core/util/XprHelper.h:632:26: warning: use of old-style cast [-Wold-style-cast]
  632 |          max_diag_size = EIGEN_SIZE_MIN_PREFER_FIXED(ExpressionType::MaxRowsAtCompileTime, ExpressionType::MaxColsAtCompileTime)
      |                          ^                                                                 ~~~~~~~~~~~~~~~~~~~~~~~~~~~~~~~~~~~~
/scratch/tacc/apps/intel19/eigen/3.4.0/include/eigen3/Eigen/src/Core/util/Macros.h:1302:60: note: expanded from macro 'EIGEN_SIZE_MIN_PREFER_FIXED'
 1302 | #define EIGEN_SIZE_MIN_PREFER_FIXED(a,b)  (((int)a == 0 || (int)b == 0) ? 0 \
      |                                                            ^    ~
In file included from chemistrySolver/canteraChemistrySolvers.C:27:
In file included from lnInclude/canteraChemistryModel.H:209:
In file included from lnInclude/canteraChemistryModelI.H:35:
In file included from /work/09629/m_hland10/ls6/cantera/include/cantera/kinetics/Kinetics.h:14:
In file included from /work/09629/m_hland10/ls6/cantera/include/cantera/kinetics/StoichManager.h:11:
In file included from /work/09629/m_hland10/ls6/cantera/include/cantera/numerics/eigen_sparse.h:12:
In file included from /scratch/tacc/apps/intel19/eigen/3.4.0/include/eigen3/Eigen/Sparse:26:
In file included from /scratch/tacc/apps/intel19/eigen/3.4.0/include/eigen3/Eigen/SparseCore:11:
In file included from /scratch/tacc/apps/intel19/eigen/3.4.0/include/eigen3/Eigen/Core:165:
/scratch/tacc/apps/intel19/eigen/3.4.0/include/eigen3/Eigen/src/Core/util/XprHelper.h:632:26: warning: use of old-style cast [-Wold-style-cast]
  632 |          max_diag_size = EIGEN_SIZE_MIN_PREFER_FIXED(ExpressionType::MaxRowsAtCompileTime, ExpressionType::MaxColsAtCompileTime)
      |                          ^                           ~~~~~~~~~~~~~~~~~~~~~~~~~~~~~~~~~~~~
/scratch/tacc/apps/intel19/eigen/3.4.0/include/eigen3/Eigen/src/Core/util/Macros.h:1303:31: note: expanded from macro 'EIGEN_SIZE_MIN_PREFER_FIXED'
 1303 |                            : ((int)a == 1 || (int)b == 1) ? 1 \
      |                               ^    ~
In file included from chemistrySolver/canteraChemistrySolvers.C:27:
In file included from lnInclude/canteraChemistryModel.H:209:
In file included from lnInclude/canteraChemistryModelI.H:35:
In file included from /work/09629/m_hland10/ls6/cantera/include/cantera/kinetics/Kinetics.h:14:
In file included from /work/09629/m_hland10/ls6/cantera/include/cantera/kinetics/StoichManager.h:11:
In file included from /work/09629/m_hland10/ls6/cantera/include/cantera/numerics/eigen_sparse.h:12:
In file included from /scratch/tacc/apps/intel19/eigen/3.4.0/include/eigen3/Eigen/Sparse:26:
In file included from /scratch/tacc/apps/intel19/eigen/3.4.0/include/eigen3/Eigen/SparseCore:11:
In file included from /scratch/tacc/apps/intel19/eigen/3.4.0/include/eigen3/Eigen/Core:165:
/scratch/tacc/apps/intel19/eigen/3.4.0/include/eigen3/Eigen/src/Core/util/XprHelper.h:632:26: warning: use of old-style cast [-Wold-style-cast]
  632 |          max_diag_size = EIGEN_SIZE_MIN_PREFER_FIXED(ExpressionType::MaxRowsAtCompileTime, ExpressionType::MaxColsAtCompileTime)
      |                          ^                                                                 ~~~~~~~~~~~~~~~~~~~~~~~~~~~~~~~~~~~~
/scratch/tacc/apps/intel19/eigen/3.4.0/include/eigen3/Eigen/src/Core/util/Macros.h:1303:46: note: expanded from macro 'EIGEN_SIZE_MIN_PREFER_FIXED'
 1303 |                            : ((int)a == 1 || (int)b == 1) ? 1 \
      |                                              ^    ~
In file included from chemistrySolver/canteraChemistrySolvers.C:27:
In file included from lnInclude/canteraChemistryModel.H:209:
In file included from lnInclude/canteraChemistryModelI.H:35:
In file included from /work/09629/m_hland10/ls6/cantera/include/cantera/kinetics/Kinetics.h:14:
In file included from /work/09629/m_hland10/ls6/cantera/include/cantera/kinetics/StoichManager.h:11:
In file included from /work/09629/m_hland10/ls6/cantera/include/cantera/numerics/eigen_sparse.h:12:
In file included from /scratch/tacc/apps/intel19/eigen/3.4.0/include/eigen3/Eigen/Sparse:26:
In file included from /scratch/tacc/apps/intel19/eigen/3.4.0/include/eigen3/Eigen/SparseCore:11:
In file included from /scratch/tacc/apps/intel19/eigen/3.4.0/include/eigen3/Eigen/Core:165:
/scratch/tacc/apps/intel19/eigen/3.4.0/include/eigen3/Eigen/src/Core/util/XprHelper.h:632:26: warning: use of old-style cast [-Wold-style-cast]
  632 |          max_diag_size = EIGEN_SIZE_MIN_PREFER_FIXED(ExpressionType::MaxRowsAtCompileTime, ExpressionType::MaxColsAtCompileTime)
      |                          ^                           ~~~~~~~~~~~~~~~~~~~~~~~~~~~~~~~~~~~~
/scratch/tacc/apps/intel19/eigen/3.4.0/include/eigen3/Eigen/src/Core/util/Macros.h:1304:31: note: expanded from macro 'EIGEN_SIZE_MIN_PREFER_FIXED'
 1304 |                            : ((int)a == Dynamic && (int)b == Dynamic) ? Dynamic \
      |                               ^    ~
In file included from chemistrySolver/canteraChemistrySolvers.C:27:
In file included from lnInclude/canteraChemistryModel.H:209:
In file included from lnInclude/canteraChemistryModelI.H:35:
In file included from /work/09629/m_hland10/ls6/cantera/include/cantera/kinetics/Kinetics.h:14:
In file included from /work/09629/m_hland10/ls6/cantera/include/cantera/kinetics/StoichManager.h:11:
In file included from /work/09629/m_hland10/ls6/cantera/include/cantera/numerics/eigen_sparse.h:12:
In file included from /scratch/tacc/apps/intel19/eigen/3.4.0/include/eigen3/Eigen/Sparse:26:
In file included from /scratch/tacc/apps/intel19/eigen/3.4.0/include/eigen3/Eigen/SparseCore:11:
In file included from /scratch/tacc/apps/intel19/eigen/3.4.0/include/eigen3/Eigen/Core:165:
/scratch/tacc/apps/intel19/eigen/3.4.0/include/eigen3/Eigen/src/Core/util/XprHelper.h:632:26: warning: use of old-style cast [-Wold-style-cast]
  632 |          max_diag_size = EIGEN_SIZE_MIN_PREFER_FIXED(ExpressionType::MaxRowsAtCompileTime, ExpressionType::MaxColsAtCompileTime)
      |                          ^                                                                 ~~~~~~~~~~~~~~~~~~~~~~~~~~~~~~~~~~~~
/scratch/tacc/apps/intel19/eigen/3.4.0/include/eigen3/Eigen/src/Core/util/Macros.h:1304:52: note: expanded from macro 'EIGEN_SIZE_MIN_PREFER_FIXED'
 1304 |                            : ((int)a == Dynamic && (int)b == Dynamic) ? Dynamic \
      |                                                    ^    ~
In file included from chemistrySolver/canteraChemistrySolvers.C:27:
In file included from lnInclude/canteraChemistryModel.H:209:
In file included from lnInclude/canteraChemistryModelI.H:35:
In file included from /work/09629/m_hland10/ls6/cantera/include/cantera/kinetics/Kinetics.h:14:
In file included from /work/09629/m_hland10/ls6/cantera/include/cantera/kinetics/StoichManager.h:11:
In file included from /work/09629/m_hland10/ls6/cantera/include/cantera/numerics/eigen_sparse.h:12:
In file included from /scratch/tacc/apps/intel19/eigen/3.4.0/include/eigen3/Eigen/Sparse:26:
In file included from /scratch/tacc/apps/intel19/eigen/3.4.0/include/eigen3/Eigen/SparseCore:11:
In file included from /scratch/tacc/apps/intel19/eigen/3.4.0/include/eigen3/Eigen/Core:165:
/scratch/tacc/apps/intel19/eigen/3.4.0/include/eigen3/Eigen/src/Core/util/XprHelper.h:632:26: warning: use of old-style cast [-Wold-style-cast]
  632 |          max_diag_size = EIGEN_SIZE_MIN_PREFER_FIXED(ExpressionType::MaxRowsAtCompileTime, ExpressionType::MaxColsAtCompileTime)
      |                          ^                           ~~~~~~~~~~~~~~~~~~~~~~~~~~~~~~~~~~~~
/scratch/tacc/apps/intel19/eigen/3.4.0/include/eigen3/Eigen/src/Core/util/Macros.h:1305:31: note: expanded from macro 'EIGEN_SIZE_MIN_PREFER_FIXED'
 1305 |                            : ((int)a == Dynamic) ? (int)b \
      |                               ^    ~
In file included from chemistrySolver/canteraChemistrySolvers.C:27:
In file included from lnInclude/canteraChemistryModel.H:209:
In file included from lnInclude/canteraChemistryModelI.H:35:
In file included from /work/09629/m_hland10/ls6/cantera/include/cantera/kinetics/Kinetics.h:14:
In file included from /work/09629/m_hland10/ls6/cantera/include/cantera/kinetics/StoichManager.h:11:
In file included from /work/09629/m_hland10/ls6/cantera/include/cantera/numerics/eigen_sparse.h:12:
In file included from /scratch/tacc/apps/intel19/eigen/3.4.0/include/eigen3/Eigen/Sparse:26:
In file included from /scratch/tacc/apps/intel19/eigen/3.4.0/include/eigen3/Eigen/SparseCore:11:
In file included from /scratch/tacc/apps/intel19/eigen/3.4.0/include/eigen3/Eigen/Core:165:
/scratch/tacc/apps/intel19/eigen/3.4.0/include/eigen3/Eigen/src/Core/util/XprHelper.h:632:26: warning: use of old-style cast [-Wold-style-cast]
  632 |          max_diag_size = EIGEN_SIZE_MIN_PREFER_FIXED(ExpressionType::MaxRowsAtCompileTime, ExpressionType::MaxColsAtCompileTime)
      |                          ^                                                                 ~~~~~~~~~~~~~~~~~~~~~~~~~~~~~~~~~~~~
/scratch/tacc/apps/intel19/eigen/3.4.0/include/eigen3/Eigen/src/Core/util/Macros.h:1305:52: note: expanded from macro 'EIGEN_SIZE_MIN_PREFER_FIXED'
 1305 |                            : ((int)a == Dynamic) ? (int)b \
      |                                                    ^    ~
In file included from chemistrySolver/canteraChemistrySolvers.C:27:
In file included from lnInclude/canteraChemistryModel.H:209:
In file included from lnInclude/canteraChemistryModelI.H:35:
In file included from /work/09629/m_hland10/ls6/cantera/include/cantera/kinetics/Kinetics.h:14:
In file included from /work/09629/m_hland10/ls6/cantera/include/cantera/kinetics/StoichManager.h:11:
In file included from /work/09629/m_hland10/ls6/cantera/include/cantera/numerics/eigen_sparse.h:12:
In file included from /scratch/tacc/apps/intel19/eigen/3.4.0/include/eigen3/Eigen/Sparse:26:
In file included from /scratch/tacc/apps/intel19/eigen/3.4.0/include/eigen3/Eigen/SparseCore:11:
In file included from /scratch/tacc/apps/intel19/eigen/3.4.0/include/eigen3/Eigen/Core:165:
/scratch/tacc/apps/intel19/eigen/3.4.0/include/eigen3/Eigen/src/Core/util/XprHelper.h:632:26: warning: use of old-style cast [-Wold-style-cast]
  632 |          max_diag_size = EIGEN_SIZE_MIN_PREFER_FIXED(ExpressionType::MaxRowsAtCompileTime, ExpressionType::MaxColsAtCompileTime)
      |                          ^                                                                 ~~~~~~~~~~~~~~~~~~~~~~~~~~~~~~~~~~~~
/scratch/tacc/apps/intel19/eigen/3.4.0/include/eigen3/Eigen/src/Core/util/Macros.h:1306:31: note: expanded from macro 'EIGEN_SIZE_MIN_PREFER_FIXED'
 1306 |                            : ((int)b == Dynamic) ? (int)a \
      |                               ^    ~
In file included from chemistrySolver/canteraChemistrySolvers.C:27:
In file included from lnInclude/canteraChemistryModel.H:209:
In file included from lnInclude/canteraChemistryModelI.H:35:
In file included from /work/09629/m_hland10/ls6/cantera/include/cantera/kinetics/Kinetics.h:14:
In file included from /work/09629/m_hland10/ls6/cantera/include/cantera/kinetics/StoichManager.h:11:
In file included from /work/09629/m_hland10/ls6/cantera/include/cantera/numerics/eigen_sparse.h:12:
In file included from /scratch/tacc/apps/intel19/eigen/3.4.0/include/eigen3/Eigen/Sparse:26:
In file included from /scratch/tacc/apps/intel19/eigen/3.4.0/include/eigen3/Eigen/SparseCore:11:
In file included from /scratch/tacc/apps/intel19/eigen/3.4.0/include/eigen3/Eigen/Core:165:
/scratch/tacc/apps/intel19/eigen/3.4.0/include/eigen3/Eigen/src/Core/util/XprHelper.h:632:26: warning: use of old-style cast [-Wold-style-cast]
  632 |          max_diag_size = EIGEN_SIZE_MIN_PREFER_FIXED(ExpressionType::MaxRowsAtCompileTime, ExpressionType::MaxColsAtCompileTime)
      |                          ^                           ~~~~~~~~~~~~~~~~~~~~~~~~~~~~~~~~~~~~
/scratch/tacc/apps/intel19/eigen/3.4.0/include/eigen3/Eigen/src/Core/util/Macros.h:1306:52: note: expanded from macro 'EIGEN_SIZE_MIN_PREFER_FIXED'
 1306 |                            : ((int)b == Dynamic) ? (int)a \
      |                                                    ^    ~
In file included from chemistrySolver/canteraChemistrySolvers.C:27:
In file included from lnInclude/canteraChemistryModel.H:209:
In file included from lnInclude/canteraChemistryModelI.H:35:
In file included from /work/09629/m_hland10/ls6/cantera/include/cantera/kinetics/Kinetics.h:14:
In file included from /work/09629/m_hland10/ls6/cantera/include/cantera/kinetics/StoichManager.h:11:
In file included from /work/09629/m_hland10/ls6/cantera/include/cantera/numerics/eigen_sparse.h:12:
In file included from /scratch/tacc/apps/intel19/eigen/3.4.0/include/eigen3/Eigen/Sparse:26:
In file included from /scratch/tacc/apps/intel19/eigen/3.4.0/include/eigen3/Eigen/SparseCore:11:
In file included from /scratch/tacc/apps/intel19/eigen/3.4.0/include/eigen3/Eigen/Core:165:
/scratch/tacc/apps/intel19/eigen/3.4.0/include/eigen3/Eigen/src/Core/util/XprHelper.h:632:26: warning: use of old-style cast [-Wold-style-cast]
  632 |          max_diag_size = EIGEN_SIZE_MIN_PREFER_FIXED(ExpressionType::MaxRowsAtCompileTime, ExpressionType::MaxColsAtCompileTime)
      |                          ^                           ~~~~~~~~~~~~~~~~~~~~~~~~~~~~~~~~~~~~
/scratch/tacc/apps/intel19/eigen/3.4.0/include/eigen3/Eigen/src/Core/util/Macros.h:1307:31: note: expanded from macro 'EIGEN_SIZE_MIN_PREFER_FIXED'
 1307 |                            : ((int)a <= (int)b) ? (int)a : (int)b)
      |                               ^    ~
In file included from chemistrySolver/canteraChemistrySolvers.C:27:
In file included from lnInclude/canteraChemistryModel.H:209:
In file included from lnInclude/canteraChemistryModelI.H:35:
In file included from /work/09629/m_hland10/ls6/cantera/include/cantera/kinetics/Kinetics.h:14:
In file included from /work/09629/m_hland10/ls6/cantera/include/cantera/kinetics/StoichManager.h:11:
In file included from /work/09629/m_hland10/ls6/cantera/include/cantera/numerics/eigen_sparse.h:12:
In file included from /scratch/tacc/apps/intel19/eigen/3.4.0/include/eigen3/Eigen/Sparse:26:
In file included from /scratch/tacc/apps/intel19/eigen/3.4.0/include/eigen3/Eigen/SparseCore:11:
In file included from /scratch/tacc/apps/intel19/eigen/3.4.0/include/eigen3/Eigen/Core:165:
/scratch/tacc/apps/intel19/eigen/3.4.0/include/eigen3/Eigen/src/Core/util/XprHelper.h:632:26: warning: use of old-style cast [-Wold-style-cast]
  632 |          max_diag_size = EIGEN_SIZE_MIN_PREFER_FIXED(ExpressionType::MaxRowsAtCompileTime, ExpressionType::MaxColsAtCompileTime)
      |                          ^                                                                 ~~~~~~~~~~~~~~~~~~~~~~~~~~~~~~~~~~~~
/scratch/tacc/apps/intel19/eigen/3.4.0/include/eigen3/Eigen/src/Core/util/Macros.h:1307:41: note: expanded from macro 'EIGEN_SIZE_MIN_PREFER_FIXED'
 1307 |                            : ((int)a <= (int)b) ? (int)a : (int)b)
      |                                         ^    ~
In file included from chemistrySolver/canteraChemistrySolvers.C:27:
In file included from lnInclude/canteraChemistryModel.H:209:
In file included from lnInclude/canteraChemistryModelI.H:35:
In file included from /work/09629/m_hland10/ls6/cantera/include/cantera/kinetics/Kinetics.h:14:
In file included from /work/09629/m_hland10/ls6/cantera/include/cantera/kinetics/StoichManager.h:11:
In file included from /work/09629/m_hland10/ls6/cantera/include/cantera/numerics/eigen_sparse.h:12:
In file included from /scratch/tacc/apps/intel19/eigen/3.4.0/include/eigen3/Eigen/Sparse:26:
In file included from /scratch/tacc/apps/intel19/eigen/3.4.0/include/eigen3/Eigen/SparseCore:11:
In file included from /scratch/tacc/apps/intel19/eigen/3.4.0/include/eigen3/Eigen/Core:165:
/scratch/tacc/apps/intel19/eigen/3.4.0/include/eigen3/Eigen/src/Core/util/XprHelper.h:632:26: warning: use of old-style cast [-Wold-style-cast]
  632 |          max_diag_size = EIGEN_SIZE_MIN_PREFER_FIXED(ExpressionType::MaxRowsAtCompileTime, ExpressionType::MaxColsAtCompileTime)
      |                          ^                           ~~~~~~~~~~~~~~~~~~~~~~~~~~~~~~~~~~~~
/scratch/tacc/apps/intel19/eigen/3.4.0/include/eigen3/Eigen/src/Core/util/Macros.h:1307:51: note: expanded from macro 'EIGEN_SIZE_MIN_PREFER_FIXED'
 1307 |                            : ((int)a <= (int)b) ? (int)a : (int)b)
      |                                                   ^    ~
In file included from chemistrySolver/canteraChemistrySolvers.C:27:
In file included from lnInclude/canteraChemistryModel.H:209:
In file included from lnInclude/canteraChemistryModelI.H:35:
In file included from /work/09629/m_hland10/ls6/cantera/include/cantera/kinetics/Kinetics.h:14:
In file included from /work/09629/m_hland10/ls6/cantera/include/cantera/kinetics/StoichManager.h:11:
In file included from /work/09629/m_hland10/ls6/cantera/include/cantera/numerics/eigen_sparse.h:12:
In file included from /scratch/tacc/apps/intel19/eigen/3.4.0/include/eigen3/Eigen/Sparse:26:
In file included from /scratch/tacc/apps/intel19/eigen/3.4.0/include/eigen3/Eigen/SparseCore:11:
In file included from /scratch/tacc/apps/intel19/eigen/3.4.0/include/eigen3/Eigen/Core:165:
/scratch/tacc/apps/intel19/eigen/3.4.0/include/eigen3/Eigen/src/Core/util/XprHelper.h:632:26: warning: use of old-style cast [-Wold-style-cast]
  632 |          max_diag_size = EIGEN_SIZE_MIN_PREFER_FIXED(ExpressionType::MaxRowsAtCompileTime, ExpressionType::MaxColsAtCompileTime)
      |                          ^                                                                 ~~~~~~~~~~~~~~~~~~~~~~~~~~~~~~~~~~~~
/scratch/tacc/apps/intel19/eigen/3.4.0/include/eigen3/Eigen/src/Core/util/Macros.h:1307:60: note: expanded from macro 'EIGEN_SIZE_MIN_PREFER_FIXED'
 1307 |                            : ((int)a <= (int)b) ? (int)a : (int)b)
      |                                                            ^    ~
In file included from chemistrySolver/canteraChemistrySolvers.C:27:
In file included from lnInclude/canteraChemistryModel.H:209:
In file included from lnInclude/canteraChemistryModelI.H:35:
In file included from /work/09629/m_hland10/ls6/cantera/include/cantera/kinetics/Kinetics.h:14:
In file included from /work/09629/m_hland10/ls6/cantera/include/cantera/kinetics/StoichManager.h:11:
In file included from /work/09629/m_hland10/ls6/cantera/include/cantera/numerics/eigen_sparse.h:12:
In file included from /scratch/tacc/apps/intel19/eigen/3.4.0/include/eigen3/Eigen/Sparse:26:
In file included from /scratch/tacc/apps/intel19/eigen/3.4.0/include/eigen3/Eigen/SparseCore:11:
In file included from /scratch/tacc/apps/intel19/eigen/3.4.0/include/eigen3/Eigen/Core:171:
/scratch/tacc/apps/intel19/eigen/3.4.0/include/eigen3/Eigen/src/Core/MathFunctions.h:875:25: warning: use of old-style cast [-Wold-style-cast]
  875 |   enum { value = (n >= ((unsigned int)(1) << (lower+1))) ? lower+1 : lower };
      |                         ^             ~~~
/scratch/tacc/apps/intel19/eigen/3.4.0/include/eigen3/Eigen/src/Core/MathFunctions.h:919:40: warning: use of old-style cast [-Wold-style-cast]
  919 |     enum { rand_bits = meta_floor_log2<(unsigned int)(RAND_MAX)+1>::value,
      |                                        ^             ~~~~~~~~~~
/scratch/tacc/apps/intel19/eigen/3.4.0/include/eigen3/Eigen/src/Core/MathFunctions.h:921:20: warning: use of old-style cast [-Wold-style-cast]
  921 |            shift = EIGEN_PLAIN_ENUM_MAX(0, int(rand_bits) - int(scalar_bits)),
      |                    ^                    ~
/scratch/tacc/apps/intel19/eigen/3.4.0/include/eigen3/Eigen/src/Core/util/Macros.h:1289:37: note: expanded from macro 'EIGEN_PLAIN_ENUM_MAX'
 1289 | #define EIGEN_PLAIN_ENUM_MAX(a,b) (((int)a >= (int)b) ? (int)a : (int)b)
      |                                     ^    ~
In file included from chemistrySolver/canteraChemistrySolvers.C:27:
In file included from lnInclude/canteraChemistryModel.H:209:
In file included from lnInclude/canteraChemistryModelI.H:35:
In file included from /work/09629/m_hland10/ls6/cantera/include/cantera/kinetics/Kinetics.h:14:
In file included from /work/09629/m_hland10/ls6/cantera/include/cantera/kinetics/StoichManager.h:11:
In file included from /work/09629/m_hland10/ls6/cantera/include/cantera/numerics/eigen_sparse.h:12:
In file included from /scratch/tacc/apps/intel19/eigen/3.4.0/include/eigen3/Eigen/Sparse:26:
In file included from /scratch/tacc/apps/intel19/eigen/3.4.0/include/eigen3/Eigen/SparseCore:11:
In file included from /scratch/tacc/apps/intel19/eigen/3.4.0/include/eigen3/Eigen/Core:171:
/scratch/tacc/apps/intel19/eigen/3.4.0/include/eigen3/Eigen/src/Core/MathFunctions.h:921:20: warning: use of old-style cast [-Wold-style-cast]
  921 |            shift = EIGEN_PLAIN_ENUM_MAX(0, int(rand_bits) - int(scalar_bits)),
      |                    ^                       ~~~~~~~~~~~~~~
/scratch/tacc/apps/intel19/eigen/3.4.0/include/eigen3/Eigen/src/Core/util/Macros.h:1289:47: note: expanded from macro 'EIGEN_PLAIN_ENUM_MAX'
 1289 | #define EIGEN_PLAIN_ENUM_MAX(a,b) (((int)a >= (int)b) ? (int)a : (int)b)
      |                                               ^    ~
In file included from chemistrySolver/canteraChemistrySolvers.C:27:
In file included from lnInclude/canteraChemistryModel.H:209:
In file included from lnInclude/canteraChemistryModelI.H:35:
In file included from /work/09629/m_hland10/ls6/cantera/include/cantera/kinetics/Kinetics.h:14:
In file included from /work/09629/m_hland10/ls6/cantera/include/cantera/kinetics/StoichManager.h:11:
In file included from /work/09629/m_hland10/ls6/cantera/include/cantera/numerics/eigen_sparse.h:12:
In file included from /scratch/tacc/apps/intel19/eigen/3.4.0/include/eigen3/Eigen/Sparse:26:
In file included from /scratch/tacc/apps/intel19/eigen/3.4.0/include/eigen3/Eigen/SparseCore:11:
In file included from /scratch/tacc/apps/intel19/eigen/3.4.0/include/eigen3/Eigen/Core:171:
/scratch/tacc/apps/intel19/eigen/3.4.0/include/eigen3/Eigen/src/Core/MathFunctions.h:921:20: warning: use of old-style cast [-Wold-style-cast]
  921 |            shift = EIGEN_PLAIN_ENUM_MAX(0, int(rand_bits) - int(scalar_bits)),
      |                    ^                    ~
/scratch/tacc/apps/intel19/eigen/3.4.0/include/eigen3/Eigen/src/Core/util/Macros.h:1289:57: note: expanded from macro 'EIGEN_PLAIN_ENUM_MAX'
 1289 | #define EIGEN_PLAIN_ENUM_MAX(a,b) (((int)a >= (int)b) ? (int)a : (int)b)
      |                                                         ^    ~
In file included from chemistrySolver/canteraChemistrySolvers.C:27:
In file included from lnInclude/canteraChemistryModel.H:209:
In file included from lnInclude/canteraChemistryModelI.H:35:
In file included from /work/09629/m_hland10/ls6/cantera/include/cantera/kinetics/Kinetics.h:14:
In file included from /work/09629/m_hland10/ls6/cantera/include/cantera/kinetics/StoichManager.h:11:
In file included from /work/09629/m_hland10/ls6/cantera/include/cantera/numerics/eigen_sparse.h:12:
In file included from /scratch/tacc/apps/intel19/eigen/3.4.0/include/eigen3/Eigen/Sparse:26:
In file included from /scratch/tacc/apps/intel19/eigen/3.4.0/include/eigen3/Eigen/SparseCore:11:
In file included from /scratch/tacc/apps/intel19/eigen/3.4.0/include/eigen3/Eigen/Core:171:
/scratch/tacc/apps/intel19/eigen/3.4.0/include/eigen3/Eigen/src/Core/MathFunctions.h:921:20: warning: use of old-style cast [-Wold-style-cast]
  921 |            shift = EIGEN_PLAIN_ENUM_MAX(0, int(rand_bits) - int(scalar_bits)),
      |                    ^                       ~~~~~~~~~~~~~~
/scratch/tacc/apps/intel19/eigen/3.4.0/include/eigen3/Eigen/src/Core/util/Macros.h:1289:66: note: expanded from macro 'EIGEN_PLAIN_ENUM_MAX'
 1289 | #define EIGEN_PLAIN_ENUM_MAX(a,b) (((int)a >= (int)b) ? (int)a : (int)b)
      |                                                                  ^    ~
In file included from chemistrySolver/canteraChemistrySolvers.C:27:
In file included from lnInclude/canteraChemistryModel.H:209:
In file included from lnInclude/canteraChemistryModelI.H:35:
In file included from /work/09629/m_hland10/ls6/cantera/include/cantera/kinetics/Kinetics.h:14:
In file included from /work/09629/m_hland10/ls6/cantera/include/cantera/kinetics/StoichManager.h:11:
In file included from /work/09629/m_hland10/ls6/cantera/include/cantera/numerics/eigen_sparse.h:12:
In file included from /scratch/tacc/apps/intel19/eigen/3.4.0/include/eigen3/Eigen/Sparse:26:
In file included from /scratch/tacc/apps/intel19/eigen/3.4.0/include/eigen3/Eigen/SparseCore:11:
In file included from /scratch/tacc/apps/intel19/eigen/3.4.0/include/eigen3/Eigen/Core:171:
/scratch/tacc/apps/intel19/eigen/3.4.0/include/eigen3/Eigen/src/Core/MathFunctions.h:922:58: warning: use of old-style cast [-Wold-style-cast]
  922 |            offset = NumTraits<Scalar>::IsSigned ? (1 << (EIGEN_PLAIN_ENUM_MIN(rand_bits,scalar_bits)-1)) : 0
      |                                                          ^                    ~~~~~~~~~
/scratch/tacc/apps/intel19/eigen/3.4.0/include/eigen3/Eigen/src/Core/util/Macros.h:1288:37: note: expanded from macro 'EIGEN_PLAIN_ENUM_MIN'
 1288 | #define EIGEN_PLAIN_ENUM_MIN(a,b) (((int)a <= (int)b) ? (int)a : (int)b)
      |                                     ^    ~
In file included from chemistrySolver/canteraChemistrySolvers.C:27:
In file included from lnInclude/canteraChemistryModel.H:209:
In file included from lnInclude/canteraChemistryModelI.H:35:
In file included from /work/09629/m_hland10/ls6/cantera/include/cantera/kinetics/Kinetics.h:14:
In file included from /work/09629/m_hland10/ls6/cantera/include/cantera/kinetics/StoichManager.h:11:
In file included from /work/09629/m_hland10/ls6/cantera/include/cantera/numerics/eigen_sparse.h:12:
In file included from /scratch/tacc/apps/intel19/eigen/3.4.0/include/eigen3/Eigen/Sparse:26:
In file included from /scratch/tacc/apps/intel19/eigen/3.4.0/include/eigen3/Eigen/SparseCore:11:
In file included from /scratch/tacc/apps/intel19/eigen/3.4.0/include/eigen3/Eigen/Core:171:
/scratch/tacc/apps/intel19/eigen/3.4.0/include/eigen3/Eigen/src/Core/MathFunctions.h:922:58: warning: use of old-style cast [-Wold-style-cast]
  922 |            offset = NumTraits<Scalar>::IsSigned ? (1 << (EIGEN_PLAIN_ENUM_MIN(rand_bits,scalar_bits)-1)) : 0
      |                                                          ^                              ~~~~~~~~~~~
/scratch/tacc/apps/intel19/eigen/3.4.0/include/eigen3/Eigen/src/Core/util/Macros.h:1288:47: note: expanded from macro 'EIGEN_PLAIN_ENUM_MIN'
 1288 | #define EIGEN_PLAIN_ENUM_MIN(a,b) (((int)a <= (int)b) ? (int)a : (int)b)
      |                                               ^    ~
In file included from chemistrySolver/canteraChemistrySolvers.C:27:
In file included from lnInclude/canteraChemistryModel.H:209:
In file included from lnInclude/canteraChemistryModelI.H:35:
In file included from /work/09629/m_hland10/ls6/cantera/include/cantera/kinetics/Kinetics.h:14:
In file included from /work/09629/m_hland10/ls6/cantera/include/cantera/kinetics/StoichManager.h:11:
In file included from /work/09629/m_hland10/ls6/cantera/include/cantera/numerics/eigen_sparse.h:12:
In file included from /scratch/tacc/apps/intel19/eigen/3.4.0/include/eigen3/Eigen/Sparse:26:
In file included from /scratch/tacc/apps/intel19/eigen/3.4.0/include/eigen3/Eigen/SparseCore:11:
In file included from /scratch/tacc/apps/intel19/eigen/3.4.0/include/eigen3/Eigen/Core:171:
/scratch/tacc/apps/intel19/eigen/3.4.0/include/eigen3/Eigen/src/Core/MathFunctions.h:922:58: warning: use of old-style cast [-Wold-style-cast]
  922 |            offset = NumTraits<Scalar>::IsSigned ? (1 << (EIGEN_PLAIN_ENUM_MIN(rand_bits,scalar_bits)-1)) : 0
      |                                                          ^                    ~~~~~~~~~
/scratch/tacc/apps/intel19/eigen/3.4.0/include/eigen3/Eigen/src/Core/util/Macros.h:1288:57: note: expanded from macro 'EIGEN_PLAIN_ENUM_MIN'
 1288 | #define EIGEN_PLAIN_ENUM_MIN(a,b) (((int)a <= (int)b) ? (int)a : (int)b)
      |                                                         ^    ~
In file included from chemistrySolver/canteraChemistrySolvers.C:27:
In file included from lnInclude/canteraChemistryModel.H:209:
In file included from lnInclude/canteraChemistryModelI.H:35:
In file included from /work/09629/m_hland10/ls6/cantera/include/cantera/kinetics/Kinetics.h:14:
In file included from /work/09629/m_hland10/ls6/cantera/include/cantera/kinetics/StoichManager.h:11:
In file included from /work/09629/m_hland10/ls6/cantera/include/cantera/numerics/eigen_sparse.h:12:
In file included from /scratch/tacc/apps/intel19/eigen/3.4.0/include/eigen3/Eigen/Sparse:26:
In file included from /scratch/tacc/apps/intel19/eigen/3.4.0/include/eigen3/Eigen/SparseCore:11:
In file included from /scratch/tacc/apps/intel19/eigen/3.4.0/include/eigen3/Eigen/Core:171:
/scratch/tacc/apps/intel19/eigen/3.4.0/include/eigen3/Eigen/src/Core/MathFunctions.h:922:58: warning: use of old-style cast [-Wold-style-cast]
  922 |            offset = NumTraits<Scalar>::IsSigned ? (1 << (EIGEN_PLAIN_ENUM_MIN(rand_bits,scalar_bits)-1)) : 0
      |                                                          ^                              ~~~~~~~~~~~
/scratch/tacc/apps/intel19/eigen/3.4.0/include/eigen3/Eigen/src/Core/util/Macros.h:1288:66: note: expanded from macro 'EIGEN_PLAIN_ENUM_MIN'
 1288 | #define EIGEN_PLAIN_ENUM_MIN(a,b) (((int)a <= (int)b) ? (int)a : (int)b)
      |                                                                  ^    ~
In file included from chemistrySolver/canteraChemistrySolvers.C:27:
In file included from lnInclude/canteraChemistryModel.H:209:
In file included from lnInclude/canteraChemistryModelI.H:35:
In file included from /work/09629/m_hland10/ls6/cantera/include/cantera/kinetics/Kinetics.h:14:
In file included from /work/09629/m_hland10/ls6/cantera/include/cantera/kinetics/StoichManager.h:11:
In file included from /work/09629/m_hland10/ls6/cantera/include/cantera/numerics/eigen_sparse.h:12:
In file included from /scratch/tacc/apps/intel19/eigen/3.4.0/include/eigen3/Eigen/Sparse:26:
In file included from /scratch/tacc/apps/intel19/eigen/3.4.0/include/eigen3/Eigen/SparseCore:11:
In file included from /scratch/tacc/apps/intel19/eigen/3.4.0/include/eigen3/Eigen/Core:205:
/scratch/tacc/apps/intel19/eigen/3.4.0/include/eigen3/Eigen/src/Core/arch/SSE/PacketMath.h:868:89: warning: use of old-style cast [-Wold-style-cast]
  868 | template<> EIGEN_STRONG_INLINE void prefetch<float>(const float*   addr) { _mm_prefetch((SsePrefetchPtrType)(addr), _MM_HINT_T0); }
      |                                                                                         ^                   ~~~~~~
/scratch/projects/compilers/intel24.1/oneapi/compiler/2024.1/lib/clang/18/include/xmmintrin.h:2128:65: note: expanded from macro '_mm_prefetch'
 2128 | #define _mm_prefetch(a, sel) (__builtin_prefetch((const void *)(a), \
      |                                                                 ^
In file included from chemistrySolver/canteraChemistrySolvers.C:27:
In file included from lnInclude/canteraChemistryModel.H:209:
In file included from lnInclude/canteraChemistryModelI.H:35:
In file included from /work/09629/m_hland10/ls6/cantera/include/cantera/kinetics/Kinetics.h:14:
In file included from /work/09629/m_hland10/ls6/cantera/include/cantera/kinetics/StoichManager.h:11:
In file included from /work/09629/m_hland10/ls6/cantera/include/cantera/numerics/eigen_sparse.h:12:
In file included from /scratch/tacc/apps/intel19/eigen/3.4.0/include/eigen3/Eigen/Sparse:26:
In file included from /scratch/tacc/apps/intel19/eigen/3.4.0/include/eigen3/Eigen/SparseCore:11:
In file included from /scratch/tacc/apps/intel19/eigen/3.4.0/include/eigen3/Eigen/Core:205:
/scratch/tacc/apps/intel19/eigen/3.4.0/include/eigen3/Eigen/src/Core/arch/SSE/PacketMath.h:869:89: warning: use of old-style cast [-Wold-style-cast]
  869 | template<> EIGEN_STRONG_INLINE void prefetch<double>(const double* addr) { _mm_prefetch((SsePrefetchPtrType)(addr), _MM_HINT_T0); }
      |                                                                                         ^                   ~~~~~~
/scratch/projects/compilers/intel24.1/oneapi/compiler/2024.1/lib/clang/18/include/xmmintrin.h:2128:65: note: expanded from macro '_mm_prefetch'
 2128 | #define _mm_prefetch(a, sel) (__builtin_prefetch((const void *)(a), \
      |                                                                 ^
In file included from chemistrySolver/canteraChemistrySolvers.C:27:
In file included from lnInclude/canteraChemistryModel.H:209:
In file included from lnInclude/canteraChemistryModelI.H:35:
In file included from /work/09629/m_hland10/ls6/cantera/include/cantera/kinetics/Kinetics.h:14:
In file included from /work/09629/m_hland10/ls6/cantera/include/cantera/kinetics/StoichManager.h:11:
In file included from /work/09629/m_hland10/ls6/cantera/include/cantera/numerics/eigen_sparse.h:12:
In file included from /scratch/tacc/apps/intel19/eigen/3.4.0/include/eigen3/Eigen/Sparse:26:
In file included from /scratch/tacc/apps/intel19/eigen/3.4.0/include/eigen3/Eigen/SparseCore:11:
In file included from /scratch/tacc/apps/intel19/eigen/3.4.0/include/eigen3/Eigen/Core:205:
/scratch/tacc/apps/intel19/eigen/3.4.0/include/eigen3/Eigen/src/Core/arch/SSE/PacketMath.h:870:89: warning: use of old-style cast [-Wold-style-cast]
  870 | template<> EIGEN_STRONG_INLINE void prefetch<int>(const int*       addr) { _mm_prefetch((SsePrefetchPtrType)(addr), _MM_HINT_T0); }
      |                                                                                         ^                   ~~~~~~
/scratch/projects/compilers/intel24.1/oneapi/compiler/2024.1/lib/clang/18/include/xmmintrin.h:2128:65: note: expanded from macro '_mm_prefetch'
 2128 | #define _mm_prefetch(a, sel) (__builtin_prefetch((const void *)(a), \
      |                                                                 ^
In file included from chemistrySolver/canteraChemistrySolvers.C:27:
In file included from lnInclude/canteraChemistryModel.H:209:
In file included from lnInclude/canteraChemistryModelI.H:35:
In file included from /work/09629/m_hland10/ls6/cantera/include/cantera/kinetics/Kinetics.h:14:
In file included from /work/09629/m_hland10/ls6/cantera/include/cantera/kinetics/StoichManager.h:11:
In file included from /work/09629/m_hland10/ls6/cantera/include/cantera/numerics/eigen_sparse.h:12:
In file included from /scratch/tacc/apps/intel19/eigen/3.4.0/include/eigen3/Eigen/Sparse:26:
In file included from /scratch/tacc/apps/intel19/eigen/3.4.0/include/eigen3/Eigen/SparseCore:11:
In file included from /scratch/tacc/apps/intel19/eigen/3.4.0/include/eigen3/Eigen/Core:208:
/scratch/tacc/apps/intel19/eigen/3.4.0/include/eigen3/Eigen/src/Core/arch/SSE/Complex.h:139:119: warning: use of old-style cast [-Wold-style-cast]
  139 | template<> EIGEN_STRONG_INLINE void prefetch<std::complex<float> >(const std::complex<float> *   addr) { _mm_prefetch((SsePrefetchPtrType)(addr), _MM_HINT_T0); }
      |                                                                                                                       ^                   ~~~~~~
/scratch/projects/compilers/intel24.1/oneapi/compiler/2024.1/lib/clang/18/include/xmmintrin.h:2128:65: note: expanded from macro '_mm_prefetch'
 2128 | #define _mm_prefetch(a, sel) (__builtin_prefetch((const void *)(a), \
      |                                                                 ^
In file included from chemistrySolver/canteraChemistrySolvers.C:27:
In file included from lnInclude/canteraChemistryModel.H:209:
In file included from lnInclude/canteraChemistryModelI.H:35:
In file included from /work/09629/m_hland10/ls6/cantera/include/cantera/kinetics/Kinetics.h:14:
In file included from /work/09629/m_hland10/ls6/cantera/include/cantera/kinetics/StoichManager.h:11:
In file included from /work/09629/m_hland10/ls6/cantera/include/cantera/numerics/eigen_sparse.h:12:
In file included from /scratch/tacc/apps/intel19/eigen/3.4.0/include/eigen3/Eigen/Sparse:26:
In file included from /scratch/tacc/apps/intel19/eigen/3.4.0/include/eigen3/Eigen/SparseCore:11:
In file included from /scratch/tacc/apps/intel19/eigen/3.4.0/include/eigen3/Eigen/Core:208:
/scratch/tacc/apps/intel19/eigen/3.4.0/include/eigen3/Eigen/src/Core/arch/SSE/Complex.h:147:16: warning: use of old-style cast [-Wold-style-cast]
  147 |   _mm_store_ps((float*)res, a.v);
      |                ^       ~~~
/scratch/tacc/apps/intel19/eigen/3.4.0/include/eigen3/Eigen/src/Core/arch/SSE/Complex.h:265:61: warning: use of old-style cast [-Wold-style-cast]
  265 | { EIGEN_DEBUG_ALIGNED_LOAD return Packet1cd(pload<Packet2d>((const double*)from)); }
      |                                                             ^              ~~~~
/scratch/tacc/apps/intel19/eigen/3.4.0/include/eigen3/Eigen/src/Core/arch/SSE/Complex.h:267:64: warning: use of old-style cast [-Wold-style-cast]
  267 | { EIGEN_DEBUG_UNALIGNED_LOAD return Packet1cd(ploadu<Packet2d>((const double*)from)); }
      |                                                                ^              ~~~~
/scratch/tacc/apps/intel19/eigen/3.4.0/include/eigen3/Eigen/src/Core/arch/SSE/Complex.h:274:155: warning: use of old-style cast [-Wold-style-cast]
  274 | template<> EIGEN_STRONG_INLINE void pstore <std::complex<double> >(std::complex<double> *   to, const Packet1cd& from) { EIGEN_DEBUG_ALIGNED_STORE pstore((double*)to, Packet2d(from.v)); }
      |                                                                                                                                                           ^        ~~
/scratch/tacc/apps/intel19/eigen/3.4.0/include/eigen3/Eigen/src/Core/arch/SSE/Complex.h:275:158: warning: use of old-style cast [-Wold-style-cast]
  275 | template<> EIGEN_STRONG_INLINE void pstoreu<std::complex<double> >(std::complex<double> *   to, const Packet1cd& from) { EIGEN_DEBUG_UNALIGNED_STORE pstoreu((double*)to, Packet2d(from.v)); }
      |                                                                                                                                                              ^        ~~
/scratch/tacc/apps/intel19/eigen/3.4.0/include/eigen3/Eigen/src/Core/arch/SSE/Complex.h:277:121: warning: use of old-style cast [-Wold-style-cast]
  277 | template<> EIGEN_STRONG_INLINE void prefetch<std::complex<double> >(const std::complex<double> *   addr) { _mm_prefetch((SsePrefetchPtrType)(addr), _MM_HINT_T0); }
      |                                                                                                                         ^                   ~~~~~~
/scratch/projects/compilers/intel24.1/oneapi/compiler/2024.1/lib/clang/18/include/xmmintrin.h:2128:65: note: expanded from macro '_mm_prefetch'
 2128 | #define _mm_prefetch(a, sel) (__builtin_prefetch((const void *)(a), \
      |                                                                 ^
In file included from chemistrySolver/canteraChemistrySolvers.C:27:
In file included from lnInclude/canteraChemistryModel.H:209:
In file included from lnInclude/canteraChemistryModelI.H:35:
In file included from /work/09629/m_hland10/ls6/cantera/include/cantera/kinetics/Kinetics.h:14:
In file included from /work/09629/m_hland10/ls6/cantera/include/cantera/kinetics/StoichManager.h:11:
In file included from /work/09629/m_hland10/ls6/cantera/include/cantera/numerics/eigen_sparse.h:12:
In file included from /scratch/tacc/apps/intel19/eigen/3.4.0/include/eigen3/Eigen/Sparse:26:
In file included from /scratch/tacc/apps/intel19/eigen/3.4.0/include/eigen3/Eigen/SparseCore:11:
In file included from /scratch/tacc/apps/intel19/eigen/3.4.0/include/eigen3/Eigen/Core:273:
/scratch/tacc/apps/intel19/eigen/3.4.0/include/eigen3/Eigen/src/Core/MatrixBase.h:95:27: warning: use of old-style cast [-Wold-style-cast]
   95 |     typedef Matrix<Scalar,EIGEN_SIZE_MAX(RowsAtCompileTime,ColsAtCompileTime),
      |                           ^              ~~~~~~~~~~~~~~~~~
/scratch/tacc/apps/intel19/eigen/3.4.0/include/eigen3/Eigen/src/Core/util/Macros.h:1310:31: note: expanded from macro 'EIGEN_SIZE_MAX'
 1310 | #define EIGEN_SIZE_MAX(a,b) (((int)a == Dynamic || (int)b == Dynamic) ? Dynamic \
      |                               ^    ~
In file included from chemistrySolver/canteraChemistrySolvers.C:27:
In file included from lnInclude/canteraChemistryModel.H:209:
In file included from lnInclude/canteraChemistryModelI.H:35:
In file included from /work/09629/m_hland10/ls6/cantera/include/cantera/kinetics/Kinetics.h:14:
In file included from /work/09629/m_hland10/ls6/cantera/include/cantera/kinetics/StoichManager.h:11:
In file included from /work/09629/m_hland10/ls6/cantera/include/cantera/numerics/eigen_sparse.h:12:
In file included from /scratch/tacc/apps/intel19/eigen/3.4.0/include/eigen3/Eigen/Sparse:26:
In file included from /scratch/tacc/apps/intel19/eigen/3.4.0/include/eigen3/Eigen/SparseCore:11:
In file included from /scratch/tacc/apps/intel19/eigen/3.4.0/include/eigen3/Eigen/Core:273:
/scratch/tacc/apps/intel19/eigen/3.4.0/include/eigen3/Eigen/src/Core/MatrixBase.h:95:27: warning: use of old-style cast [-Wold-style-cast]
   95 |     typedef Matrix<Scalar,EIGEN_SIZE_MAX(RowsAtCompileTime,ColsAtCompileTime),
      |                           ^                                ~~~~~~~~~~~~~~~~~
/scratch/tacc/apps/intel19/eigen/3.4.0/include/eigen3/Eigen/src/Core/util/Macros.h:1310:52: note: expanded from macro 'EIGEN_SIZE_MAX'
 1310 | #define EIGEN_SIZE_MAX(a,b) (((int)a == Dynamic || (int)b == Dynamic) ? Dynamic \
      |                                                    ^    ~
In file included from chemistrySolver/canteraChemistrySolvers.C:27:
In file included from lnInclude/canteraChemistryModel.H:209:
In file included from lnInclude/canteraChemistryModelI.H:35:
In file included from /work/09629/m_hland10/ls6/cantera/include/cantera/kinetics/Kinetics.h:14:
In file included from /work/09629/m_hland10/ls6/cantera/include/cantera/kinetics/StoichManager.h:11:
In file included from /work/09629/m_hland10/ls6/cantera/include/cantera/numerics/eigen_sparse.h:12:
In file included from /scratch/tacc/apps/intel19/eigen/3.4.0/include/eigen3/Eigen/Sparse:26:
In file included from /scratch/tacc/apps/intel19/eigen/3.4.0/include/eigen3/Eigen/SparseCore:11:
In file included from /scratch/tacc/apps/intel19/eigen/3.4.0/include/eigen3/Eigen/Core:273:
/scratch/tacc/apps/intel19/eigen/3.4.0/include/eigen3/Eigen/src/Core/MatrixBase.h:95:27: warning: use of old-style cast [-Wold-style-cast]
   95 |     typedef Matrix<Scalar,EIGEN_SIZE_MAX(RowsAtCompileTime,ColsAtCompileTime),
      |                           ^              ~~~~~~~~~~~~~~~~~
/scratch/tacc/apps/intel19/eigen/3.4.0/include/eigen3/Eigen/src/Core/util/Macros.h:1311:31: note: expanded from macro 'EIGEN_SIZE_MAX'
 1311 |                            : ((int)a >= (int)b) ? (int)a : (int)b)
      |                               ^    ~
In file included from chemistrySolver/canteraChemistrySolvers.C:27:
In file included from lnInclude/canteraChemistryModel.H:209:
In file included from lnInclude/canteraChemistryModelI.H:35:
In file included from /work/09629/m_hland10/ls6/cantera/include/cantera/kinetics/Kinetics.h:14:
In file included from /work/09629/m_hland10/ls6/cantera/include/cantera/kinetics/StoichManager.h:11:
In file included from /work/09629/m_hland10/ls6/cantera/include/cantera/numerics/eigen_sparse.h:12:
In file included from /scratch/tacc/apps/intel19/eigen/3.4.0/include/eigen3/Eigen/Sparse:26:
In file included from /scratch/tacc/apps/intel19/eigen/3.4.0/include/eigen3/Eigen/SparseCore:11:
In file included from /scratch/tacc/apps/intel19/eigen/3.4.0/include/eigen3/Eigen/Core:273:
/scratch/tacc/apps/intel19/eigen/3.4.0/include/eigen3/Eigen/src/Core/MatrixBase.h:95:27: warning: use of old-style cast [-Wold-style-cast]
   95 |     typedef Matrix<Scalar,EIGEN_SIZE_MAX(RowsAtCompileTime,ColsAtCompileTime),
      |                           ^                                ~~~~~~~~~~~~~~~~~
/scratch/tacc/apps/intel19/eigen/3.4.0/include/eigen3/Eigen/src/Core/util/Macros.h:1311:41: note: expanded from macro 'EIGEN_SIZE_MAX'
 1311 |                            : ((int)a >= (int)b) ? (int)a : (int)b)
      |                                         ^    ~
In file included from chemistrySolver/canteraChemistrySolvers.C:27:
In file included from lnInclude/canteraChemistryModel.H:209:
In file included from lnInclude/canteraChemistryModelI.H:35:
In file included from /work/09629/m_hland10/ls6/cantera/include/cantera/kinetics/Kinetics.h:14:
In file included from /work/09629/m_hland10/ls6/cantera/include/cantera/kinetics/StoichManager.h:11:
In file included from /work/09629/m_hland10/ls6/cantera/include/cantera/numerics/eigen_sparse.h:12:
In file included from /scratch/tacc/apps/intel19/eigen/3.4.0/include/eigen3/Eigen/Sparse:26:
In file included from /scratch/tacc/apps/intel19/eigen/3.4.0/include/eigen3/Eigen/SparseCore:11:
In file included from /scratch/tacc/apps/intel19/eigen/3.4.0/include/eigen3/Eigen/Core:273:
/scratch/tacc/apps/intel19/eigen/3.4.0/include/eigen3/Eigen/src/Core/MatrixBase.h:95:27: warning: use of old-style cast [-Wold-style-cast]
   95 |     typedef Matrix<Scalar,EIGEN_SIZE_MAX(RowsAtCompileTime,ColsAtCompileTime),
      |                           ^              ~~~~~~~~~~~~~~~~~
/scratch/tacc/apps/intel19/eigen/3.4.0/include/eigen3/Eigen/src/Core/util/Macros.h:1311:51: note: expanded from macro 'EIGEN_SIZE_MAX'
 1311 |                            : ((int)a >= (int)b) ? (int)a : (int)b)
      |                                                   ^    ~
In file included from chemistrySolver/canteraChemistrySolvers.C:27:
In file included from lnInclude/canteraChemistryModel.H:209:
In file included from lnInclude/canteraChemistryModelI.H:35:
In file included from /work/09629/m_hland10/ls6/cantera/include/cantera/kinetics/Kinetics.h:14:
In file included from /work/09629/m_hland10/ls6/cantera/include/cantera/kinetics/StoichManager.h:11:
In file included from /work/09629/m_hland10/ls6/cantera/include/cantera/numerics/eigen_sparse.h:12:
In file included from /scratch/tacc/apps/intel19/eigen/3.4.0/include/eigen3/Eigen/Sparse:26:
In file included from /scratch/tacc/apps/intel19/eigen/3.4.0/include/eigen3/Eigen/SparseCore:11:
In file included from /scratch/tacc/apps/intel19/eigen/3.4.0/include/eigen3/Eigen/Core:273:
/scratch/tacc/apps/intel19/eigen/3.4.0/include/eigen3/Eigen/src/Core/MatrixBase.h:95:27: warning: use of old-style cast [-Wold-style-cast]
   95 |     typedef Matrix<Scalar,EIGEN_SIZE_MAX(RowsAtCompileTime,ColsAtCompileTime),
      |                           ^                                ~~~~~~~~~~~~~~~~~
/scratch/tacc/apps/intel19/eigen/3.4.0/include/eigen3/Eigen/src/Core/util/Macros.h:1311:60: note: expanded from macro 'EIGEN_SIZE_MAX'
 1311 |                            : ((int)a >= (int)b) ? (int)a : (int)b)
      |                                                            ^    ~
In file included from chemistrySolver/canteraChemistrySolvers.C:27:
In file included from lnInclude/canteraChemistryModel.H:209:
In file included from lnInclude/canteraChemistryModelI.H:35:
In file included from /work/09629/m_hland10/ls6/cantera/include/cantera/kinetics/Kinetics.h:14:
In file included from /work/09629/m_hland10/ls6/cantera/include/cantera/kinetics/StoichManager.h:11:
In file included from /work/09629/m_hland10/ls6/cantera/include/cantera/numerics/eigen_sparse.h:12:
In file included from /scratch/tacc/apps/intel19/eigen/3.4.0/include/eigen3/Eigen/Sparse:26:
In file included from /scratch/tacc/apps/intel19/eigen/3.4.0/include/eigen3/Eigen/SparseCore:11:
In file included from /scratch/tacc/apps/intel19/eigen/3.4.0/include/eigen3/Eigen/Core:273:
/scratch/tacc/apps/intel19/eigen/3.4.0/include/eigen3/Eigen/src/Core/MatrixBase.h:96:27: warning: use of old-style cast [-Wold-style-cast]
   96 |                           EIGEN_SIZE_MAX(RowsAtCompileTime,ColsAtCompileTime)> SquareMatrixType;
      |                           ^              ~~~~~~~~~~~~~~~~~
/scratch/tacc/apps/intel19/eigen/3.4.0/include/eigen3/Eigen/src/Core/util/Macros.h:1310:31: note: expanded from macro 'EIGEN_SIZE_MAX'
 1310 | #define EIGEN_SIZE_MAX(a,b) (((int)a == Dynamic || (int)b == Dynamic) ? Dynamic \
      |                               ^    ~
In file included from chemistrySolver/canteraChemistrySolvers.C:27:
In file included from lnInclude/canteraChemistryModel.H:209:
In file included from lnInclude/canteraChemistryModelI.H:35:
In file included from /work/09629/m_hland10/ls6/cantera/include/cantera/kinetics/Kinetics.h:14:
In file included from /work/09629/m_hland10/ls6/cantera/include/cantera/kinetics/StoichManager.h:11:
In file included from /work/09629/m_hland10/ls6/cantera/include/cantera/numerics/eigen_sparse.h:12:
In file included from /scratch/tacc/apps/intel19/eigen/3.4.0/include/eigen3/Eigen/Sparse:26:
In file included from /scratch/tacc/apps/intel19/eigen/3.4.0/include/eigen3/Eigen/SparseCore:11:
In file included from /scratch/tacc/apps/intel19/eigen/3.4.0/include/eigen3/Eigen/Core:273:
/scratch/tacc/apps/intel19/eigen/3.4.0/include/eigen3/Eigen/src/Core/MatrixBase.h:96:27: warning: use of old-style cast [-Wold-style-cast]
   96 |                           EIGEN_SIZE_MAX(RowsAtCompileTime,ColsAtCompileTime)> SquareMatrixType;
      |                           ^                                ~~~~~~~~~~~~~~~~~
/scratch/tacc/apps/intel19/eigen/3.4.0/include/eigen3/Eigen/src/Core/util/Macros.h:1310:52: note: expanded from macro 'EIGEN_SIZE_MAX'
 1310 | #define EIGEN_SIZE_MAX(a,b) (((int)a == Dynamic || (int)b == Dynamic) ? Dynamic \
      |                                                    ^    ~
In file included from chemistrySolver/canteraChemistrySolvers.C:27:
In file included from lnInclude/canteraChemistryModel.H:209:
In file included from lnInclude/canteraChemistryModelI.H:35:
In file included from /work/09629/m_hland10/ls6/cantera/include/cantera/kinetics/Kinetics.h:14:
In file included from /work/09629/m_hland10/ls6/cantera/include/cantera/kinetics/StoichManager.h:11:
In file included from /work/09629/m_hland10/ls6/cantera/include/cantera/numerics/eigen_sparse.h:12:
In file included from /scratch/tacc/apps/intel19/eigen/3.4.0/include/eigen3/Eigen/Sparse:26:
In file included from /scratch/tacc/apps/intel19/eigen/3.4.0/include/eigen3/Eigen/SparseCore:11:
In file included from /scratch/tacc/apps/intel19/eigen/3.4.0/include/eigen3/Eigen/Core:273:
/scratch/tacc/apps/intel19/eigen/3.4.0/include/eigen3/Eigen/src/Core/MatrixBase.h:96:27: warning: use of old-style cast [-Wold-style-cast]
   96 |                           EIGEN_SIZE_MAX(RowsAtCompileTime,ColsAtCompileTime)> SquareMatrixType;
      |                           ^              ~~~~~~~~~~~~~~~~~
/scratch/tacc/apps/intel19/eigen/3.4.0/include/eigen3/Eigen/src/Core/util/Macros.h:1311:31: note: expanded from macro 'EIGEN_SIZE_MAX'
 1311 |                            : ((int)a >= (int)b) ? (int)a : (int)b)
      |                               ^    ~
In file included from chemistrySolver/canteraChemistrySolvers.C:27:
In file included from lnInclude/canteraChemistryModel.H:209:
In file included from lnInclude/canteraChemistryModelI.H:35:
In file included from /work/09629/m_hland10/ls6/cantera/include/cantera/kinetics/Kinetics.h:14:
In file included from /work/09629/m_hland10/ls6/cantera/include/cantera/kinetics/StoichManager.h:11:
In file included from /work/09629/m_hland10/ls6/cantera/include/cantera/numerics/eigen_sparse.h:12:
In file included from /scratch/tacc/apps/intel19/eigen/3.4.0/include/eigen3/Eigen/Sparse:26:
In file included from /scratch/tacc/apps/intel19/eigen/3.4.0/include/eigen3/Eigen/SparseCore:11:
In file included from /scratch/tacc/apps/intel19/eigen/3.4.0/include/eigen3/Eigen/Core:273:
/scratch/tacc/apps/intel19/eigen/3.4.0/include/eigen3/Eigen/src/Core/MatrixBase.h:96:27: warning: use of old-style cast [-Wold-style-cast]
   96 |                           EIGEN_SIZE_MAX(RowsAtCompileTime,ColsAtCompileTime)> SquareMatrixType;
      |                           ^                                ~~~~~~~~~~~~~~~~~
/scratch/tacc/apps/intel19/eigen/3.4.0/include/eigen3/Eigen/src/Core/util/Macros.h:1311:41: note: expanded from macro 'EIGEN_SIZE_MAX'
 1311 |                            : ((int)a >= (int)b) ? (int)a : (int)b)
      |                                         ^    ~
In file included from chemistrySolver/canteraChemistrySolvers.C:27:
In file included from lnInclude/canteraChemistryModel.H:209:
In file included from lnInclude/canteraChemistryModelI.H:35:
In file included from /work/09629/m_hland10/ls6/cantera/include/cantera/kinetics/Kinetics.h:14:
In file included from /work/09629/m_hland10/ls6/cantera/include/cantera/kinetics/StoichManager.h:11:
In file included from /work/09629/m_hland10/ls6/cantera/include/cantera/numerics/eigen_sparse.h:12:
In file included from /scratch/tacc/apps/intel19/eigen/3.4.0/include/eigen3/Eigen/Sparse:26:
In file included from /scratch/tacc/apps/intel19/eigen/3.4.0/include/eigen3/Eigen/SparseCore:11:
In file included from /scratch/tacc/apps/intel19/eigen/3.4.0/include/eigen3/Eigen/Core:273:
/scratch/tacc/apps/intel19/eigen/3.4.0/include/eigen3/Eigen/src/Core/MatrixBase.h:96:27: warning: use of old-style cast [-Wold-style-cast]
   96 |                           EIGEN_SIZE_MAX(RowsAtCompileTime,ColsAtCompileTime)> SquareMatrixType;
      |                           ^              ~~~~~~~~~~~~~~~~~
/scratch/tacc/apps/intel19/eigen/3.4.0/include/eigen3/Eigen/src/Core/util/Macros.h:1311:51: note: expanded from macro 'EIGEN_SIZE_MAX'
 1311 |                            : ((int)a >= (int)b) ? (int)a : (int)b)
      |                                                   ^    ~
In file included from chemistrySolver/canteraChemistrySolvers.C:27:
In file included from lnInclude/canteraChemistryModel.H:209:
In file included from lnInclude/canteraChemistryModelI.H:35:
In file included from /work/09629/m_hland10/ls6/cantera/include/cantera/kinetics/Kinetics.h:14:
In file included from /work/09629/m_hland10/ls6/cantera/include/cantera/kinetics/StoichManager.h:11:
In file included from /work/09629/m_hland10/ls6/cantera/include/cantera/numerics/eigen_sparse.h:12:
In file included from /scratch/tacc/apps/intel19/eigen/3.4.0/include/eigen3/Eigen/Sparse:26:
In file included from /scratch/tacc/apps/intel19/eigen/3.4.0/include/eigen3/Eigen/SparseCore:11:
In file included from /scratch/tacc/apps/intel19/eigen/3.4.0/include/eigen3/Eigen/Core:273:
/scratch/tacc/apps/intel19/eigen/3.4.0/include/eigen3/Eigen/src/Core/MatrixBase.h:96:27: warning: use of old-style cast [-Wold-style-cast]
   96 |                           EIGEN_SIZE_MAX(RowsAtCompileTime,ColsAtCompileTime)> SquareMatrixType;
      |                           ^                                ~~~~~~~~~~~~~~~~~
/scratch/tacc/apps/intel19/eigen/3.4.0/include/eigen3/Eigen/src/Core/util/Macros.h:1311:60: note: expanded from macro 'EIGEN_SIZE_MAX'
 1311 |                            : ((int)a >= (int)b) ? (int)a : (int)b)
      |                                                            ^    ~
In file included from chemistrySolver/canteraChemistrySolvers.C:27:
In file included from lnInclude/canteraChemistryModel.H:209:
In file included from lnInclude/canteraChemistryModelI.H:35:
In file included from /work/09629/m_hland10/ls6/cantera/include/cantera/kinetics/Kinetics.h:14:
In file included from /work/09629/m_hland10/ls6/cantera/include/cantera/kinetics/StoichManager.h:11:
In file included from /work/09629/m_hland10/ls6/cantera/include/cantera/numerics/eigen_sparse.h:12:
In file included from /scratch/tacc/apps/intel19/eigen/3.4.0/include/eigen3/Eigen/Sparse:26:
In file included from /scratch/tacc/apps/intel19/eigen/3.4.0/include/eigen3/Eigen/SparseCore:11:
In file included from /scratch/tacc/apps/intel19/eigen/3.4.0/include/eigen3/Eigen/Core:276:
/scratch/tacc/apps/intel19/eigen/3.4.0/include/eigen3/Eigen/src/Core/Product.h:43:17: warning: use of old-style cast [-Wold-style-cast]
   43 |     InnerSize = EIGEN_SIZE_MIN_PREFER_FIXED(LhsTraits::ColsAtCompileTime, RhsTraits::RowsAtCompileTime),
      |                 ^                           ~~~~~~~~~~~~~~~~~~~~~~~~~~~~
/scratch/tacc/apps/intel19/eigen/3.4.0/include/eigen3/Eigen/src/Core/util/Macros.h:1302:45: note: expanded from macro 'EIGEN_SIZE_MIN_PREFER_FIXED'
 1302 | #define EIGEN_SIZE_MIN_PREFER_FIXED(a,b)  (((int)a == 0 || (int)b == 0) ? 0 \
      |                                             ^    ~
In file included from chemistrySolver/canteraChemistrySolvers.C:27:
In file included from lnInclude/canteraChemistryModel.H:209:
In file included from lnInclude/canteraChemistryModelI.H:35:
In file included from /work/09629/m_hland10/ls6/cantera/include/cantera/kinetics/Kinetics.h:14:
In file included from /work/09629/m_hland10/ls6/cantera/include/cantera/kinetics/StoichManager.h:11:
In file included from /work/09629/m_hland10/ls6/cantera/include/cantera/numerics/eigen_sparse.h:12:
In file included from /scratch/tacc/apps/intel19/eigen/3.4.0/include/eigen3/Eigen/Sparse:26:
In file included from /scratch/tacc/apps/intel19/eigen/3.4.0/include/eigen3/Eigen/SparseCore:11:
In file included from /scratch/tacc/apps/intel19/eigen/3.4.0/include/eigen3/Eigen/Core:276:
/scratch/tacc/apps/intel19/eigen/3.4.0/include/eigen3/Eigen/src/Core/Product.h:43:17: warning: use of old-style cast [-Wold-style-cast]
   43 |     InnerSize = EIGEN_SIZE_MIN_PREFER_FIXED(LhsTraits::ColsAtCompileTime, RhsTraits::RowsAtCompileTime),
      |                 ^                                                         ~~~~~~~~~~~~~~~~~~~~~~~~~~~~
/scratch/tacc/apps/intel19/eigen/3.4.0/include/eigen3/Eigen/src/Core/util/Macros.h:1302:60: note: expanded from macro 'EIGEN_SIZE_MIN_PREFER_FIXED'
 1302 | #define EIGEN_SIZE_MIN_PREFER_FIXED(a,b)  (((int)a == 0 || (int)b == 0) ? 0 \
      |                                                            ^    ~
In file included from chemistrySolver/canteraChemistrySolvers.C:27:
In file included from lnInclude/canteraChemistryModel.H:209:
In file included from lnInclude/canteraChemistryModelI.H:35:
In file included from /work/09629/m_hland10/ls6/cantera/include/cantera/kinetics/Kinetics.h:14:
In file included from /work/09629/m_hland10/ls6/cantera/include/cantera/kinetics/StoichManager.h:11:
In file included from /work/09629/m_hland10/ls6/cantera/include/cantera/numerics/eigen_sparse.h:12:
In file included from /scratch/tacc/apps/intel19/eigen/3.4.0/include/eigen3/Eigen/Sparse:26:
In file included from /scratch/tacc/apps/intel19/eigen/3.4.0/include/eigen3/Eigen/SparseCore:11:
In file included from /scratch/tacc/apps/intel19/eigen/3.4.0/include/eigen3/Eigen/Core:276:
/scratch/tacc/apps/intel19/eigen/3.4.0/include/eigen3/Eigen/src/Core/Product.h:43:17: warning: use of old-style cast [-Wold-style-cast]
   43 |     InnerSize = EIGEN_SIZE_MIN_PREFER_FIXED(LhsTraits::ColsAtCompileTime, RhsTraits::RowsAtCompileTime),
      |                 ^                           ~~~~~~~~~~~~~~~~~~~~~~~~~~~~
/scratch/tacc/apps/intel19/eigen/3.4.0/include/eigen3/Eigen/src/Core/util/Macros.h:1303:31: note: expanded from macro 'EIGEN_SIZE_MIN_PREFER_FIXED'
 1303 |                            : ((int)a == 1 || (int)b == 1) ? 1 \
      |                               ^    ~
In file included from chemistrySolver/canteraChemistrySolvers.C:27:
In file included from lnInclude/canteraChemistryModel.H:209:
In file included from lnInclude/canteraChemistryModelI.H:35:
In file included from /work/09629/m_hland10/ls6/cantera/include/cantera/kinetics/Kinetics.h:14:
In file included from /work/09629/m_hland10/ls6/cantera/include/cantera/kinetics/StoichManager.h:11:
In file included from /work/09629/m_hland10/ls6/cantera/include/cantera/numerics/eigen_sparse.h:12:
In file included from /scratch/tacc/apps/intel19/eigen/3.4.0/include/eigen3/Eigen/Sparse:26:
In file included from /scratch/tacc/apps/intel19/eigen/3.4.0/include/eigen3/Eigen/SparseCore:11:
In file included from /scratch/tacc/apps/intel19/eigen/3.4.0/include/eigen3/Eigen/Core:276:
/scratch/tacc/apps/intel19/eigen/3.4.0/include/eigen3/Eigen/src/Core/Product.h:43:17: warning: use of old-style cast [-Wold-style-cast]
   43 |     InnerSize = EIGEN_SIZE_MIN_PREFER_FIXED(LhsTraits::ColsAtCompileTime, RhsTraits::RowsAtCompileTime),
      |                 ^                                                         ~~~~~~~~~~~~~~~~~~~~~~~~~~~~
/scratch/tacc/apps/intel19/eigen/3.4.0/include/eigen3/Eigen/src/Core/util/Macros.h:1303:46: note: expanded from macro 'EIGEN_SIZE_MIN_PREFER_FIXED'
 1303 |                            : ((int)a == 1 || (int)b == 1) ? 1 \
      |                                              ^    ~
In file included from chemistrySolver/canteraChemistrySolvers.C:27:
In file included from lnInclude/canteraChemistryModel.H:209:
In file included from lnInclude/canteraChemistryModelI.H:35:
In file included from /work/09629/m_hland10/ls6/cantera/include/cantera/kinetics/Kinetics.h:14:
In file included from /work/09629/m_hland10/ls6/cantera/include/cantera/kinetics/StoichManager.h:11:
In file included from /work/09629/m_hland10/ls6/cantera/include/cantera/numerics/eigen_sparse.h:12:
In file included from /scratch/tacc/apps/intel19/eigen/3.4.0/include/eigen3/Eigen/Sparse:26:
In file included from /scratch/tacc/apps/intel19/eigen/3.4.0/include/eigen3/Eigen/SparseCore:11:
In file included from /scratch/tacc/apps/intel19/eigen/3.4.0/include/eigen3/Eigen/Core:276:
/scratch/tacc/apps/intel19/eigen/3.4.0/include/eigen3/Eigen/src/Core/Product.h:43:17: warning: use of old-style cast [-Wold-style-cast]
   43 |     InnerSize = EIGEN_SIZE_MIN_PREFER_FIXED(LhsTraits::ColsAtCompileTime, RhsTraits::RowsAtCompileTime),
      |                 ^                           ~~~~~~~~~~~~~~~~~~~~~~~~~~~~
/scratch/tacc/apps/intel19/eigen/3.4.0/include/eigen3/Eigen/src/Core/util/Macros.h:1304:31: note: expanded from macro 'EIGEN_SIZE_MIN_PREFER_FIXED'
 1304 |                            : ((int)a == Dynamic && (int)b == Dynamic) ? Dynamic \
      |                               ^    ~
In file included from chemistrySolver/canteraChemistrySolvers.C:27:
In file included from lnInclude/canteraChemistryModel.H:209:
In file included from lnInclude/canteraChemistryModelI.H:35:
In file included from /work/09629/m_hland10/ls6/cantera/include/cantera/kinetics/Kinetics.h:14:
In file included from /work/09629/m_hland10/ls6/cantera/include/cantera/kinetics/StoichManager.h:11:
In file included from /work/09629/m_hland10/ls6/cantera/include/cantera/numerics/eigen_sparse.h:12:
In file included from /scratch/tacc/apps/intel19/eigen/3.4.0/include/eigen3/Eigen/Sparse:26:
In file included from /scratch/tacc/apps/intel19/eigen/3.4.0/include/eigen3/Eigen/SparseCore:11:
In file included from /scratch/tacc/apps/intel19/eigen/3.4.0/include/eigen3/Eigen/Core:276:
/scratch/tacc/apps/intel19/eigen/3.4.0/include/eigen3/Eigen/src/Core/Product.h:43:17: warning: use of old-style cast [-Wold-style-cast]
   43 |     InnerSize = EIGEN_SIZE_MIN_PREFER_FIXED(LhsTraits::ColsAtCompileTime, RhsTraits::RowsAtCompileTime),
      |                 ^                                                         ~~~~~~~~~~~~~~~~~~~~~~~~~~~~
/scratch/tacc/apps/intel19/eigen/3.4.0/include/eigen3/Eigen/src/Core/util/Macros.h:1304:52: note: expanded from macro 'EIGEN_SIZE_MIN_PREFER_FIXED'
 1304 |                            : ((int)a == Dynamic && (int)b == Dynamic) ? Dynamic \
      |                                                    ^    ~
In file included from chemistrySolver/canteraChemistrySolvers.C:27:
In file included from lnInclude/canteraChemistryModel.H:209:
In file included from lnInclude/canteraChemistryModelI.H:35:
In file included from /work/09629/m_hland10/ls6/cantera/include/cantera/kinetics/Kinetics.h:14:
In file included from /work/09629/m_hland10/ls6/cantera/include/cantera/kinetics/StoichManager.h:11:
In file included from /work/09629/m_hland10/ls6/cantera/include/cantera/numerics/eigen_sparse.h:12:
In file included from /scratch/tacc/apps/intel19/eigen/3.4.0/include/eigen3/Eigen/Sparse:26:
In file included from /scratch/tacc/apps/intel19/eigen/3.4.0/include/eigen3/Eigen/SparseCore:11:
In file included from /scratch/tacc/apps/intel19/eigen/3.4.0/include/eigen3/Eigen/Core:276:
/scratch/tacc/apps/intel19/eigen/3.4.0/include/eigen3/Eigen/src/Core/Product.h:43:17: warning: use of old-style cast [-Wold-style-cast]
   43 |     InnerSize = EIGEN_SIZE_MIN_PREFER_FIXED(LhsTraits::ColsAtCompileTime, RhsTraits::RowsAtCompileTime),
      |                 ^                           ~~~~~~~~~~~~~~~~~~~~~~~~~~~~
/scratch/tacc/apps/intel19/eigen/3.4.0/include/eigen3/Eigen/src/Core/util/Macros.h:1305:31: note: expanded from macro 'EIGEN_SIZE_MIN_PREFER_FIXED'
 1305 |                            : ((int)a == Dynamic) ? (int)b \
      |                               ^    ~
In file included from chemistrySolver/canteraChemistrySolvers.C:27:
In file included from lnInclude/canteraChemistryModel.H:209:
In file included from lnInclude/canteraChemistryModelI.H:35:
In file included from /work/09629/m_hland10/ls6/cantera/include/cantera/kinetics/Kinetics.h:14:
In file included from /work/09629/m_hland10/ls6/cantera/include/cantera/kinetics/StoichManager.h:11:
In file included from /work/09629/m_hland10/ls6/cantera/include/cantera/numerics/eigen_sparse.h:12:
In file included from /scratch/tacc/apps/intel19/eigen/3.4.0/include/eigen3/Eigen/Sparse:26:
In file included from /scratch/tacc/apps/intel19/eigen/3.4.0/include/eigen3/Eigen/SparseCore:11:
In file included from /scratch/tacc/apps/intel19/eigen/3.4.0/include/eigen3/Eigen/Core:276:
/scratch/tacc/apps/intel19/eigen/3.4.0/include/eigen3/Eigen/src/Core/Product.h:43:17: warning: use of old-style cast [-Wold-style-cast]
   43 |     InnerSize = EIGEN_SIZE_MIN_PREFER_FIXED(LhsTraits::ColsAtCompileTime, RhsTraits::RowsAtCompileTime),
      |                 ^                                                         ~~~~~~~~~~~~~~~~~~~~~~~~~~~~
/scratch/tacc/apps/intel19/eigen/3.4.0/include/eigen3/Eigen/src/Core/util/Macros.h:1305:52: note: expanded from macro 'EIGEN_SIZE_MIN_PREFER_FIXED'
 1305 |                            : ((int)a == Dynamic) ? (int)b \
      |                                                    ^    ~
In file included from chemistrySolver/canteraChemistrySolvers.C:27:
In file included from lnInclude/canteraChemistryModel.H:209:
In file included from lnInclude/canteraChemistryModelI.H:35:
In file included from /work/09629/m_hland10/ls6/cantera/include/cantera/kinetics/Kinetics.h:14:
In file included from /work/09629/m_hland10/ls6/cantera/include/cantera/kinetics/StoichManager.h:11:
In file included from /work/09629/m_hland10/ls6/cantera/include/cantera/numerics/eigen_sparse.h:12:
In file included from /scratch/tacc/apps/intel19/eigen/3.4.0/include/eigen3/Eigen/Sparse:26:
In file included from /scratch/tacc/apps/intel19/eigen/3.4.0/include/eigen3/Eigen/SparseCore:11:
In file included from /scratch/tacc/apps/intel19/eigen/3.4.0/include/eigen3/Eigen/Core:276:
/scratch/tacc/apps/intel19/eigen/3.4.0/include/eigen3/Eigen/src/Core/Product.h:43:17: warning: use of old-style cast [-Wold-style-cast]
   43 |     InnerSize = EIGEN_SIZE_MIN_PREFER_FIXED(LhsTraits::ColsAtCompileTime, RhsTraits::RowsAtCompileTime),
      |                 ^                                                         ~~~~~~~~~~~~~~~~~~~~~~~~~~~~
/scratch/tacc/apps/intel19/eigen/3.4.0/include/eigen3/Eigen/src/Core/util/Macros.h:1306:31: note: expanded from macro 'EIGEN_SIZE_MIN_PREFER_FIXED'
 1306 |                            : ((int)b == Dynamic) ? (int)a \
      |                               ^    ~
In file included from chemistrySolver/canteraChemistrySolvers.C:27:
In file included from lnInclude/canteraChemistryModel.H:209:
In file included from lnInclude/canteraChemistryModelI.H:35:
In file included from /work/09629/m_hland10/ls6/cantera/include/cantera/kinetics/Kinetics.h:14:
In file included from /work/09629/m_hland10/ls6/cantera/include/cantera/kinetics/StoichManager.h:11:
In file included from /work/09629/m_hland10/ls6/cantera/include/cantera/numerics/eigen_sparse.h:12:
In file included from /scratch/tacc/apps/intel19/eigen/3.4.0/include/eigen3/Eigen/Sparse:26:
In file included from /scratch/tacc/apps/intel19/eigen/3.4.0/include/eigen3/Eigen/SparseCore:11:
In file included from /scratch/tacc/apps/intel19/eigen/3.4.0/include/eigen3/Eigen/Core:276:
/scratch/tacc/apps/intel19/eigen/3.4.0/include/eigen3/Eigen/src/Core/Product.h:43:17: warning: use of old-style cast [-Wold-style-cast]
   43 |     InnerSize = EIGEN_SIZE_MIN_PREFER_FIXED(LhsTraits::ColsAtCompileTime, RhsTraits::RowsAtCompileTime),
      |                 ^                           ~~~~~~~~~~~~~~~~~~~~~~~~~~~~
/scratch/tacc/apps/intel19/eigen/3.4.0/include/eigen3/Eigen/src/Core/util/Macros.h:1306:52: note: expanded from macro 'EIGEN_SIZE_MIN_PREFER_FIXED'
 1306 |                            : ((int)b == Dynamic) ? (int)a \
      |                                                    ^    ~
In file included from chemistrySolver/canteraChemistrySolvers.C:27:
In file included from lnInclude/canteraChemistryModel.H:209:
In file included from lnInclude/canteraChemistryModelI.H:35:
In file included from /work/09629/m_hland10/ls6/cantera/include/cantera/kinetics/Kinetics.h:14:
In file included from /work/09629/m_hland10/ls6/cantera/include/cantera/kinetics/StoichManager.h:11:
In file included from /work/09629/m_hland10/ls6/cantera/include/cantera/numerics/eigen_sparse.h:12:
In file included from /scratch/tacc/apps/intel19/eigen/3.4.0/include/eigen3/Eigen/Sparse:26:
In file included from /scratch/tacc/apps/intel19/eigen/3.4.0/include/eigen3/Eigen/SparseCore:11:
In file included from /scratch/tacc/apps/intel19/eigen/3.4.0/include/eigen3/Eigen/Core:276:
/scratch/tacc/apps/intel19/eigen/3.4.0/include/eigen3/Eigen/src/Core/Product.h:43:17: warning: use of old-style cast [-Wold-style-cast]
   43 |     InnerSize = EIGEN_SIZE_MIN_PREFER_FIXED(LhsTraits::ColsAtCompileTime, RhsTraits::RowsAtCompileTime),
      |                 ^                           ~~~~~~~~~~~~~~~~~~~~~~~~~~~~
/scratch/tacc/apps/intel19/eigen/3.4.0/include/eigen3/Eigen/src/Core/util/Macros.h:1307:31: note: expanded from macro 'EIGEN_SIZE_MIN_PREFER_FIXED'
 1307 |                            : ((int)a <= (int)b) ? (int)a : (int)b)
      |                               ^    ~
In file included from chemistrySolver/canteraChemistrySolvers.C:27:
In file included from lnInclude/canteraChemistryModel.H:209:
In file included from lnInclude/canteraChemistryModelI.H:35:
In file included from /work/09629/m_hland10/ls6/cantera/include/cantera/kinetics/Kinetics.h:14:
In file included from /work/09629/m_hland10/ls6/cantera/include/cantera/kinetics/StoichManager.h:11:
In file included from /work/09629/m_hland10/ls6/cantera/include/cantera/numerics/eigen_sparse.h:12:
In file included from /scratch/tacc/apps/intel19/eigen/3.4.0/include/eigen3/Eigen/Sparse:26:
In file included from /scratch/tacc/apps/intel19/eigen/3.4.0/include/eigen3/Eigen/SparseCore:11:
In file included from /scratch/tacc/apps/intel19/eigen/3.4.0/include/eigen3/Eigen/Core:276:
/scratch/tacc/apps/intel19/eigen/3.4.0/include/eigen3/Eigen/src/Core/Product.h:43:17: warning: use of old-style cast [-Wold-style-cast]
   43 |     InnerSize = EIGEN_SIZE_MIN_PREFER_FIXED(LhsTraits::ColsAtCompileTime, RhsTraits::RowsAtCompileTime),
      |                 ^                                                         ~~~~~~~~~~~~~~~~~~~~~~~~~~~~
/scratch/tacc/apps/intel19/eigen/3.4.0/include/eigen3/Eigen/src/Core/util/Macros.h:1307:41: note: expanded from macro 'EIGEN_SIZE_MIN_PREFER_FIXED'
 1307 |                            : ((int)a <= (int)b) ? (int)a : (int)b)
      |                                         ^    ~
In file included from chemistrySolver/canteraChemistrySolvers.C:27:
In file included from lnInclude/canteraChemistryModel.H:209:
In file included from lnInclude/canteraChemistryModelI.H:35:
In file included from /work/09629/m_hland10/ls6/cantera/include/cantera/kinetics/Kinetics.h:14:
In file included from /work/09629/m_hland10/ls6/cantera/include/cantera/kinetics/StoichManager.h:11:
In file included from /work/09629/m_hland10/ls6/cantera/include/cantera/numerics/eigen_sparse.h:12:
In file included from /scratch/tacc/apps/intel19/eigen/3.4.0/include/eigen3/Eigen/Sparse:26:
In file included from /scratch/tacc/apps/intel19/eigen/3.4.0/include/eigen3/Eigen/SparseCore:11:
In file included from /scratch/tacc/apps/intel19/eigen/3.4.0/include/eigen3/Eigen/Core:276:
/scratch/tacc/apps/intel19/eigen/3.4.0/include/eigen3/Eigen/src/Core/Product.h:43:17: warning: use of old-style cast [-Wold-style-cast]
   43 |     InnerSize = EIGEN_SIZE_MIN_PREFER_FIXED(LhsTraits::ColsAtCompileTime, RhsTraits::RowsAtCompileTime),
      |                 ^                           ~~~~~~~~~~~~~~~~~~~~~~~~~~~~
/scratch/tacc/apps/intel19/eigen/3.4.0/include/eigen3/Eigen/src/Core/util/Macros.h:1307:51: note: expanded from macro 'EIGEN_SIZE_MIN_PREFER_FIXED'
 1307 |                            : ((int)a <= (int)b) ? (int)a : (int)b)
      |                                                   ^    ~
In file included from chemistrySolver/canteraChemistrySolvers.C:27:
In file included from lnInclude/canteraChemistryModel.H:209:
In file included from lnInclude/canteraChemistryModelI.H:35:
In file included from /work/09629/m_hland10/ls6/cantera/include/cantera/kinetics/Kinetics.h:14:
In file included from /work/09629/m_hland10/ls6/cantera/include/cantera/kinetics/StoichManager.h:11:
In file included from /work/09629/m_hland10/ls6/cantera/include/cantera/numerics/eigen_sparse.h:12:
In file included from /scratch/tacc/apps/intel19/eigen/3.4.0/include/eigen3/Eigen/Sparse:26:
In file included from /scratch/tacc/apps/intel19/eigen/3.4.0/include/eigen3/Eigen/SparseCore:11:
In file included from /scratch/tacc/apps/intel19/eigen/3.4.0/include/eigen3/Eigen/Core:276:
/scratch/tacc/apps/intel19/eigen/3.4.0/include/eigen3/Eigen/src/Core/Product.h:43:17: warning: use of old-style cast [-Wold-style-cast]
   43 |     InnerSize = EIGEN_SIZE_MIN_PREFER_FIXED(LhsTraits::ColsAtCompileTime, RhsTraits::RowsAtCompileTime),
      |                 ^                                                         ~~~~~~~~~~~~~~~~~~~~~~~~~~~~
/scratch/tacc/apps/intel19/eigen/3.4.0/include/eigen3/Eigen/src/Core/util/Macros.h:1307:60: note: expanded from macro 'EIGEN_SIZE_MIN_PREFER_FIXED'
 1307 |                            : ((int)a <= (int)b) ? (int)a : (int)b)
      |                                                            ^    ~
In file included from chemistrySolver/canteraChemistrySolvers.C:27:
In file included from lnInclude/canteraChemistryModel.H:209:
In file included from lnInclude/canteraChemistryModelI.H:35:
In file included from /work/09629/m_hland10/ls6/cantera/include/cantera/kinetics/Kinetics.h:14:
In file included from /work/09629/m_hland10/ls6/cantera/include/cantera/kinetics/StoichManager.h:11:
In file included from /work/09629/m_hland10/ls6/cantera/include/cantera/numerics/eigen_sparse.h:12:
In file included from /scratch/tacc/apps/intel19/eigen/3.4.0/include/eigen3/Eigen/Sparse:26:
In file included from /scratch/tacc/apps/intel19/eigen/3.4.0/include/eigen3/Eigen/SparseCore:11:
In file included from /scratch/tacc/apps/intel19/eigen/3.4.0/include/eigen3/Eigen/Core:277:
/scratch/tacc/apps/intel19/eigen/3.4.0/include/eigen3/Eigen/src/Core/CoreEvaluators.h:659:9: warning: use of old-style cast [-Wold-style-cast]
  659 |         EIGEN_PLAIN_ENUM_MIN(evaluator<Arg1>::Alignment, evaluator<Arg2>::Alignment),
      |         ^                    ~~~~~~~~~~~~~~~~~~~~~~~~~~
/scratch/tacc/apps/intel19/eigen/3.4.0/include/eigen3/Eigen/src/Core/util/Macros.h:1288:37: note: expanded from macro 'EIGEN_PLAIN_ENUM_MIN'
 1288 | #define EIGEN_PLAIN_ENUM_MIN(a,b) (((int)a <= (int)b) ? (int)a : (int)b)
      |                                     ^    ~
/scratch/tacc/apps/intel19/eigen/3.4.0/include/eigen3/Eigen/src/Core/util/Macros.h:1288:42: note: expanded from macro 'EIGEN_PLAIN_ENUM_MIN'
 1288 | #define EIGEN_PLAIN_ENUM_MIN(a,b) (((int)a <= (int)b) ? (int)a : (int)b)
      |                                          ^
In file included from chemistrySolver/canteraChemistrySolvers.C:27:
In file included from lnInclude/canteraChemistryModel.H:209:
In file included from lnInclude/canteraChemistryModelI.H:35:
In file included from /work/09629/m_hland10/ls6/cantera/include/cantera/kinetics/Kinetics.h:14:
In file included from /work/09629/m_hland10/ls6/cantera/include/cantera/kinetics/StoichManager.h:11:
In file included from /work/09629/m_hland10/ls6/cantera/include/cantera/numerics/eigen_sparse.h:12:
In file included from /scratch/tacc/apps/intel19/eigen/3.4.0/include/eigen3/Eigen/Sparse:26:
In file included from /scratch/tacc/apps/intel19/eigen/3.4.0/include/eigen3/Eigen/SparseCore:11:
In file included from /scratch/tacc/apps/intel19/eigen/3.4.0/include/eigen3/Eigen/Core:277:
/scratch/tacc/apps/intel19/eigen/3.4.0/include/eigen3/Eigen/src/Core/CoreEvaluators.h:659:9: warning: use of old-style cast [-Wold-style-cast]
  659 |         EIGEN_PLAIN_ENUM_MIN(evaluator<Arg1>::Alignment, evaluator<Arg2>::Alignment),
      |         ^                                                ~~~~~~~~~~~~~~~~~~~~~~~~~~
/scratch/tacc/apps/intel19/eigen/3.4.0/include/eigen3/Eigen/src/Core/util/Macros.h:1288:47: note: expanded from macro 'EIGEN_PLAIN_ENUM_MIN'
 1288 | #define EIGEN_PLAIN_ENUM_MIN(a,b) (((int)a <= (int)b) ? (int)a : (int)b)
      |                                               ^    ~
/scratch/tacc/apps/intel19/eigen/3.4.0/include/eigen3/Eigen/src/Core/util/Macros.h:1288:42: note: expanded from macro 'EIGEN_PLAIN_ENUM_MIN'
 1288 | #define EIGEN_PLAIN_ENUM_MIN(a,b) (((int)a <= (int)b) ? (int)a : (int)b)
      |                                          ^
In file included from chemistrySolver/canteraChemistrySolvers.C:27:
In file included from lnInclude/canteraChemistryModel.H:209:
In file included from lnInclude/canteraChemistryModelI.H:35:
In file included from /work/09629/m_hland10/ls6/cantera/include/cantera/kinetics/Kinetics.h:14:
In file included from /work/09629/m_hland10/ls6/cantera/include/cantera/kinetics/StoichManager.h:11:
In file included from /work/09629/m_hland10/ls6/cantera/include/cantera/numerics/eigen_sparse.h:12:
In file included from /scratch/tacc/apps/intel19/eigen/3.4.0/include/eigen3/Eigen/Sparse:26:
In file included from /scratch/tacc/apps/intel19/eigen/3.4.0/include/eigen3/Eigen/SparseCore:11:
In file included from /scratch/tacc/apps/intel19/eigen/3.4.0/include/eigen3/Eigen/Core:277:
/scratch/tacc/apps/intel19/eigen/3.4.0/include/eigen3/Eigen/src/Core/CoreEvaluators.h:659:9: warning: use of old-style cast [-Wold-style-cast]
  659 |         EIGEN_PLAIN_ENUM_MIN(evaluator<Arg1>::Alignment, evaluator<Arg2>::Alignment),
      |         ^                    ~~~~~~~~~~~~~~~~~~~~~~~~~~
/scratch/tacc/apps/intel19/eigen/3.4.0/include/eigen3/Eigen/src/Core/util/Macros.h:1288:57: note: expanded from macro 'EIGEN_PLAIN_ENUM_MIN'
 1288 | #define EIGEN_PLAIN_ENUM_MIN(a,b) (((int)a <= (int)b) ? (int)a : (int)b)
      |                                                         ^    ~
/scratch/tacc/apps/intel19/eigen/3.4.0/include/eigen3/Eigen/src/Core/util/Macros.h:1288:42: note: expanded from macro 'EIGEN_PLAIN_ENUM_MIN'
 1288 | #define EIGEN_PLAIN_ENUM_MIN(a,b) (((int)a <= (int)b) ? (int)a : (int)b)
      |                                          ^
In file included from chemistrySolver/canteraChemistrySolvers.C:27:
In file included from lnInclude/canteraChemistryModel.H:209:
In file included from lnInclude/canteraChemistryModelI.H:35:
In file included from /work/09629/m_hland10/ls6/cantera/include/cantera/kinetics/Kinetics.h:14:
In file included from /work/09629/m_hland10/ls6/cantera/include/cantera/kinetics/StoichManager.h:11:
In file included from /work/09629/m_hland10/ls6/cantera/include/cantera/numerics/eigen_sparse.h:12:
In file included from /scratch/tacc/apps/intel19/eigen/3.4.0/include/eigen3/Eigen/Sparse:26:
In file included from /scratch/tacc/apps/intel19/eigen/3.4.0/include/eigen3/Eigen/SparseCore:11:
In file included from /scratch/tacc/apps/intel19/eigen/3.4.0/include/eigen3/Eigen/Core:277:
/scratch/tacc/apps/intel19/eigen/3.4.0/include/eigen3/Eigen/src/Core/CoreEvaluators.h:659:9: warning: use of old-style cast [-Wold-style-cast]
  659 |         EIGEN_PLAIN_ENUM_MIN(evaluator<Arg1>::Alignment, evaluator<Arg2>::Alignment),
      |         ^                                                ~~~~~~~~~~~~~~~~~~~~~~~~~~
/scratch/tacc/apps/intel19/eigen/3.4.0/include/eigen3/Eigen/src/Core/util/Macros.h:1288:66: note: expanded from macro 'EIGEN_PLAIN_ENUM_MIN'
 1288 | #define EIGEN_PLAIN_ENUM_MIN(a,b) (((int)a <= (int)b) ? (int)a : (int)b)
      |                                                                  ^    ~
/scratch/tacc/apps/intel19/eigen/3.4.0/include/eigen3/Eigen/src/Core/util/Macros.h:1288:42: note: expanded from macro 'EIGEN_PLAIN_ENUM_MIN'
 1288 | #define EIGEN_PLAIN_ENUM_MIN(a,b) (((int)a <= (int)b) ? (int)a : (int)b)
      |                                          ^
In file included from chemistrySolver/canteraChemistrySolvers.C:27:
In file included from lnInclude/canteraChemistryModel.H:209:
In file included from lnInclude/canteraChemistryModelI.H:35:
In file included from /work/09629/m_hland10/ls6/cantera/include/cantera/kinetics/Kinetics.h:14:
In file included from /work/09629/m_hland10/ls6/cantera/include/cantera/kinetics/StoichManager.h:11:
In file included from /work/09629/m_hland10/ls6/cantera/include/cantera/numerics/eigen_sparse.h:12:
In file included from /scratch/tacc/apps/intel19/eigen/3.4.0/include/eigen3/Eigen/Sparse:26:
In file included from /scratch/tacc/apps/intel19/eigen/3.4.0/include/eigen3/Eigen/SparseCore:11:
In file included from /scratch/tacc/apps/intel19/eigen/3.4.0/include/eigen3/Eigen/Core:277:
/scratch/tacc/apps/intel19/eigen/3.4.0/include/eigen3/Eigen/src/Core/CoreEvaluators.h:658:17: warning: use of old-style cast [-Wold-style-cast]
  658 |     Alignment = EIGEN_PLAIN_ENUM_MIN(
      |                 ^~~~~~~~~~~~~~~~~~~~~
  659 |         EIGEN_PLAIN_ENUM_MIN(evaluator<Arg1>::Alignment, evaluator<Arg2>::Alignment),
      |         ~~~~~~~~~~~~~~~~~~~~~~~~~~~~~~~~~~~~~~~~~~~~~~~~~~~~~~~~~~~~~~~~~~~~~~~~~~~~~
  660 |         evaluator<Arg3>::Alignment)
      |         ~~~~~~~~~~~~~~~~~~~~~~~~~~~
/scratch/tacc/apps/intel19/eigen/3.4.0/include/eigen3/Eigen/src/Core/util/Macros.h:1288:37: note: expanded from macro 'EIGEN_PLAIN_ENUM_MIN'
 1288 | #define EIGEN_PLAIN_ENUM_MIN(a,b) (((int)a <= (int)b) ? (int)a : (int)b)
      |                                     ^    ~
In file included from chemistrySolver/canteraChemistrySolvers.C:27:
In file included from lnInclude/canteraChemistryModel.H:209:
In file included from lnInclude/canteraChemistryModelI.H:35:
In file included from /work/09629/m_hland10/ls6/cantera/include/cantera/kinetics/Kinetics.h:14:
In file included from /work/09629/m_hland10/ls6/cantera/include/cantera/kinetics/StoichManager.h:11:
In file included from /work/09629/m_hland10/ls6/cantera/include/cantera/numerics/eigen_sparse.h:12:
In file included from /scratch/tacc/apps/intel19/eigen/3.4.0/include/eigen3/Eigen/Sparse:26:
In file included from /scratch/tacc/apps/intel19/eigen/3.4.0/include/eigen3/Eigen/SparseCore:11:
In file included from /scratch/tacc/apps/intel19/eigen/3.4.0/include/eigen3/Eigen/Core:277:
/scratch/tacc/apps/intel19/eigen/3.4.0/include/eigen3/Eigen/src/Core/CoreEvaluators.h:658:17: warning: use of old-style cast [-Wold-style-cast]
  658 |     Alignment = EIGEN_PLAIN_ENUM_MIN(
      |                 ^
  659 |         EIGEN_PLAIN_ENUM_MIN(evaluator<Arg1>::Alignment, evaluator<Arg2>::Alignment),
  660 |         evaluator<Arg3>::Alignment)
      |         ~~~~~~~~~~~~~~~~~~~~~~~~~~
/scratch/tacc/apps/intel19/eigen/3.4.0/include/eigen3/Eigen/src/Core/util/Macros.h:1288:47: note: expanded from macro 'EIGEN_PLAIN_ENUM_MIN'
 1288 | #define EIGEN_PLAIN_ENUM_MIN(a,b) (((int)a <= (int)b) ? (int)a : (int)b)
      |                                               ^    ~
In file included from chemistrySolver/canteraChemistrySolvers.C:27:
In file included from lnInclude/canteraChemistryModel.H:209:
In file included from lnInclude/canteraChemistryModelI.H:35:
In file included from /work/09629/m_hland10/ls6/cantera/include/cantera/kinetics/Kinetics.h:14:
In file included from /work/09629/m_hland10/ls6/cantera/include/cantera/kinetics/StoichManager.h:11:
In file included from /work/09629/m_hland10/ls6/cantera/include/cantera/numerics/eigen_sparse.h:12:
In file included from /scratch/tacc/apps/intel19/eigen/3.4.0/include/eigen3/Eigen/Sparse:26:
In file included from /scratch/tacc/apps/intel19/eigen/3.4.0/include/eigen3/Eigen/SparseCore:11:
In file included from /scratch/tacc/apps/intel19/eigen/3.4.0/include/eigen3/Eigen/Core:277:
/scratch/tacc/apps/intel19/eigen/3.4.0/include/eigen3/Eigen/src/Core/CoreEvaluators.h:659:9: warning: use of old-style cast [-Wold-style-cast]
  659 |         EIGEN_PLAIN_ENUM_MIN(evaluator<Arg1>::Alignment, evaluator<Arg2>::Alignment),
      |         ^                    ~~~~~~~~~~~~~~~~~~~~~~~~~~
/scratch/tacc/apps/intel19/eigen/3.4.0/include/eigen3/Eigen/src/Core/util/Macros.h:1288:37: note: expanded from macro 'EIGEN_PLAIN_ENUM_MIN'
 1288 | #define EIGEN_PLAIN_ENUM_MIN(a,b) (((int)a <= (int)b) ? (int)a : (int)b)
      |                                     ^    ~
/scratch/tacc/apps/intel19/eigen/3.4.0/include/eigen3/Eigen/src/Core/util/Macros.h:1288:62: note: expanded from macro 'EIGEN_PLAIN_ENUM_MIN'
 1288 | #define EIGEN_PLAIN_ENUM_MIN(a,b) (((int)a <= (int)b) ? (int)a : (int)b)
      |                                                              ^
In file included from chemistrySolver/canteraChemistrySolvers.C:27:
In file included from lnInclude/canteraChemistryModel.H:209:
In file included from lnInclude/canteraChemistryModelI.H:35:
In file included from /work/09629/m_hland10/ls6/cantera/include/cantera/kinetics/Kinetics.h:14:
In file included from /work/09629/m_hland10/ls6/cantera/include/cantera/kinetics/StoichManager.h:11:
In file included from /work/09629/m_hland10/ls6/cantera/include/cantera/numerics/eigen_sparse.h:12:
In file included from /scratch/tacc/apps/intel19/eigen/3.4.0/include/eigen3/Eigen/Sparse:26:
In file included from /scratch/tacc/apps/intel19/eigen/3.4.0/include/eigen3/Eigen/SparseCore:11:
In file included from /scratch/tacc/apps/intel19/eigen/3.4.0/include/eigen3/Eigen/Core:277:
/scratch/tacc/apps/intel19/eigen/3.4.0/include/eigen3/Eigen/src/Core/CoreEvaluators.h:659:9: warning: use of old-style cast [-Wold-style-cast]
  659 |         EIGEN_PLAIN_ENUM_MIN(evaluator<Arg1>::Alignment, evaluator<Arg2>::Alignment),
      |         ^                                                ~~~~~~~~~~~~~~~~~~~~~~~~~~
/scratch/tacc/apps/intel19/eigen/3.4.0/include/eigen3/Eigen/src/Core/util/Macros.h:1288:47: note: expanded from macro 'EIGEN_PLAIN_ENUM_MIN'
 1288 | #define EIGEN_PLAIN_ENUM_MIN(a,b) (((int)a <= (int)b) ? (int)a : (int)b)
      |                                               ^    ~
/scratch/tacc/apps/intel19/eigen/3.4.0/include/eigen3/Eigen/src/Core/util/Macros.h:1288:62: note: expanded from macro 'EIGEN_PLAIN_ENUM_MIN'
 1288 | #define EIGEN_PLAIN_ENUM_MIN(a,b) (((int)a <= (int)b) ? (int)a : (int)b)
      |                                                              ^
In file included from chemistrySolver/canteraChemistrySolvers.C:27:
In file included from lnInclude/canteraChemistryModel.H:209:
In file included from lnInclude/canteraChemistryModelI.H:35:
In file included from /work/09629/m_hland10/ls6/cantera/include/cantera/kinetics/Kinetics.h:14:
In file included from /work/09629/m_hland10/ls6/cantera/include/cantera/kinetics/StoichManager.h:11:
In file included from /work/09629/m_hland10/ls6/cantera/include/cantera/numerics/eigen_sparse.h:12:
In file included from /scratch/tacc/apps/intel19/eigen/3.4.0/include/eigen3/Eigen/Sparse:26:
In file included from /scratch/tacc/apps/intel19/eigen/3.4.0/include/eigen3/Eigen/SparseCore:11:
In file included from /scratch/tacc/apps/intel19/eigen/3.4.0/include/eigen3/Eigen/Core:277:
/scratch/tacc/apps/intel19/eigen/3.4.0/include/eigen3/Eigen/src/Core/CoreEvaluators.h:659:9: warning: use of old-style cast [-Wold-style-cast]
  659 |         EIGEN_PLAIN_ENUM_MIN(evaluator<Arg1>::Alignment, evaluator<Arg2>::Alignment),
      |         ^                    ~~~~~~~~~~~~~~~~~~~~~~~~~~
/scratch/tacc/apps/intel19/eigen/3.4.0/include/eigen3/Eigen/src/Core/util/Macros.h:1288:57: note: expanded from macro 'EIGEN_PLAIN_ENUM_MIN'
 1288 | #define EIGEN_PLAIN_ENUM_MIN(a,b) (((int)a <= (int)b) ? (int)a : (int)b)
      |                                                         ^    ~
/scratch/tacc/apps/intel19/eigen/3.4.0/include/eigen3/Eigen/src/Core/util/Macros.h:1288:62: note: expanded from macro 'EIGEN_PLAIN_ENUM_MIN'
 1288 | #define EIGEN_PLAIN_ENUM_MIN(a,b) (((int)a <= (int)b) ? (int)a : (int)b)
      |                                                              ^
In file included from chemistrySolver/canteraChemistrySolvers.C:27:
In file included from lnInclude/canteraChemistryModel.H:209:
In file included from lnInclude/canteraChemistryModelI.H:35:
In file included from /work/09629/m_hland10/ls6/cantera/include/cantera/kinetics/Kinetics.h:14:
In file included from /work/09629/m_hland10/ls6/cantera/include/cantera/kinetics/StoichManager.h:11:
In file included from /work/09629/m_hland10/ls6/cantera/include/cantera/numerics/eigen_sparse.h:12:
In file included from /scratch/tacc/apps/intel19/eigen/3.4.0/include/eigen3/Eigen/Sparse:26:
In file included from /scratch/tacc/apps/intel19/eigen/3.4.0/include/eigen3/Eigen/SparseCore:11:
In file included from /scratch/tacc/apps/intel19/eigen/3.4.0/include/eigen3/Eigen/Core:277:
/scratch/tacc/apps/intel19/eigen/3.4.0/include/eigen3/Eigen/src/Core/CoreEvaluators.h:659:9: warning: use of old-style cast [-Wold-style-cast]
  659 |         EIGEN_PLAIN_ENUM_MIN(evaluator<Arg1>::Alignment, evaluator<Arg2>::Alignment),
      |         ^                                                ~~~~~~~~~~~~~~~~~~~~~~~~~~
/scratch/tacc/apps/intel19/eigen/3.4.0/include/eigen3/Eigen/src/Core/util/Macros.h:1288:66: note: expanded from macro 'EIGEN_PLAIN_ENUM_MIN'
 1288 | #define EIGEN_PLAIN_ENUM_MIN(a,b) (((int)a <= (int)b) ? (int)a : (int)b)
      |                                                                  ^    ~
/scratch/tacc/apps/intel19/eigen/3.4.0/include/eigen3/Eigen/src/Core/util/Macros.h:1288:62: note: expanded from macro 'EIGEN_PLAIN_ENUM_MIN'
 1288 | #define EIGEN_PLAIN_ENUM_MIN(a,b) (((int)a <= (int)b) ? (int)a : (int)b)
      |                                                              ^
In file included from chemistrySolver/canteraChemistrySolvers.C:27:
In file included from lnInclude/canteraChemistryModel.H:209:
In file included from lnInclude/canteraChemistryModelI.H:35:
In file included from /work/09629/m_hland10/ls6/cantera/include/cantera/kinetics/Kinetics.h:14:
In file included from /work/09629/m_hland10/ls6/cantera/include/cantera/kinetics/StoichManager.h:11:
In file included from /work/09629/m_hland10/ls6/cantera/include/cantera/numerics/eigen_sparse.h:12:
In file included from /scratch/tacc/apps/intel19/eigen/3.4.0/include/eigen3/Eigen/Sparse:26:
In file included from /scratch/tacc/apps/intel19/eigen/3.4.0/include/eigen3/Eigen/SparseCore:11:
In file included from /scratch/tacc/apps/intel19/eigen/3.4.0/include/eigen3/Eigen/Core:277:
/scratch/tacc/apps/intel19/eigen/3.4.0/include/eigen3/Eigen/src/Core/CoreEvaluators.h:658:17: warning: use of old-style cast [-Wold-style-cast]
  658 |     Alignment = EIGEN_PLAIN_ENUM_MIN(
      |                 ^~~~~~~~~~~~~~~~~~~~~
  659 |         EIGEN_PLAIN_ENUM_MIN(evaluator<Arg1>::Alignment, evaluator<Arg2>::Alignment),
      |         ~~~~~~~~~~~~~~~~~~~~~~~~~~~~~~~~~~~~~~~~~~~~~~~~~~~~~~~~~~~~~~~~~~~~~~~~~~~~~
  660 |         evaluator<Arg3>::Alignment)
      |         ~~~~~~~~~~~~~~~~~~~~~~~~~~~
/scratch/tacc/apps/intel19/eigen/3.4.0/include/eigen3/Eigen/src/Core/util/Macros.h:1288:57: note: expanded from macro 'EIGEN_PLAIN_ENUM_MIN'
 1288 | #define EIGEN_PLAIN_ENUM_MIN(a,b) (((int)a <= (int)b) ? (int)a : (int)b)
      |                                                         ^    ~
In file included from chemistrySolver/canteraChemistrySolvers.C:27:
In file included from lnInclude/canteraChemistryModel.H:209:
In file included from lnInclude/canteraChemistryModelI.H:35:
In file included from /work/09629/m_hland10/ls6/cantera/include/cantera/kinetics/Kinetics.h:14:
In file included from /work/09629/m_hland10/ls6/cantera/include/cantera/kinetics/StoichManager.h:11:
In file included from /work/09629/m_hland10/ls6/cantera/include/cantera/numerics/eigen_sparse.h:12:
In file included from /scratch/tacc/apps/intel19/eigen/3.4.0/include/eigen3/Eigen/Sparse:26:
In file included from /scratch/tacc/apps/intel19/eigen/3.4.0/include/eigen3/Eigen/SparseCore:11:
In file included from /scratch/tacc/apps/intel19/eigen/3.4.0/include/eigen3/Eigen/Core:277:
/scratch/tacc/apps/intel19/eigen/3.4.0/include/eigen3/Eigen/src/Core/CoreEvaluators.h:658:17: warning: use of old-style cast [-Wold-style-cast]
  658 |     Alignment = EIGEN_PLAIN_ENUM_MIN(
      |                 ^
  659 |         EIGEN_PLAIN_ENUM_MIN(evaluator<Arg1>::Alignment, evaluator<Arg2>::Alignment),
  660 |         evaluator<Arg3>::Alignment)
      |         ~~~~~~~~~~~~~~~~~~~~~~~~~~
/scratch/tacc/apps/intel19/eigen/3.4.0/include/eigen3/Eigen/src/Core/util/Macros.h:1288:66: note: expanded from macro 'EIGEN_PLAIN_ENUM_MIN'
 1288 | #define EIGEN_PLAIN_ENUM_MIN(a,b) (((int)a <= (int)b) ? (int)a : (int)b)
      |                                                                  ^    ~
In file included from chemistrySolver/canteraChemistrySolvers.C:27:
In file included from lnInclude/canteraChemistryModel.H:209:
In file included from lnInclude/canteraChemistryModelI.H:35:
In file included from /work/09629/m_hland10/ls6/cantera/include/cantera/kinetics/Kinetics.h:14:
In file included from /work/09629/m_hland10/ls6/cantera/include/cantera/kinetics/StoichManager.h:11:
In file included from /work/09629/m_hland10/ls6/cantera/include/cantera/numerics/eigen_sparse.h:12:
In file included from /scratch/tacc/apps/intel19/eigen/3.4.0/include/eigen3/Eigen/Sparse:26:
In file included from /scratch/tacc/apps/intel19/eigen/3.4.0/include/eigen3/Eigen/SparseCore:11:
In file included from /scratch/tacc/apps/intel19/eigen/3.4.0/include/eigen3/Eigen/Core:277:
/scratch/tacc/apps/intel19/eigen/3.4.0/include/eigen3/Eigen/src/Core/CoreEvaluators.h:754:17: warning: use of old-style cast [-Wold-style-cast]
  754 |     Alignment = EIGEN_PLAIN_ENUM_MIN(evaluator<Lhs>::Alignment,evaluator<Rhs>::Alignment)
      |                 ^                    ~~~~~~~~~~~~~~~~~~~~~~~~~
/scratch/tacc/apps/intel19/eigen/3.4.0/include/eigen3/Eigen/src/Core/util/Macros.h:1288:37: note: expanded from macro 'EIGEN_PLAIN_ENUM_MIN'
 1288 | #define EIGEN_PLAIN_ENUM_MIN(a,b) (((int)a <= (int)b) ? (int)a : (int)b)
      |                                     ^    ~
In file included from chemistrySolver/canteraChemistrySolvers.C:27:
In file included from lnInclude/canteraChemistryModel.H:209:
In file included from lnInclude/canteraChemistryModelI.H:35:
In file included from /work/09629/m_hland10/ls6/cantera/include/cantera/kinetics/Kinetics.h:14:
In file included from /work/09629/m_hland10/ls6/cantera/include/cantera/kinetics/StoichManager.h:11:
In file included from /work/09629/m_hland10/ls6/cantera/include/cantera/numerics/eigen_sparse.h:12:
In file included from /scratch/tacc/apps/intel19/eigen/3.4.0/include/eigen3/Eigen/Sparse:26:
In file included from /scratch/tacc/apps/intel19/eigen/3.4.0/include/eigen3/Eigen/SparseCore:11:
In file included from /scratch/tacc/apps/intel19/eigen/3.4.0/include/eigen3/Eigen/Core:277:
/scratch/tacc/apps/intel19/eigen/3.4.0/include/eigen3/Eigen/src/Core/CoreEvaluators.h:754:17: warning: use of old-style cast [-Wold-style-cast]
  754 |     Alignment = EIGEN_PLAIN_ENUM_MIN(evaluator<Lhs>::Alignment,evaluator<Rhs>::Alignment)
      |                 ^                                              ~~~~~~~~~~~~~~~~~~~~~~~~~
/scratch/tacc/apps/intel19/eigen/3.4.0/include/eigen3/Eigen/src/Core/util/Macros.h:1288:47: note: expanded from macro 'EIGEN_PLAIN_ENUM_MIN'
 1288 | #define EIGEN_PLAIN_ENUM_MIN(a,b) (((int)a <= (int)b) ? (int)a : (int)b)
      |                                               ^    ~
In file included from chemistrySolver/canteraChemistrySolvers.C:27:
In file included from lnInclude/canteraChemistryModel.H:209:
In file included from lnInclude/canteraChemistryModelI.H:35:
In file included from /work/09629/m_hland10/ls6/cantera/include/cantera/kinetics/Kinetics.h:14:
In file included from /work/09629/m_hland10/ls6/cantera/include/cantera/kinetics/StoichManager.h:11:
In file included from /work/09629/m_hland10/ls6/cantera/include/cantera/numerics/eigen_sparse.h:12:
In file included from /scratch/tacc/apps/intel19/eigen/3.4.0/include/eigen3/Eigen/Sparse:26:
In file included from /scratch/tacc/apps/intel19/eigen/3.4.0/include/eigen3/Eigen/SparseCore:11:
In file included from /scratch/tacc/apps/intel19/eigen/3.4.0/include/eigen3/Eigen/Core:277:
/scratch/tacc/apps/intel19/eigen/3.4.0/include/eigen3/Eigen/src/Core/CoreEvaluators.h:754:17: warning: use of old-style cast [-Wold-style-cast]
  754 |     Alignment = EIGEN_PLAIN_ENUM_MIN(evaluator<Lhs>::Alignment,evaluator<Rhs>::Alignment)
      |                 ^                    ~~~~~~~~~~~~~~~~~~~~~~~~~
/scratch/tacc/apps/intel19/eigen/3.4.0/include/eigen3/Eigen/src/Core/util/Macros.h:1288:57: note: expanded from macro 'EIGEN_PLAIN_ENUM_MIN'
 1288 | #define EIGEN_PLAIN_ENUM_MIN(a,b) (((int)a <= (int)b) ? (int)a : (int)b)
      |                                                         ^    ~
In file included from chemistrySolver/canteraChemistrySolvers.C:27:
In file included from lnInclude/canteraChemistryModel.H:209:
In file included from lnInclude/canteraChemistryModelI.H:35:
In file included from /work/09629/m_hland10/ls6/cantera/include/cantera/kinetics/Kinetics.h:14:
In file included from /work/09629/m_hland10/ls6/cantera/include/cantera/kinetics/StoichManager.h:11:
In file included from /work/09629/m_hland10/ls6/cantera/include/cantera/numerics/eigen_sparse.h:12:
In file included from /scratch/tacc/apps/intel19/eigen/3.4.0/include/eigen3/Eigen/Sparse:26:
In file included from /scratch/tacc/apps/intel19/eigen/3.4.0/include/eigen3/Eigen/SparseCore:11:
In file included from /scratch/tacc/apps/intel19/eigen/3.4.0/include/eigen3/Eigen/Core:277:
/scratch/tacc/apps/intel19/eigen/3.4.0/include/eigen3/Eigen/src/Core/CoreEvaluators.h:754:17: warning: use of old-style cast [-Wold-style-cast]
  754 |     Alignment = EIGEN_PLAIN_ENUM_MIN(evaluator<Lhs>::Alignment,evaluator<Rhs>::Alignment)
      |                 ^                                              ~~~~~~~~~~~~~~~~~~~~~~~~~
/scratch/tacc/apps/intel19/eigen/3.4.0/include/eigen3/Eigen/src/Core/util/Macros.h:1288:66: note: expanded from macro 'EIGEN_PLAIN_ENUM_MIN'
 1288 | #define EIGEN_PLAIN_ENUM_MIN(a,b) (((int)a <= (int)b) ? (int)a : (int)b)
      |                                                                  ^    ~
In file included from chemistrySolver/canteraChemistrySolvers.C:27:
In file included from lnInclude/canteraChemistryModel.H:209:
In file included from lnInclude/canteraChemistryModelI.H:35:
In file included from /work/09629/m_hland10/ls6/cantera/include/cantera/kinetics/Kinetics.h:14:
In file included from /work/09629/m_hland10/ls6/cantera/include/cantera/kinetics/StoichManager.h:11:
In file included from /work/09629/m_hland10/ls6/cantera/include/cantera/numerics/eigen_sparse.h:12:
In file included from /scratch/tacc/apps/intel19/eigen/3.4.0/include/eigen3/Eigen/Sparse:26:
In file included from /scratch/tacc/apps/intel19/eigen/3.4.0/include/eigen3/Eigen/SparseCore:11:
In file included from /scratch/tacc/apps/intel19/eigen/3.4.0/include/eigen3/Eigen/Core:277:
/scratch/tacc/apps/intel19/eigen/3.4.0/include/eigen3/Eigen/src/Core/CoreEvaluators.h:1075:17: warning: use of old-style cast [-Wold-style-cast]
 1075 |     Alignment = EIGEN_PLAIN_ENUM_MIN(evaluator<ArgType>::Alignment, Alignment0)
      |                 ^                    ~~~~~~~~~~~~~~~~~~~~~~~~~~~~~
/scratch/tacc/apps/intel19/eigen/3.4.0/include/eigen3/Eigen/src/Core/util/Macros.h:1288:37: note: expanded from macro 'EIGEN_PLAIN_ENUM_MIN'
 1288 | #define EIGEN_PLAIN_ENUM_MIN(a,b) (((int)a <= (int)b) ? (int)a : (int)b)
      |                                     ^    ~
In file included from chemistrySolver/canteraChemistrySolvers.C:27:
In file included from lnInclude/canteraChemistryModel.H:209:
In file included from lnInclude/canteraChemistryModelI.H:35:
In file included from /work/09629/m_hland10/ls6/cantera/include/cantera/kinetics/Kinetics.h:14:
In file included from /work/09629/m_hland10/ls6/cantera/include/cantera/kinetics/StoichManager.h:11:
In file included from /work/09629/m_hland10/ls6/cantera/include/cantera/numerics/eigen_sparse.h:12:
In file included from /scratch/tacc/apps/intel19/eigen/3.4.0/include/eigen3/Eigen/Sparse:26:
In file included from /scratch/tacc/apps/intel19/eigen/3.4.0/include/eigen3/Eigen/SparseCore:11:
In file included from /scratch/tacc/apps/intel19/eigen/3.4.0/include/eigen3/Eigen/Core:277:
/scratch/tacc/apps/intel19/eigen/3.4.0/include/eigen3/Eigen/src/Core/CoreEvaluators.h:1075:17: warning: use of old-style cast [-Wold-style-cast]
 1075 |     Alignment = EIGEN_PLAIN_ENUM_MIN(evaluator<ArgType>::Alignment, Alignment0)
      |                 ^                                                   ~~~~~~~~~~
/scratch/tacc/apps/intel19/eigen/3.4.0/include/eigen3/Eigen/src/Core/util/Macros.h:1288:47: note: expanded from macro 'EIGEN_PLAIN_ENUM_MIN'
 1288 | #define EIGEN_PLAIN_ENUM_MIN(a,b) (((int)a <= (int)b) ? (int)a : (int)b)
      |                                               ^    ~
In file included from chemistrySolver/canteraChemistrySolvers.C:27:
In file included from lnInclude/canteraChemistryModel.H:209:
In file included from lnInclude/canteraChemistryModelI.H:35:
In file included from /work/09629/m_hland10/ls6/cantera/include/cantera/kinetics/Kinetics.h:14:
In file included from /work/09629/m_hland10/ls6/cantera/include/cantera/kinetics/StoichManager.h:11:
In file included from /work/09629/m_hland10/ls6/cantera/include/cantera/numerics/eigen_sparse.h:12:
In file included from /scratch/tacc/apps/intel19/eigen/3.4.0/include/eigen3/Eigen/Sparse:26:
In file included from /scratch/tacc/apps/intel19/eigen/3.4.0/include/eigen3/Eigen/SparseCore:11:
In file included from /scratch/tacc/apps/intel19/eigen/3.4.0/include/eigen3/Eigen/Core:277:
/scratch/tacc/apps/intel19/eigen/3.4.0/include/eigen3/Eigen/src/Core/CoreEvaluators.h:1075:17: warning: use of old-style cast [-Wold-style-cast]
 1075 |     Alignment = EIGEN_PLAIN_ENUM_MIN(evaluator<ArgType>::Alignment, Alignment0)
      |                 ^                    ~~~~~~~~~~~~~~~~~~~~~~~~~~~~~
/scratch/tacc/apps/intel19/eigen/3.4.0/include/eigen3/Eigen/src/Core/util/Macros.h:1288:57: note: expanded from macro 'EIGEN_PLAIN_ENUM_MIN'
 1288 | #define EIGEN_PLAIN_ENUM_MIN(a,b) (((int)a <= (int)b) ? (int)a : (int)b)
      |                                                         ^    ~
In file included from chemistrySolver/canteraChemistrySolvers.C:27:
In file included from lnInclude/canteraChemistryModel.H:209:
In file included from lnInclude/canteraChemistryModelI.H:35:
In file included from /work/09629/m_hland10/ls6/cantera/include/cantera/kinetics/Kinetics.h:14:
In file included from /work/09629/m_hland10/ls6/cantera/include/cantera/kinetics/StoichManager.h:11:
In file included from /work/09629/m_hland10/ls6/cantera/include/cantera/numerics/eigen_sparse.h:12:
In file included from /scratch/tacc/apps/intel19/eigen/3.4.0/include/eigen3/Eigen/Sparse:26:
In file included from /scratch/tacc/apps/intel19/eigen/3.4.0/include/eigen3/Eigen/SparseCore:11:
In file included from /scratch/tacc/apps/intel19/eigen/3.4.0/include/eigen3/Eigen/Core:277:
/scratch/tacc/apps/intel19/eigen/3.4.0/include/eigen3/Eigen/src/Core/CoreEvaluators.h:1075:17: warning: use of old-style cast [-Wold-style-cast]
 1075 |     Alignment = EIGEN_PLAIN_ENUM_MIN(evaluator<ArgType>::Alignment, Alignment0)
      |                 ^                                                   ~~~~~~~~~~
/scratch/tacc/apps/intel19/eigen/3.4.0/include/eigen3/Eigen/src/Core/util/Macros.h:1288:66: note: expanded from macro 'EIGEN_PLAIN_ENUM_MIN'
 1288 | #define EIGEN_PLAIN_ENUM_MIN(a,b) (((int)a <= (int)b) ? (int)a : (int)b)
      |                                                                  ^    ~
In file included from chemistrySolver/canteraChemistrySolvers.C:27:
In file included from lnInclude/canteraChemistryModel.H:209:
In file included from lnInclude/canteraChemistryModelI.H:35:
In file included from /work/09629/m_hland10/ls6/cantera/include/cantera/kinetics/Kinetics.h:14:
In file included from /work/09629/m_hland10/ls6/cantera/include/cantera/kinetics/StoichManager.h:11:
In file included from /work/09629/m_hland10/ls6/cantera/include/cantera/numerics/eigen_sparse.h:12:
In file included from /scratch/tacc/apps/intel19/eigen/3.4.0/include/eigen3/Eigen/Sparse:26:
In file included from /scratch/tacc/apps/intel19/eigen/3.4.0/include/eigen3/Eigen/SparseCore:11:
In file included from /scratch/tacc/apps/intel19/eigen/3.4.0/include/eigen3/Eigen/Core:277:
/scratch/tacc/apps/intel19/eigen/3.4.0/include/eigen3/Eigen/src/Core/CoreEvaluators.h:1226:54: warning: use of old-style cast [-Wold-style-cast]
 1226 |     eigen_assert(((internal::UIntPtr(block.data()) % EIGEN_PLAIN_ENUM_MAX(1,evaluator<XprType>::Alignment)) == 0) && "data is not aligned");
      |                                                      ^                    ~
/scratch/tacc/apps/intel19/eigen/3.4.0/include/eigen3/Eigen/src/Core/util/Macros.h:1289:37: note: expanded from macro 'EIGEN_PLAIN_ENUM_MAX'
 1289 | #define EIGEN_PLAIN_ENUM_MAX(a,b) (((int)a >= (int)b) ? (int)a : (int)b)
      |                                     ^    ~
/scratch/tacc/apps/intel19/eigen/3.4.0/include/eigen3/Eigen/src/Core/util/Macros.h:1037:44: note: expanded from macro 'eigen_assert'
 1037 | #define eigen_assert(x) eigen_plain_assert(x)
      |                                            ^
/scratch/tacc/apps/intel19/eigen/3.4.0/include/eigen3/Eigen/src/Core/util/Macros.h:1007:42: note: expanded from macro 'eigen_plain_assert'
 1007 |     #define eigen_plain_assert(x) assert(x)
      |                                          ^
/usr/include/assert.h:90:27: note: expanded from macro 'assert'
   90 |      (static_cast <bool> (expr)                                         \
      |                           ^~~~
In file included from chemistrySolver/canteraChemistrySolvers.C:27:
In file included from lnInclude/canteraChemistryModel.H:209:
In file included from lnInclude/canteraChemistryModelI.H:35:
In file included from /work/09629/m_hland10/ls6/cantera/include/cantera/kinetics/Kinetics.h:14:
In file included from /work/09629/m_hland10/ls6/cantera/include/cantera/kinetics/StoichManager.h:11:
In file included from /work/09629/m_hland10/ls6/cantera/include/cantera/numerics/eigen_sparse.h:12:
In file included from /scratch/tacc/apps/intel19/eigen/3.4.0/include/eigen3/Eigen/Sparse:26:
In file included from /scratch/tacc/apps/intel19/eigen/3.4.0/include/eigen3/Eigen/SparseCore:11:
In file included from /scratch/tacc/apps/intel19/eigen/3.4.0/include/eigen3/Eigen/Core:277:
/scratch/tacc/apps/intel19/eigen/3.4.0/include/eigen3/Eigen/src/Core/CoreEvaluators.h:1226:54: warning: use of old-style cast [-Wold-style-cast]
 1226 |     eigen_assert(((internal::UIntPtr(block.data()) % EIGEN_PLAIN_ENUM_MAX(1,evaluator<XprType>::Alignment)) == 0) && "data is not aligned");
      |                                                      ^                      ~~~~~~~~~~~~~~~~~~~~~~~~~~~~~
/scratch/tacc/apps/intel19/eigen/3.4.0/include/eigen3/Eigen/src/Core/util/Macros.h:1289:47: note: expanded from macro 'EIGEN_PLAIN_ENUM_MAX'
 1289 | #define EIGEN_PLAIN_ENUM_MAX(a,b) (((int)a >= (int)b) ? (int)a : (int)b)
      |                                               ^    ~
/scratch/tacc/apps/intel19/eigen/3.4.0/include/eigen3/Eigen/src/Core/util/Macros.h:1037:44: note: expanded from macro 'eigen_assert'
 1037 | #define eigen_assert(x) eigen_plain_assert(x)
      |                                            ^
/scratch/tacc/apps/intel19/eigen/3.4.0/include/eigen3/Eigen/src/Core/util/Macros.h:1007:42: note: expanded from macro 'eigen_plain_assert'
 1007 |     #define eigen_plain_assert(x) assert(x)
      |                                          ^
/usr/include/assert.h:90:27: note: expanded from macro 'assert'
   90 |      (static_cast <bool> (expr)                                         \
      |                           ^~~~
In file included from chemistrySolver/canteraChemistrySolvers.C:27:
In file included from lnInclude/canteraChemistryModel.H:209:
In file included from lnInclude/canteraChemistryModelI.H:35:
In file included from /work/09629/m_hland10/ls6/cantera/include/cantera/kinetics/Kinetics.h:14:
In file included from /work/09629/m_hland10/ls6/cantera/include/cantera/kinetics/StoichManager.h:11:
In file included from /work/09629/m_hland10/ls6/cantera/include/cantera/numerics/eigen_sparse.h:12:
In file included from /scratch/tacc/apps/intel19/eigen/3.4.0/include/eigen3/Eigen/Sparse:26:
In file included from /scratch/tacc/apps/intel19/eigen/3.4.0/include/eigen3/Eigen/SparseCore:11:
In file included from /scratch/tacc/apps/intel19/eigen/3.4.0/include/eigen3/Eigen/Core:277:
/scratch/tacc/apps/intel19/eigen/3.4.0/include/eigen3/Eigen/src/Core/CoreEvaluators.h:1226:54: warning: use of old-style cast [-Wold-style-cast]
 1226 |     eigen_assert(((internal::UIntPtr(block.data()) % EIGEN_PLAIN_ENUM_MAX(1,evaluator<XprType>::Alignment)) == 0) && "data is not aligned");
      |                                                      ^                    ~
/scratch/tacc/apps/intel19/eigen/3.4.0/include/eigen3/Eigen/src/Core/util/Macros.h:1289:57: note: expanded from macro 'EIGEN_PLAIN_ENUM_MAX'
 1289 | #define EIGEN_PLAIN_ENUM_MAX(a,b) (((int)a >= (int)b) ? (int)a : (int)b)
      |                                                         ^    ~
/scratch/tacc/apps/intel19/eigen/3.4.0/include/eigen3/Eigen/src/Core/util/Macros.h:1037:44: note: expanded from macro 'eigen_assert'
 1037 | #define eigen_assert(x) eigen_plain_assert(x)
      |                                            ^
/scratch/tacc/apps/intel19/eigen/3.4.0/include/eigen3/Eigen/src/Core/util/Macros.h:1007:42: note: expanded from macro 'eigen_plain_assert'
 1007 |     #define eigen_plain_assert(x) assert(x)
      |                                          ^
/usr/include/assert.h:90:27: note: expanded from macro 'assert'
   90 |      (static_cast <bool> (expr)                                         \
      |                           ^~~~
In file included from chemistrySolver/canteraChemistrySolvers.C:27:
In file included from lnInclude/canteraChemistryModel.H:209:
In file included from lnInclude/canteraChemistryModelI.H:35:
In file included from /work/09629/m_hland10/ls6/cantera/include/cantera/kinetics/Kinetics.h:14:
In file included from /work/09629/m_hland10/ls6/cantera/include/cantera/kinetics/StoichManager.h:11:
In file included from /work/09629/m_hland10/ls6/cantera/include/cantera/numerics/eigen_sparse.h:12:
In file included from /scratch/tacc/apps/intel19/eigen/3.4.0/include/eigen3/Eigen/Sparse:26:
In file included from /scratch/tacc/apps/intel19/eigen/3.4.0/include/eigen3/Eigen/SparseCore:11:
In file included from /scratch/tacc/apps/intel19/eigen/3.4.0/include/eigen3/Eigen/Core:277:
/scratch/tacc/apps/intel19/eigen/3.4.0/include/eigen3/Eigen/src/Core/CoreEvaluators.h:1226:54: warning: use of old-style cast [-Wold-style-cast]
 1226 |     eigen_assert(((internal::UIntPtr(block.data()) % EIGEN_PLAIN_ENUM_MAX(1,evaluator<XprType>::Alignment)) == 0) && "data is not aligned");
      |                                                      ^                      ~~~~~~~~~~~~~~~~~~~~~~~~~~~~~
/scratch/tacc/apps/intel19/eigen/3.4.0/include/eigen3/Eigen/src/Core/util/Macros.h:1289:66: note: expanded from macro 'EIGEN_PLAIN_ENUM_MAX'
 1289 | #define EIGEN_PLAIN_ENUM_MAX(a,b) (((int)a >= (int)b) ? (int)a : (int)b)
      |                                                                  ^    ~
/scratch/tacc/apps/intel19/eigen/3.4.0/include/eigen3/Eigen/src/Core/util/Macros.h:1037:44: note: expanded from macro 'eigen_assert'
 1037 | #define eigen_assert(x) eigen_plain_assert(x)
      |                                            ^
/scratch/tacc/apps/intel19/eigen/3.4.0/include/eigen3/Eigen/src/Core/util/Macros.h:1007:42: note: expanded from macro 'eigen_plain_assert'
 1007 |     #define eigen_plain_assert(x) assert(x)
      |                                          ^
/usr/include/assert.h:90:27: note: expanded from macro 'assert'
   90 |      (static_cast <bool> (expr)                                         \
      |                           ^~~~
In file included from chemistrySolver/canteraChemistrySolvers.C:27:
In file included from lnInclude/canteraChemistryModel.H:209:
In file included from lnInclude/canteraChemistryModelI.H:35:
In file included from /work/09629/m_hland10/ls6/cantera/include/cantera/kinetics/Kinetics.h:14:
In file included from /work/09629/m_hland10/ls6/cantera/include/cantera/kinetics/StoichManager.h:11:
In file included from /work/09629/m_hland10/ls6/cantera/include/cantera/numerics/eigen_sparse.h:12:
In file included from /scratch/tacc/apps/intel19/eigen/3.4.0/include/eigen3/Eigen/Sparse:26:
In file included from /scratch/tacc/apps/intel19/eigen/3.4.0/include/eigen3/Eigen/SparseCore:11:
In file included from /scratch/tacc/apps/intel19/eigen/3.4.0/include/eigen3/Eigen/Core:277:
/scratch/tacc/apps/intel19/eigen/3.4.0/include/eigen3/Eigen/src/Core/CoreEvaluators.h:1242:21: warning: use of old-style cast [-Wold-style-cast]
 1242 |                   + EIGEN_PLAIN_ENUM_MAX(evaluator<ThenMatrixType>::CoeffReadCost,
      |                     ^                    ~~~~~~~~~~~~~~~~~~~~~~~~~~~~~~~~~~~~~~~~
/scratch/tacc/apps/intel19/eigen/3.4.0/include/eigen3/Eigen/src/Core/util/Macros.h:1289:37: note: expanded from macro 'EIGEN_PLAIN_ENUM_MAX'
 1289 | #define EIGEN_PLAIN_ENUM_MAX(a,b) (((int)a >= (int)b) ? (int)a : (int)b)
      |                                     ^    ~
In file included from chemistrySolver/canteraChemistrySolvers.C:27:
In file included from lnInclude/canteraChemistryModel.H:209:
In file included from lnInclude/canteraChemistryModelI.H:35:
In file included from /work/09629/m_hland10/ls6/cantera/include/cantera/kinetics/Kinetics.h:14:
In file included from /work/09629/m_hland10/ls6/cantera/include/cantera/kinetics/StoichManager.h:11:
In file included from /work/09629/m_hland10/ls6/cantera/include/cantera/numerics/eigen_sparse.h:12:
In file included from /scratch/tacc/apps/intel19/eigen/3.4.0/include/eigen3/Eigen/Sparse:26:
In file included from /scratch/tacc/apps/intel19/eigen/3.4.0/include/eigen3/Eigen/SparseCore:11:
In file included from /scratch/tacc/apps/intel19/eigen/3.4.0/include/eigen3/Eigen/Core:277:
/scratch/tacc/apps/intel19/eigen/3.4.0/include/eigen3/Eigen/src/Core/CoreEvaluators.h:1242:21: warning: use of old-style cast [-Wold-style-cast]
 1242 |                   + EIGEN_PLAIN_ENUM_MAX(evaluator<ThenMatrixType>::CoeffReadCost,
      |                     ^
 1243 |                                          evaluator<ElseMatrixType>::CoeffReadCost),
      |                                          ~~~~~~~~~~~~~~~~~~~~~~~~~~~~~~~~~~~~~~~~
/scratch/tacc/apps/intel19/eigen/3.4.0/include/eigen3/Eigen/src/Core/util/Macros.h:1289:47: note: expanded from macro 'EIGEN_PLAIN_ENUM_MAX'
 1289 | #define EIGEN_PLAIN_ENUM_MAX(a,b) (((int)a >= (int)b) ? (int)a : (int)b)
      |                                               ^    ~
In file included from chemistrySolver/canteraChemistrySolvers.C:27:
In file included from lnInclude/canteraChemistryModel.H:209:
In file included from lnInclude/canteraChemistryModelI.H:35:
In file included from /work/09629/m_hland10/ls6/cantera/include/cantera/kinetics/Kinetics.h:14:
In file included from /work/09629/m_hland10/ls6/cantera/include/cantera/kinetics/StoichManager.h:11:
In file included from /work/09629/m_hland10/ls6/cantera/include/cantera/numerics/eigen_sparse.h:12:
In file included from /scratch/tacc/apps/intel19/eigen/3.4.0/include/eigen3/Eigen/Sparse:26:
In file included from /scratch/tacc/apps/intel19/eigen/3.4.0/include/eigen3/Eigen/SparseCore:11:
In file included from /scratch/tacc/apps/intel19/eigen/3.4.0/include/eigen3/Eigen/Core:277:
/scratch/tacc/apps/intel19/eigen/3.4.0/include/eigen3/Eigen/src/Core/CoreEvaluators.h:1242:21: warning: use of old-style cast [-Wold-style-cast]
 1242 |                   + EIGEN_PLAIN_ENUM_MAX(evaluator<ThenMatrixType>::CoeffReadCost,
      |                     ^                    ~~~~~~~~~~~~~~~~~~~~~~~~~~~~~~~~~~~~~~~~
/scratch/tacc/apps/intel19/eigen/3.4.0/include/eigen3/Eigen/src/Core/util/Macros.h:1289:57: note: expanded from macro 'EIGEN_PLAIN_ENUM_MAX'
 1289 | #define EIGEN_PLAIN_ENUM_MAX(a,b) (((int)a >= (int)b) ? (int)a : (int)b)
      |                                                         ^    ~
In file included from chemistrySolver/canteraChemistrySolvers.C:27:
In file included from lnInclude/canteraChemistryModel.H:209:
In file included from lnInclude/canteraChemistryModelI.H:35:
In file included from /work/09629/m_hland10/ls6/cantera/include/cantera/kinetics/Kinetics.h:14:
In file included from /work/09629/m_hland10/ls6/cantera/include/cantera/kinetics/StoichManager.h:11:
In file included from /work/09629/m_hland10/ls6/cantera/include/cantera/numerics/eigen_sparse.h:12:
In file included from /scratch/tacc/apps/intel19/eigen/3.4.0/include/eigen3/Eigen/Sparse:26:
In file included from /scratch/tacc/apps/intel19/eigen/3.4.0/include/eigen3/Eigen/SparseCore:11:
In file included from /scratch/tacc/apps/intel19/eigen/3.4.0/include/eigen3/Eigen/Core:277:
/scratch/tacc/apps/intel19/eigen/3.4.0/include/eigen3/Eigen/src/Core/CoreEvaluators.h:1242:21: warning: use of old-style cast [-Wold-style-cast]
 1242 |                   + EIGEN_PLAIN_ENUM_MAX(evaluator<ThenMatrixType>::CoeffReadCost,
      |                     ^
 1243 |                                          evaluator<ElseMatrixType>::CoeffReadCost),
      |                                          ~~~~~~~~~~~~~~~~~~~~~~~~~~~~~~~~~~~~~~~~
/scratch/tacc/apps/intel19/eigen/3.4.0/include/eigen3/Eigen/src/Core/util/Macros.h:1289:66: note: expanded from macro 'EIGEN_PLAIN_ENUM_MAX'
 1289 | #define EIGEN_PLAIN_ENUM_MAX(a,b) (((int)a >= (int)b) ? (int)a : (int)b)
      |                                                                  ^    ~
In file included from chemistrySolver/canteraChemistrySolvers.C:27:
In file included from lnInclude/canteraChemistryModel.H:209:
In file included from lnInclude/canteraChemistryModelI.H:35:
In file included from /work/09629/m_hland10/ls6/cantera/include/cantera/kinetics/Kinetics.h:14:
In file included from /work/09629/m_hland10/ls6/cantera/include/cantera/kinetics/StoichManager.h:11:
In file included from /work/09629/m_hland10/ls6/cantera/include/cantera/numerics/eigen_sparse.h:12:
In file included from /scratch/tacc/apps/intel19/eigen/3.4.0/include/eigen3/Eigen/Sparse:26:
In file included from /scratch/tacc/apps/intel19/eigen/3.4.0/include/eigen3/Eigen/SparseCore:11:
In file included from /scratch/tacc/apps/intel19/eigen/3.4.0/include/eigen3/Eigen/Core:277:
/scratch/tacc/apps/intel19/eigen/3.4.0/include/eigen3/Eigen/src/Core/CoreEvaluators.h:1245:13: warning: use of old-style cast [-Wold-style-cast]
 1245 |     Flags = (unsigned int)evaluator<ThenMatrixType>::Flags & evaluator<ElseMatrixType>::Flags & HereditaryBits,
      |             ^             ~~~~~~~~~~~~~~~~~~~~~~~~~~~~~~~~
/scratch/tacc/apps/intel19/eigen/3.4.0/include/eigen3/Eigen/src/Core/CoreEvaluators.h:1247:17: warning: use of old-style cast [-Wold-style-cast]
 1247 |     Alignment = EIGEN_PLAIN_ENUM_MIN(evaluator<ThenMatrixType>::Alignment, evaluator<ElseMatrixType>::Alignment)
      |                 ^                    ~~~~~~~~~~~~~~~~~~~~~~~~~~~~~~~~~~~~
/scratch/tacc/apps/intel19/eigen/3.4.0/include/eigen3/Eigen/src/Core/util/Macros.h:1288:37: note: expanded from macro 'EIGEN_PLAIN_ENUM_MIN'
 1288 | #define EIGEN_PLAIN_ENUM_MIN(a,b) (((int)a <= (int)b) ? (int)a : (int)b)
      |                                     ^    ~
In file included from chemistrySolver/canteraChemistrySolvers.C:27:
In file included from lnInclude/canteraChemistryModel.H:209:
In file included from lnInclude/canteraChemistryModelI.H:35:
In file included from /work/09629/m_hland10/ls6/cantera/include/cantera/kinetics/Kinetics.h:14:
In file included from /work/09629/m_hland10/ls6/cantera/include/cantera/kinetics/StoichManager.h:11:
In file included from /work/09629/m_hland10/ls6/cantera/include/cantera/numerics/eigen_sparse.h:12:
In file included from /scratch/tacc/apps/intel19/eigen/3.4.0/include/eigen3/Eigen/Sparse:26:
In file included from /scratch/tacc/apps/intel19/eigen/3.4.0/include/eigen3/Eigen/SparseCore:11:
In file included from /scratch/tacc/apps/intel19/eigen/3.4.0/include/eigen3/Eigen/Core:277:
/scratch/tacc/apps/intel19/eigen/3.4.0/include/eigen3/Eigen/src/Core/CoreEvaluators.h:1247:17: warning: use of old-style cast [-Wold-style-cast]
 1247 |     Alignment = EIGEN_PLAIN_ENUM_MIN(evaluator<ThenMatrixType>::Alignment, evaluator<ElseMatrixType>::Alignment)
      |                 ^                                                          ~~~~~~~~~~~~~~~~~~~~~~~~~~~~~~~~~~~~
/scratch/tacc/apps/intel19/eigen/3.4.0/include/eigen3/Eigen/src/Core/util/Macros.h:1288:47: note: expanded from macro 'EIGEN_PLAIN_ENUM_MIN'
 1288 | #define EIGEN_PLAIN_ENUM_MIN(a,b) (((int)a <= (int)b) ? (int)a : (int)b)
      |                                               ^    ~
In file included from chemistrySolver/canteraChemistrySolvers.C:27:
In file included from lnInclude/canteraChemistryModel.H:209:
In file included from lnInclude/canteraChemistryModelI.H:35:
In file included from /work/09629/m_hland10/ls6/cantera/include/cantera/kinetics/Kinetics.h:14:
In file included from /work/09629/m_hland10/ls6/cantera/include/cantera/kinetics/StoichManager.h:11:
In file included from /work/09629/m_hland10/ls6/cantera/include/cantera/numerics/eigen_sparse.h:12:
In file included from /scratch/tacc/apps/intel19/eigen/3.4.0/include/eigen3/Eigen/Sparse:26:
In file included from /scratch/tacc/apps/intel19/eigen/3.4.0/include/eigen3/Eigen/SparseCore:11:
In file included from /scratch/tacc/apps/intel19/eigen/3.4.0/include/eigen3/Eigen/Core:277:
/scratch/tacc/apps/intel19/eigen/3.4.0/include/eigen3/Eigen/src/Core/CoreEvaluators.h:1247:17: warning: use of old-style cast [-Wold-style-cast]
 1247 |     Alignment = EIGEN_PLAIN_ENUM_MIN(evaluator<ThenMatrixType>::Alignment, evaluator<ElseMatrixType>::Alignment)
      |                 ^                    ~~~~~~~~~~~~~~~~~~~~~~~~~~~~~~~~~~~~
/scratch/tacc/apps/intel19/eigen/3.4.0/include/eigen3/Eigen/src/Core/util/Macros.h:1288:57: note: expanded from macro 'EIGEN_PLAIN_ENUM_MIN'
 1288 | #define EIGEN_PLAIN_ENUM_MIN(a,b) (((int)a <= (int)b) ? (int)a : (int)b)
      |                                                         ^    ~
In file included from chemistrySolver/canteraChemistrySolvers.C:27:
In file included from lnInclude/canteraChemistryModel.H:209:
In file included from lnInclude/canteraChemistryModelI.H:35:
In file included from /work/09629/m_hland10/ls6/cantera/include/cantera/kinetics/Kinetics.h:14:
In file included from /work/09629/m_hland10/ls6/cantera/include/cantera/kinetics/StoichManager.h:11:
In file included from /work/09629/m_hland10/ls6/cantera/include/cantera/numerics/eigen_sparse.h:12:
In file included from /scratch/tacc/apps/intel19/eigen/3.4.0/include/eigen3/Eigen/Sparse:26:
In file included from /scratch/tacc/apps/intel19/eigen/3.4.0/include/eigen3/Eigen/SparseCore:11:
In file included from /scratch/tacc/apps/intel19/eigen/3.4.0/include/eigen3/Eigen/Core:277:
/scratch/tacc/apps/intel19/eigen/3.4.0/include/eigen3/Eigen/src/Core/CoreEvaluators.h:1247:17: warning: use of old-style cast [-Wold-style-cast]
 1247 |     Alignment = EIGEN_PLAIN_ENUM_MIN(evaluator<ThenMatrixType>::Alignment, evaluator<ElseMatrixType>::Alignment)
      |                 ^                                                          ~~~~~~~~~~~~~~~~~~~~~~~~~~~~~~~~~~~~
/scratch/tacc/apps/intel19/eigen/3.4.0/include/eigen3/Eigen/src/Core/util/Macros.h:1288:66: note: expanded from macro 'EIGEN_PLAIN_ENUM_MIN'
 1288 | #define EIGEN_PLAIN_ENUM_MIN(a,b) (((int)a <= (int)b) ? (int)a : (int)b)
      |                                                                  ^    ~
In file included from chemistrySolver/canteraChemistrySolvers.C:27:
In file included from lnInclude/canteraChemistryModel.H:209:
In file included from lnInclude/canteraChemistryModelI.H:35:
In file included from /work/09629/m_hland10/ls6/cantera/include/cantera/kinetics/Kinetics.h:14:
In file included from /work/09629/m_hland10/ls6/cantera/include/cantera/kinetics/StoichManager.h:11:
In file included from /work/09629/m_hland10/ls6/cantera/include/cantera/numerics/eigen_sparse.h:12:
In file included from /scratch/tacc/apps/intel19/eigen/3.4.0/include/eigen3/Eigen/Sparse:26:
In file included from /scratch/tacc/apps/intel19/eigen/3.4.0/include/eigen3/Eigen/SparseCore:11:
In file included from /scratch/tacc/apps/intel19/eigen/3.4.0/include/eigen3/Eigen/Core:277:
/scratch/tacc/apps/intel19/eigen/3.4.0/include/eigen3/Eigen/src/Core/CoreEvaluators.h:1615:13: warning: use of old-style cast [-Wold-style-cast]
 1615 |     Flags = (unsigned int)(evaluator<ArgType>::Flags & (HereditaryBits | DirectAccessBit) & ~RowMajorBit) | LinearAccessBit,
      |             ^             ~~~~~~~~~~~~~~~~~~~~~~~~~~~~~~~~~~~~~~~~~~~~~~~~~~~~~~~~~~~~~~~~~~~~~~~~~~~~~~~
In file included from chemistrySolver/canteraChemistrySolvers.C:27:
In file included from lnInclude/canteraChemistryModel.H:209:
In file included from lnInclude/canteraChemistryModelI.H:35:
In file included from /work/09629/m_hland10/ls6/cantera/include/cantera/kinetics/Kinetics.h:14:
In file included from /work/09629/m_hland10/ls6/cantera/include/cantera/kinetics/StoichManager.h:11:
In file included from /work/09629/m_hland10/ls6/cantera/include/cantera/numerics/eigen_sparse.h:12:
In file included from /scratch/tacc/apps/intel19/eigen/3.4.0/include/eigen3/Eigen/Sparse:26:
In file included from /scratch/tacc/apps/intel19/eigen/3.4.0/include/eigen3/Eigen/SparseCore:11:
In file included from /scratch/tacc/apps/intel19/eigen/3.4.0/include/eigen3/Eigen/Core:278:
/scratch/tacc/apps/intel19/eigen/3.4.0/include/eigen3/Eigen/src/Core/AssignEvaluator.h:43:22: warning: use of old-style cast [-Wold-style-cast]
   43 |     JointAlignment = EIGEN_PLAIN_ENUM_MIN(DstAlignment,SrcAlignment)
      |                      ^                    ~~~~~~~~~~~~
/scratch/tacc/apps/intel19/eigen/3.4.0/include/eigen3/Eigen/src/Core/util/Macros.h:1288:37: note: expanded from macro 'EIGEN_PLAIN_ENUM_MIN'
 1288 | #define EIGEN_PLAIN_ENUM_MIN(a,b) (((int)a <= (int)b) ? (int)a : (int)b)
      |                                     ^    ~
In file included from chemistrySolver/canteraChemistrySolvers.C:27:
In file included from lnInclude/canteraChemistryModel.H:209:
In file included from lnInclude/canteraChemistryModelI.H:35:
In file included from /work/09629/m_hland10/ls6/cantera/include/cantera/kinetics/Kinetics.h:14:
In file included from /work/09629/m_hland10/ls6/cantera/include/cantera/kinetics/StoichManager.h:11:
In file included from /work/09629/m_hland10/ls6/cantera/include/cantera/numerics/eigen_sparse.h:12:
In file included from /scratch/tacc/apps/intel19/eigen/3.4.0/include/eigen3/Eigen/Sparse:26:
In file included from /scratch/tacc/apps/intel19/eigen/3.4.0/include/eigen3/Eigen/SparseCore:11:
In file included from /scratch/tacc/apps/intel19/eigen/3.4.0/include/eigen3/Eigen/Core:278:
/scratch/tacc/apps/intel19/eigen/3.4.0/include/eigen3/Eigen/src/Core/AssignEvaluator.h:43:22: warning: use of old-style cast [-Wold-style-cast]
   43 |     JointAlignment = EIGEN_PLAIN_ENUM_MIN(DstAlignment,SrcAlignment)
      |                      ^                                 ~~~~~~~~~~~~
/scratch/tacc/apps/intel19/eigen/3.4.0/include/eigen3/Eigen/src/Core/util/Macros.h:1288:47: note: expanded from macro 'EIGEN_PLAIN_ENUM_MIN'
 1288 | #define EIGEN_PLAIN_ENUM_MIN(a,b) (((int)a <= (int)b) ? (int)a : (int)b)
      |                                               ^    ~
In file included from chemistrySolver/canteraChemistrySolvers.C:27:
In file included from lnInclude/canteraChemistryModel.H:209:
In file included from lnInclude/canteraChemistryModelI.H:35:
In file included from /work/09629/m_hland10/ls6/cantera/include/cantera/kinetics/Kinetics.h:14:
In file included from /work/09629/m_hland10/ls6/cantera/include/cantera/kinetics/StoichManager.h:11:
In file included from /work/09629/m_hland10/ls6/cantera/include/cantera/numerics/eigen_sparse.h:12:
In file included from /scratch/tacc/apps/intel19/eigen/3.4.0/include/eigen3/Eigen/Sparse:26:
In file included from /scratch/tacc/apps/intel19/eigen/3.4.0/include/eigen3/Eigen/SparseCore:11:
In file included from /scratch/tacc/apps/intel19/eigen/3.4.0/include/eigen3/Eigen/Core:278:
/scratch/tacc/apps/intel19/eigen/3.4.0/include/eigen3/Eigen/src/Core/AssignEvaluator.h:43:22: warning: use of old-style cast [-Wold-style-cast]
   43 |     JointAlignment = EIGEN_PLAIN_ENUM_MIN(DstAlignment,SrcAlignment)
      |                      ^                    ~~~~~~~~~~~~
/scratch/tacc/apps/intel19/eigen/3.4.0/include/eigen3/Eigen/src/Core/util/Macros.h:1288:57: note: expanded from macro 'EIGEN_PLAIN_ENUM_MIN'
 1288 | #define EIGEN_PLAIN_ENUM_MIN(a,b) (((int)a <= (int)b) ? (int)a : (int)b)
      |                                                         ^    ~
In file included from chemistrySolver/canteraChemistrySolvers.C:27:
In file included from lnInclude/canteraChemistryModel.H:209:
In file included from lnInclude/canteraChemistryModelI.H:35:
In file included from /work/09629/m_hland10/ls6/cantera/include/cantera/kinetics/Kinetics.h:14:
In file included from /work/09629/m_hland10/ls6/cantera/include/cantera/kinetics/StoichManager.h:11:
In file included from /work/09629/m_hland10/ls6/cantera/include/cantera/numerics/eigen_sparse.h:12:
In file included from /scratch/tacc/apps/intel19/eigen/3.4.0/include/eigen3/Eigen/Sparse:26:
In file included from /scratch/tacc/apps/intel19/eigen/3.4.0/include/eigen3/Eigen/SparseCore:11:
In file included from /scratch/tacc/apps/intel19/eigen/3.4.0/include/eigen3/Eigen/Core:278:
/scratch/tacc/apps/intel19/eigen/3.4.0/include/eigen3/Eigen/src/Core/AssignEvaluator.h:43:22: warning: use of old-style cast [-Wold-style-cast]
   43 |     JointAlignment = EIGEN_PLAIN_ENUM_MIN(DstAlignment,SrcAlignment)
      |                      ^                                 ~~~~~~~~~~~~
/scratch/tacc/apps/intel19/eigen/3.4.0/include/eigen3/Eigen/src/Core/util/Macros.h:1288:66: note: expanded from macro 'EIGEN_PLAIN_ENUM_MIN'
 1288 | #define EIGEN_PLAIN_ENUM_MIN(a,b) (((int)a <= (int)b) ? (int)a : (int)b)
      |                                                                  ^    ~
In file included from chemistrySolver/canteraChemistrySolvers.C:27:
In file included from lnInclude/canteraChemistryModel.H:209:
In file included from lnInclude/canteraChemistryModelI.H:35:
In file included from /work/09629/m_hland10/ls6/cantera/include/cantera/kinetics/Kinetics.h:14:
In file included from /work/09629/m_hland10/ls6/cantera/include/cantera/kinetics/StoichManager.h:11:
In file included from /work/09629/m_hland10/ls6/cantera/include/cantera/numerics/eigen_sparse.h:12:
In file included from /scratch/tacc/apps/intel19/eigen/3.4.0/include/eigen3/Eigen/Sparse:26:
In file included from /scratch/tacc/apps/intel19/eigen/3.4.0/include/eigen3/Eigen/SparseCore:11:
In file included from /scratch/tacc/apps/intel19/eigen/3.4.0/include/eigen3/Eigen/Core:278:
/scratch/tacc/apps/intel19/eigen/3.4.0/include/eigen3/Eigen/src/Core/AssignEvaluator.h:54:27: warning: use of old-style cast [-Wold-style-cast]
   54 |     RestrictedInnerSize = EIGEN_SIZE_MIN_PREFER_FIXED(InnerSize,MaxPacketSize),
      |                           ^                           ~~~~~~~~~
/scratch/tacc/apps/intel19/eigen/3.4.0/include/eigen3/Eigen/src/Core/util/Macros.h:1302:45: note: expanded from macro 'EIGEN_SIZE_MIN_PREFER_FIXED'
 1302 | #define EIGEN_SIZE_MIN_PREFER_FIXED(a,b)  (((int)a == 0 || (int)b == 0) ? 0 \
      |                                             ^    ~
In file included from chemistrySolver/canteraChemistrySolvers.C:27:
In file included from lnInclude/canteraChemistryModel.H:209:
In file included from lnInclude/canteraChemistryModelI.H:35:
In file included from /work/09629/m_hland10/ls6/cantera/include/cantera/kinetics/Kinetics.h:14:
In file included from /work/09629/m_hland10/ls6/cantera/include/cantera/kinetics/StoichManager.h:11:
In file included from /work/09629/m_hland10/ls6/cantera/include/cantera/numerics/eigen_sparse.h:12:
In file included from /scratch/tacc/apps/intel19/eigen/3.4.0/include/eigen3/Eigen/Sparse:26:
In file included from /scratch/tacc/apps/intel19/eigen/3.4.0/include/eigen3/Eigen/SparseCore:11:
In file included from /scratch/tacc/apps/intel19/eigen/3.4.0/include/eigen3/Eigen/Core:278:
/scratch/tacc/apps/intel19/eigen/3.4.0/include/eigen3/Eigen/src/Core/AssignEvaluator.h:54:27: warning: use of old-style cast [-Wold-style-cast]
   54 |     RestrictedInnerSize = EIGEN_SIZE_MIN_PREFER_FIXED(InnerSize,MaxPacketSize),
      |                           ^                                     ~~~~~~~~~~~~~
/scratch/tacc/apps/intel19/eigen/3.4.0/include/eigen3/Eigen/src/Core/util/Macros.h:1302:60: note: expanded from macro 'EIGEN_SIZE_MIN_PREFER_FIXED'
 1302 | #define EIGEN_SIZE_MIN_PREFER_FIXED(a,b)  (((int)a == 0 || (int)b == 0) ? 0 \
      |                                                            ^    ~
In file included from chemistrySolver/canteraChemistrySolvers.C:27:
In file included from lnInclude/canteraChemistryModel.H:209:
In file included from lnInclude/canteraChemistryModelI.H:35:
In file included from /work/09629/m_hland10/ls6/cantera/include/cantera/kinetics/Kinetics.h:14:
In file included from /work/09629/m_hland10/ls6/cantera/include/cantera/kinetics/StoichManager.h:11:
In file included from /work/09629/m_hland10/ls6/cantera/include/cantera/numerics/eigen_sparse.h:12:
In file included from /scratch/tacc/apps/intel19/eigen/3.4.0/include/eigen3/Eigen/Sparse:26:
In file included from /scratch/tacc/apps/intel19/eigen/3.4.0/include/eigen3/Eigen/SparseCore:11:
In file included from /scratch/tacc/apps/intel19/eigen/3.4.0/include/eigen3/Eigen/Core:278:
/scratch/tacc/apps/intel19/eigen/3.4.0/include/eigen3/Eigen/src/Core/AssignEvaluator.h:54:27: warning: use of old-style cast [-Wold-style-cast]
   54 |     RestrictedInnerSize = EIGEN_SIZE_MIN_PREFER_FIXED(InnerSize,MaxPacketSize),
      |                           ^                           ~~~~~~~~~
/scratch/tacc/apps/intel19/eigen/3.4.0/include/eigen3/Eigen/src/Core/util/Macros.h:1303:31: note: expanded from macro 'EIGEN_SIZE_MIN_PREFER_FIXED'
 1303 |                            : ((int)a == 1 || (int)b == 1) ? 1 \
      |                               ^    ~
In file included from chemistrySolver/canteraChemistrySolvers.C:27:
In file included from lnInclude/canteraChemistryModel.H:209:
In file included from lnInclude/canteraChemistryModelI.H:35:
In file included from /work/09629/m_hland10/ls6/cantera/include/cantera/kinetics/Kinetics.h:14:
In file included from /work/09629/m_hland10/ls6/cantera/include/cantera/kinetics/StoichManager.h:11:
In file included from /work/09629/m_hland10/ls6/cantera/include/cantera/numerics/eigen_sparse.h:12:
In file included from /scratch/tacc/apps/intel19/eigen/3.4.0/include/eigen3/Eigen/Sparse:26:
In file included from /scratch/tacc/apps/intel19/eigen/3.4.0/include/eigen3/Eigen/SparseCore:11:
In file included from /scratch/tacc/apps/intel19/eigen/3.4.0/include/eigen3/Eigen/Core:278:
/scratch/tacc/apps/intel19/eigen/3.4.0/include/eigen3/Eigen/src/Core/AssignEvaluator.h:54:27: warning: use of old-style cast [-Wold-style-cast]
   54 |     RestrictedInnerSize = EIGEN_SIZE_MIN_PREFER_FIXED(InnerSize,MaxPacketSize),
      |                           ^                                     ~~~~~~~~~~~~~
/scratch/tacc/apps/intel19/eigen/3.4.0/include/eigen3/Eigen/src/Core/util/Macros.h:1303:46: note: expanded from macro 'EIGEN_SIZE_MIN_PREFER_FIXED'
 1303 |                            : ((int)a == 1 || (int)b == 1) ? 1 \
      |                                              ^    ~
In file included from chemistrySolver/canteraChemistrySolvers.C:27:
In file included from lnInclude/canteraChemistryModel.H:209:
In file included from lnInclude/canteraChemistryModelI.H:35:
In file included from /work/09629/m_hland10/ls6/cantera/include/cantera/kinetics/Kinetics.h:14:
In file included from /work/09629/m_hland10/ls6/cantera/include/cantera/kinetics/StoichManager.h:11:
In file included from /work/09629/m_hland10/ls6/cantera/include/cantera/numerics/eigen_sparse.h:12:
In file included from /scratch/tacc/apps/intel19/eigen/3.4.0/include/eigen3/Eigen/Sparse:26:
In file included from /scratch/tacc/apps/intel19/eigen/3.4.0/include/eigen3/Eigen/SparseCore:11:
In file included from /scratch/tacc/apps/intel19/eigen/3.4.0/include/eigen3/Eigen/Core:278:
/scratch/tacc/apps/intel19/eigen/3.4.0/include/eigen3/Eigen/src/Core/AssignEvaluator.h:54:27: warning: use of old-style cast [-Wold-style-cast]
   54 |     RestrictedInnerSize = EIGEN_SIZE_MIN_PREFER_FIXED(InnerSize,MaxPacketSize),
      |                           ^                           ~~~~~~~~~
/scratch/tacc/apps/intel19/eigen/3.4.0/include/eigen3/Eigen/src/Core/util/Macros.h:1304:31: note: expanded from macro 'EIGEN_SIZE_MIN_PREFER_FIXED'
 1304 |                            : ((int)a == Dynamic && (int)b == Dynamic) ? Dynamic \
      |                               ^    ~
In file included from chemistrySolver/canteraChemistrySolvers.C:27:
In file included from lnInclude/canteraChemistryModel.H:209:
In file included from lnInclude/canteraChemistryModelI.H:35:
In file included from /work/09629/m_hland10/ls6/cantera/include/cantera/kinetics/Kinetics.h:14:
In file included from /work/09629/m_hland10/ls6/cantera/include/cantera/kinetics/StoichManager.h:11:
In file included from /work/09629/m_hland10/ls6/cantera/include/cantera/numerics/eigen_sparse.h:12:
In file included from /scratch/tacc/apps/intel19/eigen/3.4.0/include/eigen3/Eigen/Sparse:26:
In file included from /scratch/tacc/apps/intel19/eigen/3.4.0/include/eigen3/Eigen/SparseCore:11:
In file included from /scratch/tacc/apps/intel19/eigen/3.4.0/include/eigen3/Eigen/Core:278:
/scratch/tacc/apps/intel19/eigen/3.4.0/include/eigen3/Eigen/src/Core/AssignEvaluator.h:54:27: warning: use of old-style cast [-Wold-style-cast]
   54 |     RestrictedInnerSize = EIGEN_SIZE_MIN_PREFER_FIXED(InnerSize,MaxPacketSize),
      |                           ^                                     ~~~~~~~~~~~~~
/scratch/tacc/apps/intel19/eigen/3.4.0/include/eigen3/Eigen/src/Core/util/Macros.h:1304:52: note: expanded from macro 'EIGEN_SIZE_MIN_PREFER_FIXED'
 1304 |                            : ((int)a == Dynamic && (int)b == Dynamic) ? Dynamic \
      |                                                    ^    ~
In file included from chemistrySolver/canteraChemistrySolvers.C:27:
In file included from lnInclude/canteraChemistryModel.H:209:
In file included from lnInclude/canteraChemistryModelI.H:35:
In file included from /work/09629/m_hland10/ls6/cantera/include/cantera/kinetics/Kinetics.h:14:
In file included from /work/09629/m_hland10/ls6/cantera/include/cantera/kinetics/StoichManager.h:11:
In file included from /work/09629/m_hland10/ls6/cantera/include/cantera/numerics/eigen_sparse.h:12:
In file included from /scratch/tacc/apps/intel19/eigen/3.4.0/include/eigen3/Eigen/Sparse:26:
In file included from /scratch/tacc/apps/intel19/eigen/3.4.0/include/eigen3/Eigen/SparseCore:11:
In file included from /scratch/tacc/apps/intel19/eigen/3.4.0/include/eigen3/Eigen/Core:278:
/scratch/tacc/apps/intel19/eigen/3.4.0/include/eigen3/Eigen/src/Core/AssignEvaluator.h:54:27: warning: use of old-style cast [-Wold-style-cast]
   54 |     RestrictedInnerSize = EIGEN_SIZE_MIN_PREFER_FIXED(InnerSize,MaxPacketSize),
      |                           ^                           ~~~~~~~~~
/scratch/tacc/apps/intel19/eigen/3.4.0/include/eigen3/Eigen/src/Core/util/Macros.h:1305:31: note: expanded from macro 'EIGEN_SIZE_MIN_PREFER_FIXED'
 1305 |                            : ((int)a == Dynamic) ? (int)b \
      |                               ^    ~
In file included from chemistrySolver/canteraChemistrySolvers.C:27:
In file included from lnInclude/canteraChemistryModel.H:209:
In file included from lnInclude/canteraChemistryModelI.H:35:
In file included from /work/09629/m_hland10/ls6/cantera/include/cantera/kinetics/Kinetics.h:14:
In file included from /work/09629/m_hland10/ls6/cantera/include/cantera/kinetics/StoichManager.h:11:
In file included from /work/09629/m_hland10/ls6/cantera/include/cantera/numerics/eigen_sparse.h:12:
In file included from /scratch/tacc/apps/intel19/eigen/3.4.0/include/eigen3/Eigen/Sparse:26:
In file included from /scratch/tacc/apps/intel19/eigen/3.4.0/include/eigen3/Eigen/SparseCore:11:
In file included from /scratch/tacc/apps/intel19/eigen/3.4.0/include/eigen3/Eigen/Core:278:
/scratch/tacc/apps/intel19/eigen/3.4.0/include/eigen3/Eigen/src/Core/AssignEvaluator.h:54:27: warning: use of old-style cast [-Wold-style-cast]
   54 |     RestrictedInnerSize = EIGEN_SIZE_MIN_PREFER_FIXED(InnerSize,MaxPacketSize),
      |                           ^                                     ~~~~~~~~~~~~~
/scratch/tacc/apps/intel19/eigen/3.4.0/include/eigen3/Eigen/src/Core/util/Macros.h:1305:52: note: expanded from macro 'EIGEN_SIZE_MIN_PREFER_FIXED'
 1305 |                            : ((int)a == Dynamic) ? (int)b \
      |                                                    ^    ~
In file included from chemistrySolver/canteraChemistrySolvers.C:27:
In file included from lnInclude/canteraChemistryModel.H:209:
In file included from lnInclude/canteraChemistryModelI.H:35:
In file included from /work/09629/m_hland10/ls6/cantera/include/cantera/kinetics/Kinetics.h:14:
In file included from /work/09629/m_hland10/ls6/cantera/include/cantera/kinetics/StoichManager.h:11:
In file included from /work/09629/m_hland10/ls6/cantera/include/cantera/numerics/eigen_sparse.h:12:
In file included from /scratch/tacc/apps/intel19/eigen/3.4.0/include/eigen3/Eigen/Sparse:26:
In file included from /scratch/tacc/apps/intel19/eigen/3.4.0/include/eigen3/Eigen/SparseCore:11:
In file included from /scratch/tacc/apps/intel19/eigen/3.4.0/include/eigen3/Eigen/Core:278:
/scratch/tacc/apps/intel19/eigen/3.4.0/include/eigen3/Eigen/src/Core/AssignEvaluator.h:54:27: warning: use of old-style cast [-Wold-style-cast]
   54 |     RestrictedInnerSize = EIGEN_SIZE_MIN_PREFER_FIXED(InnerSize,MaxPacketSize),
      |                           ^                                     ~~~~~~~~~~~~~
/scratch/tacc/apps/intel19/eigen/3.4.0/include/eigen3/Eigen/src/Core/util/Macros.h:1306:31: note: expanded from macro 'EIGEN_SIZE_MIN_PREFER_FIXED'
 1306 |                            : ((int)b == Dynamic) ? (int)a \
      |                               ^    ~
In file included from chemistrySolver/canteraChemistrySolvers.C:27:
In file included from lnInclude/canteraChemistryModel.H:209:
In file included from lnInclude/canteraChemistryModelI.H:35:
In file included from /work/09629/m_hland10/ls6/cantera/include/cantera/kinetics/Kinetics.h:14:
In file included from /work/09629/m_hland10/ls6/cantera/include/cantera/kinetics/StoichManager.h:11:
In file included from /work/09629/m_hland10/ls6/cantera/include/cantera/numerics/eigen_sparse.h:12:
In file included from /scratch/tacc/apps/intel19/eigen/3.4.0/include/eigen3/Eigen/Sparse:26:
In file included from /scratch/tacc/apps/intel19/eigen/3.4.0/include/eigen3/Eigen/SparseCore:11:
In file included from /scratch/tacc/apps/intel19/eigen/3.4.0/include/eigen3/Eigen/Core:278:
/scratch/tacc/apps/intel19/eigen/3.4.0/include/eigen3/Eigen/src/Core/AssignEvaluator.h:54:27: warning: use of old-style cast [-Wold-style-cast]
   54 |     RestrictedInnerSize = EIGEN_SIZE_MIN_PREFER_FIXED(InnerSize,MaxPacketSize),
      |                           ^                           ~~~~~~~~~
/scratch/tacc/apps/intel19/eigen/3.4.0/include/eigen3/Eigen/src/Core/util/Macros.h:1306:52: note: expanded from macro 'EIGEN_SIZE_MIN_PREFER_FIXED'
 1306 |                            : ((int)b == Dynamic) ? (int)a \
      |                                                    ^    ~
In file included from chemistrySolver/canteraChemistrySolvers.C:27:
In file included from lnInclude/canteraChemistryModel.H:209:
In file included from lnInclude/canteraChemistryModelI.H:35:
In file included from /work/09629/m_hland10/ls6/cantera/include/cantera/kinetics/Kinetics.h:14:
In file included from /work/09629/m_hland10/ls6/cantera/include/cantera/kinetics/StoichManager.h:11:
In file included from /work/09629/m_hland10/ls6/cantera/include/cantera/numerics/eigen_sparse.h:12:
In file included from /scratch/tacc/apps/intel19/eigen/3.4.0/include/eigen3/Eigen/Sparse:26:
In file included from /scratch/tacc/apps/intel19/eigen/3.4.0/include/eigen3/Eigen/SparseCore:11:
In file included from /scratch/tacc/apps/intel19/eigen/3.4.0/include/eigen3/Eigen/Core:278:
/scratch/tacc/apps/intel19/eigen/3.4.0/include/eigen3/Eigen/src/Core/AssignEvaluator.h:54:27: warning: use of old-style cast [-Wold-style-cast]
   54 |     RestrictedInnerSize = EIGEN_SIZE_MIN_PREFER_FIXED(InnerSize,MaxPacketSize),
      |                           ^                           ~~~~~~~~~
/scratch/tacc/apps/intel19/eigen/3.4.0/include/eigen3/Eigen/src/Core/util/Macros.h:1307:31: note: expanded from macro 'EIGEN_SIZE_MIN_PREFER_FIXED'
 1307 |                            : ((int)a <= (int)b) ? (int)a : (int)b)
      |                               ^    ~
In file included from chemistrySolver/canteraChemistrySolvers.C:27:
In file included from lnInclude/canteraChemistryModel.H:209:
In file included from lnInclude/canteraChemistryModelI.H:35:
In file included from /work/09629/m_hland10/ls6/cantera/include/cantera/kinetics/Kinetics.h:14:
In file included from /work/09629/m_hland10/ls6/cantera/include/cantera/kinetics/StoichManager.h:11:
In file included from /work/09629/m_hland10/ls6/cantera/include/cantera/numerics/eigen_sparse.h:12:
In file included from /scratch/tacc/apps/intel19/eigen/3.4.0/include/eigen3/Eigen/Sparse:26:
In file included from /scratch/tacc/apps/intel19/eigen/3.4.0/include/eigen3/Eigen/SparseCore:11:
In file included from /scratch/tacc/apps/intel19/eigen/3.4.0/include/eigen3/Eigen/Core:278:
/scratch/tacc/apps/intel19/eigen/3.4.0/include/eigen3/Eigen/src/Core/AssignEvaluator.h:54:27: warning: use of old-style cast [-Wold-style-cast]
   54 |     RestrictedInnerSize = EIGEN_SIZE_MIN_PREFER_FIXED(InnerSize,MaxPacketSize),
      |                           ^                                     ~~~~~~~~~~~~~
/scratch/tacc/apps/intel19/eigen/3.4.0/include/eigen3/Eigen/src/Core/util/Macros.h:1307:41: note: expanded from macro 'EIGEN_SIZE_MIN_PREFER_FIXED'
 1307 |                            : ((int)a <= (int)b) ? (int)a : (int)b)
      |                                         ^    ~
In file included from chemistrySolver/canteraChemistrySolvers.C:27:
In file included from lnInclude/canteraChemistryModel.H:209:
In file included from lnInclude/canteraChemistryModelI.H:35:
In file included from /work/09629/m_hland10/ls6/cantera/include/cantera/kinetics/Kinetics.h:14:
In file included from /work/09629/m_hland10/ls6/cantera/include/cantera/kinetics/StoichManager.h:11:
In file included from /work/09629/m_hland10/ls6/cantera/include/cantera/numerics/eigen_sparse.h:12:
In file included from /scratch/tacc/apps/intel19/eigen/3.4.0/include/eigen3/Eigen/Sparse:26:
In file included from /scratch/tacc/apps/intel19/eigen/3.4.0/include/eigen3/Eigen/SparseCore:11:
In file included from /scratch/tacc/apps/intel19/eigen/3.4.0/include/eigen3/Eigen/Core:278:
/scratch/tacc/apps/intel19/eigen/3.4.0/include/eigen3/Eigen/src/Core/AssignEvaluator.h:54:27: warning: use of old-style cast [-Wold-style-cast]
   54 |     RestrictedInnerSize = EIGEN_SIZE_MIN_PREFER_FIXED(InnerSize,MaxPacketSize),
      |                           ^                           ~~~~~~~~~
/scratch/tacc/apps/intel19/eigen/3.4.0/include/eigen3/Eigen/src/Core/util/Macros.h:1307:51: note: expanded from macro 'EIGEN_SIZE_MIN_PREFER_FIXED'
 1307 |                            : ((int)a <= (int)b) ? (int)a : (int)b)
      |                                                   ^    ~
In file included from chemistrySolver/canteraChemistrySolvers.C:27:
In file included from lnInclude/canteraChemistryModel.H:209:
In file included from lnInclude/canteraChemistryModelI.H:35:
In file included from /work/09629/m_hland10/ls6/cantera/include/cantera/kinetics/Kinetics.h:14:
In file included from /work/09629/m_hland10/ls6/cantera/include/cantera/kinetics/StoichManager.h:11:
In file included from /work/09629/m_hland10/ls6/cantera/include/cantera/numerics/eigen_sparse.h:12:
In file included from /scratch/tacc/apps/intel19/eigen/3.4.0/include/eigen3/Eigen/Sparse:26:
In file included from /scratch/tacc/apps/intel19/eigen/3.4.0/include/eigen3/Eigen/SparseCore:11:
In file included from /scratch/tacc/apps/intel19/eigen/3.4.0/include/eigen3/Eigen/Core:278:
/scratch/tacc/apps/intel19/eigen/3.4.0/include/eigen3/Eigen/src/Core/AssignEvaluator.h:54:27: warning: use of old-style cast [-Wold-style-cast]
   54 |     RestrictedInnerSize = EIGEN_SIZE_MIN_PREFER_FIXED(InnerSize,MaxPacketSize),
      |                           ^                                     ~~~~~~~~~~~~~
/scratch/tacc/apps/intel19/eigen/3.4.0/include/eigen3/Eigen/src/Core/util/Macros.h:1307:60: note: expanded from macro 'EIGEN_SIZE_MIN_PREFER_FIXED'
 1307 |                            : ((int)a <= (int)b) ? (int)a : (int)b)
      |                                                            ^    ~
In file included from chemistrySolver/canteraChemistrySolvers.C:27:
In file included from lnInclude/canteraChemistryModel.H:209:
In file included from lnInclude/canteraChemistryModelI.H:35:
In file included from /work/09629/m_hland10/ls6/cantera/include/cantera/kinetics/Kinetics.h:14:
In file included from /work/09629/m_hland10/ls6/cantera/include/cantera/kinetics/StoichManager.h:11:
In file included from /work/09629/m_hland10/ls6/cantera/include/cantera/numerics/eigen_sparse.h:12:
In file included from /scratch/tacc/apps/intel19/eigen/3.4.0/include/eigen3/Eigen/Sparse:26:
In file included from /scratch/tacc/apps/intel19/eigen/3.4.0/include/eigen3/Eigen/SparseCore:11:
In file included from /scratch/tacc/apps/intel19/eigen/3.4.0/include/eigen3/Eigen/Core:278:
/scratch/tacc/apps/intel19/eigen/3.4.0/include/eigen3/Eigen/src/Core/AssignEvaluator.h:55:28: warning: use of old-style cast [-Wold-style-cast]
   55 |     RestrictedLinearSize = EIGEN_SIZE_MIN_PREFER_FIXED(Dst::SizeAtCompileTime,MaxPacketSize),
      |                            ^                           ~~~~~~~~~~~~~~~~~~~~~~
/scratch/tacc/apps/intel19/eigen/3.4.0/include/eigen3/Eigen/src/Core/util/Macros.h:1302:45: note: expanded from macro 'EIGEN_SIZE_MIN_PREFER_FIXED'
 1302 | #define EIGEN_SIZE_MIN_PREFER_FIXED(a,b)  (((int)a == 0 || (int)b == 0) ? 0 \
      |                                             ^    ~
In file included from chemistrySolver/canteraChemistrySolvers.C:27:
In file included from lnInclude/canteraChemistryModel.H:209:
In file included from lnInclude/canteraChemistryModelI.H:35:
In file included from /work/09629/m_hland10/ls6/cantera/include/cantera/kinetics/Kinetics.h:14:
In file included from /work/09629/m_hland10/ls6/cantera/include/cantera/kinetics/StoichManager.h:11:
In file included from /work/09629/m_hland10/ls6/cantera/include/cantera/numerics/eigen_sparse.h:12:
In file included from /scratch/tacc/apps/intel19/eigen/3.4.0/include/eigen3/Eigen/Sparse:26:
In file included from /scratch/tacc/apps/intel19/eigen/3.4.0/include/eigen3/Eigen/SparseCore:11:
In file included from /scratch/tacc/apps/intel19/eigen/3.4.0/include/eigen3/Eigen/Core:278:
/scratch/tacc/apps/intel19/eigen/3.4.0/include/eigen3/Eigen/src/Core/AssignEvaluator.h:55:28: warning: use of old-style cast [-Wold-style-cast]
   55 |     RestrictedLinearSize = EIGEN_SIZE_MIN_PREFER_FIXED(Dst::SizeAtCompileTime,MaxPacketSize),
      |                            ^                                                  ~~~~~~~~~~~~~
/scratch/tacc/apps/intel19/eigen/3.4.0/include/eigen3/Eigen/src/Core/util/Macros.h:1302:60: note: expanded from macro 'EIGEN_SIZE_MIN_PREFER_FIXED'
 1302 | #define EIGEN_SIZE_MIN_PREFER_FIXED(a,b)  (((int)a == 0 || (int)b == 0) ? 0 \
      |                                                            ^    ~
In file included from chemistrySolver/canteraChemistrySolvers.C:27:
In file included from lnInclude/canteraChemistryModel.H:209:
In file included from lnInclude/canteraChemistryModelI.H:35:
In file included from /work/09629/m_hland10/ls6/cantera/include/cantera/kinetics/Kinetics.h:14:
In file included from /work/09629/m_hland10/ls6/cantera/include/cantera/kinetics/StoichManager.h:11:
In file included from /work/09629/m_hland10/ls6/cantera/include/cantera/numerics/eigen_sparse.h:12:
In file included from /scratch/tacc/apps/intel19/eigen/3.4.0/include/eigen3/Eigen/Sparse:26:
In file included from /scratch/tacc/apps/intel19/eigen/3.4.0/include/eigen3/Eigen/SparseCore:11:
In file included from /scratch/tacc/apps/intel19/eigen/3.4.0/include/eigen3/Eigen/Core:278:
/scratch/tacc/apps/intel19/eigen/3.4.0/include/eigen3/Eigen/src/Core/AssignEvaluator.h:55:28: warning: use of old-style cast [-Wold-style-cast]
   55 |     RestrictedLinearSize = EIGEN_SIZE_MIN_PREFER_FIXED(Dst::SizeAtCompileTime,MaxPacketSize),
      |                            ^                           ~~~~~~~~~~~~~~~~~~~~~~
/scratch/tacc/apps/intel19/eigen/3.4.0/include/eigen3/Eigen/src/Core/util/Macros.h:1303:31: note: expanded from macro 'EIGEN_SIZE_MIN_PREFER_FIXED'
 1303 |                            : ((int)a == 1 || (int)b == 1) ? 1 \
      |                               ^    ~
In file included from chemistrySolver/canteraChemistrySolvers.C:27:
In file included from lnInclude/canteraChemistryModel.H:209:
In file included from lnInclude/canteraChemistryModelI.H:35:
In file included from /work/09629/m_hland10/ls6/cantera/include/cantera/kinetics/Kinetics.h:14:
In file included from /work/09629/m_hland10/ls6/cantera/include/cantera/kinetics/StoichManager.h:11:
In file included from /work/09629/m_hland10/ls6/cantera/include/cantera/numerics/eigen_sparse.h:12:
In file included from /scratch/tacc/apps/intel19/eigen/3.4.0/include/eigen3/Eigen/Sparse:26:
In file included from /scratch/tacc/apps/intel19/eigen/3.4.0/include/eigen3/Eigen/SparseCore:11:
In file included from /scratch/tacc/apps/intel19/eigen/3.4.0/include/eigen3/Eigen/Core:278:
/scratch/tacc/apps/intel19/eigen/3.4.0/include/eigen3/Eigen/src/Core/AssignEvaluator.h:55:28: warning: use of old-style cast [-Wold-style-cast]
   55 |     RestrictedLinearSize = EIGEN_SIZE_MIN_PREFER_FIXED(Dst::SizeAtCompileTime,MaxPacketSize),
      |                            ^                                                  ~~~~~~~~~~~~~
/scratch/tacc/apps/intel19/eigen/3.4.0/include/eigen3/Eigen/src/Core/util/Macros.h:1303:46: note: expanded from macro 'EIGEN_SIZE_MIN_PREFER_FIXED'
 1303 |                            : ((int)a == 1 || (int)b == 1) ? 1 \
      |                                              ^    ~
In file included from chemistrySolver/canteraChemistrySolvers.C:27:
In file included from lnInclude/canteraChemistryModel.H:209:
In file included from lnInclude/canteraChemistryModelI.H:35:
In file included from /work/09629/m_hland10/ls6/cantera/include/cantera/kinetics/Kinetics.h:14:
In file included from /work/09629/m_hland10/ls6/cantera/include/cantera/kinetics/StoichManager.h:11:
In file included from /work/09629/m_hland10/ls6/cantera/include/cantera/numerics/eigen_sparse.h:12:
In file included from /scratch/tacc/apps/intel19/eigen/3.4.0/include/eigen3/Eigen/Sparse:26:
In file included from /scratch/tacc/apps/intel19/eigen/3.4.0/include/eigen3/Eigen/SparseCore:11:
In file included from /scratch/tacc/apps/intel19/eigen/3.4.0/include/eigen3/Eigen/Core:278:
/scratch/tacc/apps/intel19/eigen/3.4.0/include/eigen3/Eigen/src/Core/AssignEvaluator.h:55:28: warning: use of old-style cast [-Wold-style-cast]
   55 |     RestrictedLinearSize = EIGEN_SIZE_MIN_PREFER_FIXED(Dst::SizeAtCompileTime,MaxPacketSize),
      |                            ^                           ~~~~~~~~~~~~~~~~~~~~~~
/scratch/tacc/apps/intel19/eigen/3.4.0/include/eigen3/Eigen/src/Core/util/Macros.h:1304:31: note: expanded from macro 'EIGEN_SIZE_MIN_PREFER_FIXED'
 1304 |                            : ((int)a == Dynamic && (int)b == Dynamic) ? Dynamic \
      |                               ^    ~
In file included from chemistrySolver/canteraChemistrySolvers.C:27:
In file included from lnInclude/canteraChemistryModel.H:209:
In file included from lnInclude/canteraChemistryModelI.H:35:
In file included from /work/09629/m_hland10/ls6/cantera/include/cantera/kinetics/Kinetics.h:14:
In file included from /work/09629/m_hland10/ls6/cantera/include/cantera/kinetics/StoichManager.h:11:
In file included from /work/09629/m_hland10/ls6/cantera/include/cantera/numerics/eigen_sparse.h:12:
In file included from /scratch/tacc/apps/intel19/eigen/3.4.0/include/eigen3/Eigen/Sparse:26:
In file included from /scratch/tacc/apps/intel19/eigen/3.4.0/include/eigen3/Eigen/SparseCore:11:
In file included from /scratch/tacc/apps/intel19/eigen/3.4.0/include/eigen3/Eigen/Core:278:
/scratch/tacc/apps/intel19/eigen/3.4.0/include/eigen3/Eigen/src/Core/AssignEvaluator.h:55:28: warning: use of old-style cast [-Wold-style-cast]
   55 |     RestrictedLinearSize = EIGEN_SIZE_MIN_PREFER_FIXED(Dst::SizeAtCompileTime,MaxPacketSize),
      |                            ^                                                  ~~~~~~~~~~~~~
/scratch/tacc/apps/intel19/eigen/3.4.0/include/eigen3/Eigen/src/Core/util/Macros.h:1304:52: note: expanded from macro 'EIGEN_SIZE_MIN_PREFER_FIXED'
 1304 |                            : ((int)a == Dynamic && (int)b == Dynamic) ? Dynamic \
      |                                                    ^    ~
In file included from chemistrySolver/canteraChemistrySolvers.C:27:
In file included from lnInclude/canteraChemistryModel.H:209:
In file included from lnInclude/canteraChemistryModelI.H:35:
In file included from /work/09629/m_hland10/ls6/cantera/include/cantera/kinetics/Kinetics.h:14:
In file included from /work/09629/m_hland10/ls6/cantera/include/cantera/kinetics/StoichManager.h:11:
In file included from /work/09629/m_hland10/ls6/cantera/include/cantera/numerics/eigen_sparse.h:12:
In file included from /scratch/tacc/apps/intel19/eigen/3.4.0/include/eigen3/Eigen/Sparse:26:
In file included from /scratch/tacc/apps/intel19/eigen/3.4.0/include/eigen3/Eigen/SparseCore:11:
In file included from /scratch/tacc/apps/intel19/eigen/3.4.0/include/eigen3/Eigen/Core:278:
/scratch/tacc/apps/intel19/eigen/3.4.0/include/eigen3/Eigen/src/Core/AssignEvaluator.h:55:28: warning: use of old-style cast [-Wold-style-cast]
   55 |     RestrictedLinearSize = EIGEN_SIZE_MIN_PREFER_FIXED(Dst::SizeAtCompileTime,MaxPacketSize),
      |                            ^                           ~~~~~~~~~~~~~~~~~~~~~~
/scratch/tacc/apps/intel19/eigen/3.4.0/include/eigen3/Eigen/src/Core/util/Macros.h:1305:31: note: expanded from macro 'EIGEN_SIZE_MIN_PREFER_FIXED'
 1305 |                            : ((int)a == Dynamic) ? (int)b \
      |                               ^    ~
In file included from chemistrySolver/canteraChemistrySolvers.C:27:
In file included from lnInclude/canteraChemistryModel.H:209:
In file included from lnInclude/canteraChemistryModelI.H:35:
In file included from /work/09629/m_hland10/ls6/cantera/include/cantera/kinetics/Kinetics.h:14:
In file included from /work/09629/m_hland10/ls6/cantera/include/cantera/kinetics/StoichManager.h:11:
In file included from /work/09629/m_hland10/ls6/cantera/include/cantera/numerics/eigen_sparse.h:12:
In file included from /scratch/tacc/apps/intel19/eigen/3.4.0/include/eigen3/Eigen/Sparse:26:
In file included from /scratch/tacc/apps/intel19/eigen/3.4.0/include/eigen3/Eigen/SparseCore:11:
In file included from /scratch/tacc/apps/intel19/eigen/3.4.0/include/eigen3/Eigen/Core:278:
/scratch/tacc/apps/intel19/eigen/3.4.0/include/eigen3/Eigen/src/Core/AssignEvaluator.h:55:28: warning: use of old-style cast [-Wold-style-cast]
   55 |     RestrictedLinearSize = EIGEN_SIZE_MIN_PREFER_FIXED(Dst::SizeAtCompileTime,MaxPacketSize),
      |                            ^                                                  ~~~~~~~~~~~~~
/scratch/tacc/apps/intel19/eigen/3.4.0/include/eigen3/Eigen/src/Core/util/Macros.h:1305:52: note: expanded from macro 'EIGEN_SIZE_MIN_PREFER_FIXED'
 1305 |                            : ((int)a == Dynamic) ? (int)b \
      |                                                    ^    ~
In file included from chemistrySolver/canteraChemistrySolvers.C:27:
In file included from lnInclude/canteraChemistryModel.H:209:
In file included from lnInclude/canteraChemistryModelI.H:35:
In file included from /work/09629/m_hland10/ls6/cantera/include/cantera/kinetics/Kinetics.h:14:
In file included from /work/09629/m_hland10/ls6/cantera/include/cantera/kinetics/StoichManager.h:11:
In file included from /work/09629/m_hland10/ls6/cantera/include/cantera/numerics/eigen_sparse.h:12:
In file included from /scratch/tacc/apps/intel19/eigen/3.4.0/include/eigen3/Eigen/Sparse:26:
In file included from /scratch/tacc/apps/intel19/eigen/3.4.0/include/eigen3/Eigen/SparseCore:11:
In file included from /scratch/tacc/apps/intel19/eigen/3.4.0/include/eigen3/Eigen/Core:278:
/scratch/tacc/apps/intel19/eigen/3.4.0/include/eigen3/Eigen/src/Core/AssignEvaluator.h:55:28: warning: use of old-style cast [-Wold-style-cast]
   55 |     RestrictedLinearSize = EIGEN_SIZE_MIN_PREFER_FIXED(Dst::SizeAtCompileTime,MaxPacketSize),
      |                            ^                                                  ~~~~~~~~~~~~~
/scratch/tacc/apps/intel19/eigen/3.4.0/include/eigen3/Eigen/src/Core/util/Macros.h:1306:31: note: expanded from macro 'EIGEN_SIZE_MIN_PREFER_FIXED'
 1306 |                            : ((int)b == Dynamic) ? (int)a \
      |                               ^    ~
In file included from chemistrySolver/canteraChemistrySolvers.C:27:
In file included from lnInclude/canteraChemistryModel.H:209:
In file included from lnInclude/canteraChemistryModelI.H:35:
In file included from /work/09629/m_hland10/ls6/cantera/include/cantera/kinetics/Kinetics.h:14:
In file included from /work/09629/m_hland10/ls6/cantera/include/cantera/kinetics/StoichManager.h:11:
In file included from /work/09629/m_hland10/ls6/cantera/include/cantera/numerics/eigen_sparse.h:12:
In file included from /scratch/tacc/apps/intel19/eigen/3.4.0/include/eigen3/Eigen/Sparse:26:
In file included from /scratch/tacc/apps/intel19/eigen/3.4.0/include/eigen3/Eigen/SparseCore:11:
In file included from /scratch/tacc/apps/intel19/eigen/3.4.0/include/eigen3/Eigen/Core:278:
/scratch/tacc/apps/intel19/eigen/3.4.0/include/eigen3/Eigen/src/Core/AssignEvaluator.h:55:28: warning: use of old-style cast [-Wold-style-cast]
   55 |     RestrictedLinearSize = EIGEN_SIZE_MIN_PREFER_FIXED(Dst::SizeAtCompileTime,MaxPacketSize),
      |                            ^                           ~~~~~~~~~~~~~~~~~~~~~~
/scratch/tacc/apps/intel19/eigen/3.4.0/include/eigen3/Eigen/src/Core/util/Macros.h:1306:52: note: expanded from macro 'EIGEN_SIZE_MIN_PREFER_FIXED'
 1306 |                            : ((int)b == Dynamic) ? (int)a \
      |                                                    ^    ~
In file included from chemistrySolver/canteraChemistrySolvers.C:27:
In file included from lnInclude/canteraChemistryModel.H:209:
In file included from lnInclude/canteraChemistryModelI.H:35:
In file included from /work/09629/m_hland10/ls6/cantera/include/cantera/kinetics/Kinetics.h:14:
In file included from /work/09629/m_hland10/ls6/cantera/include/cantera/kinetics/StoichManager.h:11:
In file included from /work/09629/m_hland10/ls6/cantera/include/cantera/numerics/eigen_sparse.h:12:
In file included from /scratch/tacc/apps/intel19/eigen/3.4.0/include/eigen3/Eigen/Sparse:26:
In file included from /scratch/tacc/apps/intel19/eigen/3.4.0/include/eigen3/Eigen/SparseCore:11:
In file included from /scratch/tacc/apps/intel19/eigen/3.4.0/include/eigen3/Eigen/Core:278:
/scratch/tacc/apps/intel19/eigen/3.4.0/include/eigen3/Eigen/src/Core/AssignEvaluator.h:55:28: warning: use of old-style cast [-Wold-style-cast]
   55 |     RestrictedLinearSize = EIGEN_SIZE_MIN_PREFER_FIXED(Dst::SizeAtCompileTime,MaxPacketSize),
      |                            ^                           ~~~~~~~~~~~~~~~~~~~~~~
/scratch/tacc/apps/intel19/eigen/3.4.0/include/eigen3/Eigen/src/Core/util/Macros.h:1307:31: note: expanded from macro 'EIGEN_SIZE_MIN_PREFER_FIXED'
 1307 |                            : ((int)a <= (int)b) ? (int)a : (int)b)
      |                               ^    ~
In file included from chemistrySolver/canteraChemistrySolvers.C:27:
In file included from lnInclude/canteraChemistryModel.H:209:
In file included from lnInclude/canteraChemistryModelI.H:35:
In file included from /work/09629/m_hland10/ls6/cantera/include/cantera/kinetics/Kinetics.h:14:
In file included from /work/09629/m_hland10/ls6/cantera/include/cantera/kinetics/StoichManager.h:11:
In file included from /work/09629/m_hland10/ls6/cantera/include/cantera/numerics/eigen_sparse.h:12:
In file included from /scratch/tacc/apps/intel19/eigen/3.4.0/include/eigen3/Eigen/Sparse:26:
In file included from /scratch/tacc/apps/intel19/eigen/3.4.0/include/eigen3/Eigen/SparseCore:11:
In file included from /scratch/tacc/apps/intel19/eigen/3.4.0/include/eigen3/Eigen/Core:278:
/scratch/tacc/apps/intel19/eigen/3.4.0/include/eigen3/Eigen/src/Core/AssignEvaluator.h:55:28: warning: use of old-style cast [-Wold-style-cast]
   55 |     RestrictedLinearSize = EIGEN_SIZE_MIN_PREFER_FIXED(Dst::SizeAtCompileTime,MaxPacketSize),
      |                            ^                                                  ~~~~~~~~~~~~~
/scratch/tacc/apps/intel19/eigen/3.4.0/include/eigen3/Eigen/src/Core/util/Macros.h:1307:41: note: expanded from macro 'EIGEN_SIZE_MIN_PREFER_FIXED'
 1307 |                            : ((int)a <= (int)b) ? (int)a : (int)b)
      |                                         ^    ~
In file included from chemistrySolver/canteraChemistrySolvers.C:27:
In file included from lnInclude/canteraChemistryModel.H:209:
In file included from lnInclude/canteraChemistryModelI.H:35:
In file included from /work/09629/m_hland10/ls6/cantera/include/cantera/kinetics/Kinetics.h:14:
In file included from /work/09629/m_hland10/ls6/cantera/include/cantera/kinetics/StoichManager.h:11:
In file included from /work/09629/m_hland10/ls6/cantera/include/cantera/numerics/eigen_sparse.h:12:
In file included from /scratch/tacc/apps/intel19/eigen/3.4.0/include/eigen3/Eigen/Sparse:26:
In file included from /scratch/tacc/apps/intel19/eigen/3.4.0/include/eigen3/Eigen/SparseCore:11:
In file included from /scratch/tacc/apps/intel19/eigen/3.4.0/include/eigen3/Eigen/Core:278:
/scratch/tacc/apps/intel19/eigen/3.4.0/include/eigen3/Eigen/src/Core/AssignEvaluator.h:55:28: warning: use of old-style cast [-Wold-style-cast]
   55 |     RestrictedLinearSize = EIGEN_SIZE_MIN_PREFER_FIXED(Dst::SizeAtCompileTime,MaxPacketSize),
      |                            ^                           ~~~~~~~~~~~~~~~~~~~~~~
/scratch/tacc/apps/intel19/eigen/3.4.0/include/eigen3/Eigen/src/Core/util/Macros.h:1307:51: note: expanded from macro 'EIGEN_SIZE_MIN_PREFER_FIXED'
 1307 |                            : ((int)a <= (int)b) ? (int)a : (int)b)
      |                                                   ^    ~
In file included from chemistrySolver/canteraChemistrySolvers.C:27:
In file included from lnInclude/canteraChemistryModel.H:209:
In file included from lnInclude/canteraChemistryModelI.H:35:
In file included from /work/09629/m_hland10/ls6/cantera/include/cantera/kinetics/Kinetics.h:14:
In file included from /work/09629/m_hland10/ls6/cantera/include/cantera/kinetics/StoichManager.h:11:
In file included from /work/09629/m_hland10/ls6/cantera/include/cantera/numerics/eigen_sparse.h:12:
In file included from /scratch/tacc/apps/intel19/eigen/3.4.0/include/eigen3/Eigen/Sparse:26:
In file included from /scratch/tacc/apps/intel19/eigen/3.4.0/include/eigen3/Eigen/SparseCore:11:
In file included from /scratch/tacc/apps/intel19/eigen/3.4.0/include/eigen3/Eigen/Core:278:
/scratch/tacc/apps/intel19/eigen/3.4.0/include/eigen3/Eigen/src/Core/AssignEvaluator.h:55:28: warning: use of old-style cast [-Wold-style-cast]
   55 |     RestrictedLinearSize = EIGEN_SIZE_MIN_PREFER_FIXED(Dst::SizeAtCompileTime,MaxPacketSize),
      |                            ^                                                  ~~~~~~~~~~~~~
/scratch/tacc/apps/intel19/eigen/3.4.0/include/eigen3/Eigen/src/Core/util/Macros.h:1307:60: note: expanded from macro 'EIGEN_SIZE_MIN_PREFER_FIXED'
 1307 |                            : ((int)a <= (int)b) ? (int)a : (int)b)
      |                                                            ^    ~
In file included from chemistrySolver/canteraChemistrySolvers.C:27:
In file included from lnInclude/canteraChemistryModel.H:209:
In file included from lnInclude/canteraChemistryModelI.H:35:
In file included from /work/09629/m_hland10/ls6/cantera/include/cantera/kinetics/Kinetics.h:14:
In file included from /work/09629/m_hland10/ls6/cantera/include/cantera/kinetics/StoichManager.h:11:
In file included from /work/09629/m_hland10/ls6/cantera/include/cantera/numerics/eigen_sparse.h:12:
In file included from /scratch/tacc/apps/intel19/eigen/3.4.0/include/eigen3/Eigen/Sparse:26:
In file included from /scratch/tacc/apps/intel19/eigen/3.4.0/include/eigen3/Eigen/SparseCore:11:
In file included from /scratch/tacc/apps/intel19/eigen/3.4.0/include/eigen3/Eigen/Core:312:
/scratch/tacc/apps/intel19/eigen/3.4.0/include/eigen3/Eigen/src/Core/Reshaped.h:446:52: warning: use of old-style cast [-Wold-style-cast]
  446 |     eigen_assert(((internal::UIntPtr(xpr.data()) % EIGEN_PLAIN_ENUM_MAX(1,evaluator<XprType>::Alignment)) == 0) && "data is not aligned");
      |                                                    ^                    ~
/scratch/tacc/apps/intel19/eigen/3.4.0/include/eigen3/Eigen/src/Core/util/Macros.h:1289:37: note: expanded from macro 'EIGEN_PLAIN_ENUM_MAX'
 1289 | #define EIGEN_PLAIN_ENUM_MAX(a,b) (((int)a >= (int)b) ? (int)a : (int)b)
      |                                     ^    ~
/scratch/tacc/apps/intel19/eigen/3.4.0/include/eigen3/Eigen/src/Core/util/Macros.h:1037:44: note: expanded from macro 'eigen_assert'
 1037 | #define eigen_assert(x) eigen_plain_assert(x)
      |                                            ^
/scratch/tacc/apps/intel19/eigen/3.4.0/include/eigen3/Eigen/src/Core/util/Macros.h:1007:42: note: expanded from macro 'eigen_plain_assert'
 1007 |     #define eigen_plain_assert(x) assert(x)
      |                                          ^
/usr/include/assert.h:90:27: note: expanded from macro 'assert'
   90 |      (static_cast <bool> (expr)                                         \
      |                           ^~~~
In file included from chemistrySolver/canteraChemistrySolvers.C:27:
In file included from lnInclude/canteraChemistryModel.H:209:
In file included from lnInclude/canteraChemistryModelI.H:35:
In file included from /work/09629/m_hland10/ls6/cantera/include/cantera/kinetics/Kinetics.h:14:
In file included from /work/09629/m_hland10/ls6/cantera/include/cantera/kinetics/StoichManager.h:11:
In file included from /work/09629/m_hland10/ls6/cantera/include/cantera/numerics/eigen_sparse.h:12:
In file included from /scratch/tacc/apps/intel19/eigen/3.4.0/include/eigen3/Eigen/Sparse:26:
In file included from /scratch/tacc/apps/intel19/eigen/3.4.0/include/eigen3/Eigen/SparseCore:11:
In file included from /scratch/tacc/apps/intel19/eigen/3.4.0/include/eigen3/Eigen/Core:312:
/scratch/tacc/apps/intel19/eigen/3.4.0/include/eigen3/Eigen/src/Core/Reshaped.h:446:52: warning: use of old-style cast [-Wold-style-cast]
  446 |     eigen_assert(((internal::UIntPtr(xpr.data()) % EIGEN_PLAIN_ENUM_MAX(1,evaluator<XprType>::Alignment)) == 0) && "data is not aligned");
      |                                                    ^                      ~~~~~~~~~~~~~~~~~~~~~~~~~~~~~
/scratch/tacc/apps/intel19/eigen/3.4.0/include/eigen3/Eigen/src/Core/util/Macros.h:1289:47: note: expanded from macro 'EIGEN_PLAIN_ENUM_MAX'
 1289 | #define EIGEN_PLAIN_ENUM_MAX(a,b) (((int)a >= (int)b) ? (int)a : (int)b)
      |                                               ^    ~
/scratch/tacc/apps/intel19/eigen/3.4.0/include/eigen3/Eigen/src/Core/util/Macros.h:1037:44: note: expanded from macro 'eigen_assert'
 1037 | #define eigen_assert(x) eigen_plain_assert(x)
      |                                            ^
/scratch/tacc/apps/intel19/eigen/3.4.0/include/eigen3/Eigen/src/Core/util/Macros.h:1007:42: note: expanded from macro 'eigen_plain_assert'
 1007 |     #define eigen_plain_assert(x) assert(x)
      |                                          ^
/usr/include/assert.h:90:27: note: expanded from macro 'assert'
   90 |      (static_cast <bool> (expr)                                         \
      |                           ^~~~
In file included from chemistrySolver/canteraChemistrySolvers.C:27:
In file included from lnInclude/canteraChemistryModel.H:209:
In file included from lnInclude/canteraChemistryModelI.H:35:
In file included from /work/09629/m_hland10/ls6/cantera/include/cantera/kinetics/Kinetics.h:14:
In file included from /work/09629/m_hland10/ls6/cantera/include/cantera/kinetics/StoichManager.h:11:
In file included from /work/09629/m_hland10/ls6/cantera/include/cantera/numerics/eigen_sparse.h:12:
In file included from /scratch/tacc/apps/intel19/eigen/3.4.0/include/eigen3/Eigen/Sparse:26:
In file included from /scratch/tacc/apps/intel19/eigen/3.4.0/include/eigen3/Eigen/SparseCore:11:
In file included from /scratch/tacc/apps/intel19/eigen/3.4.0/include/eigen3/Eigen/Core:312:
/scratch/tacc/apps/intel19/eigen/3.4.0/include/eigen3/Eigen/src/Core/Reshaped.h:446:52: warning: use of old-style cast [-Wold-style-cast]
  446 |     eigen_assert(((internal::UIntPtr(xpr.data()) % EIGEN_PLAIN_ENUM_MAX(1,evaluator<XprType>::Alignment)) == 0) && "data is not aligned");
      |                                                    ^                    ~
/scratch/tacc/apps/intel19/eigen/3.4.0/include/eigen3/Eigen/src/Core/util/Macros.h:1289:57: note: expanded from macro 'EIGEN_PLAIN_ENUM_MAX'
 1289 | #define EIGEN_PLAIN_ENUM_MAX(a,b) (((int)a >= (int)b) ? (int)a : (int)b)
      |                                                         ^    ~
/scratch/tacc/apps/intel19/eigen/3.4.0/include/eigen3/Eigen/src/Core/util/Macros.h:1037:44: note: expanded from macro 'eigen_assert'
 1037 | #define eigen_assert(x) eigen_plain_assert(x)
      |                                            ^
/scratch/tacc/apps/intel19/eigen/3.4.0/include/eigen3/Eigen/src/Core/util/Macros.h:1007:42: note: expanded from macro 'eigen_plain_assert'
 1007 |     #define eigen_plain_assert(x) assert(x)
      |                                          ^
/usr/include/assert.h:90:27: note: expanded from macro 'assert'
   90 |      (static_cast <bool> (expr)                                         \
      |                           ^~~~
In file included from chemistrySolver/canteraChemistrySolvers.C:27:
In file included from lnInclude/canteraChemistryModel.H:209:
In file included from lnInclude/canteraChemistryModelI.H:35:
In file included from /work/09629/m_hland10/ls6/cantera/include/cantera/kinetics/Kinetics.h:14:
In file included from /work/09629/m_hland10/ls6/cantera/include/cantera/kinetics/StoichManager.h:11:
In file included from /work/09629/m_hland10/ls6/cantera/include/cantera/numerics/eigen_sparse.h:12:
In file included from /scratch/tacc/apps/intel19/eigen/3.4.0/include/eigen3/Eigen/Sparse:26:
In file included from /scratch/tacc/apps/intel19/eigen/3.4.0/include/eigen3/Eigen/SparseCore:11:
In file included from /scratch/tacc/apps/intel19/eigen/3.4.0/include/eigen3/Eigen/Core:312:
/scratch/tacc/apps/intel19/eigen/3.4.0/include/eigen3/Eigen/src/Core/Reshaped.h:446:52: warning: use of old-style cast [-Wold-style-cast]
  446 |     eigen_assert(((internal::UIntPtr(xpr.data()) % EIGEN_PLAIN_ENUM_MAX(1,evaluator<XprType>::Alignment)) == 0) && "data is not aligned");
      |                                                    ^                      ~~~~~~~~~~~~~~~~~~~~~~~~~~~~~
/scratch/tacc/apps/intel19/eigen/3.4.0/include/eigen3/Eigen/src/Core/util/Macros.h:1289:66: note: expanded from macro 'EIGEN_PLAIN_ENUM_MAX'
 1289 | #define EIGEN_PLAIN_ENUM_MAX(a,b) (((int)a >= (int)b) ? (int)a : (int)b)
      |                                                                  ^    ~
/scratch/tacc/apps/intel19/eigen/3.4.0/include/eigen3/Eigen/src/Core/util/Macros.h:1037:44: note: expanded from macro 'eigen_assert'
 1037 | #define eigen_assert(x) eigen_plain_assert(x)
      |                                            ^
/scratch/tacc/apps/intel19/eigen/3.4.0/include/eigen3/Eigen/src/Core/util/Macros.h:1007:42: note: expanded from macro 'eigen_plain_assert'
 1007 |     #define eigen_plain_assert(x) assert(x)
      |                                          ^
/usr/include/assert.h:90:27: note: expanded from macro 'assert'
   90 |      (static_cast <bool> (expr)                                         \
      |                           ^~~~
In file included from chemistrySolver/canteraChemistrySolvers.C:27:
In file included from lnInclude/canteraChemistryModel.H:209:
In file included from lnInclude/canteraChemistryModelI.H:35:
In file included from /work/09629/m_hland10/ls6/cantera/include/cantera/kinetics/Kinetics.h:14:
In file included from /work/09629/m_hland10/ls6/cantera/include/cantera/kinetics/StoichManager.h:11:
In file included from /work/09629/m_hland10/ls6/cantera/include/cantera/numerics/eigen_sparse.h:12:
In file included from /scratch/tacc/apps/intel19/eigen/3.4.0/include/eigen3/Eigen/Sparse:26:
In file included from /scratch/tacc/apps/intel19/eigen/3.4.0/include/eigen3/Eigen/SparseCore:11:
In file included from /scratch/tacc/apps/intel19/eigen/3.4.0/include/eigen3/Eigen/Core:313:
/scratch/tacc/apps/intel19/eigen/3.4.0/include/eigen3/Eigen/src/Core/Transpose.h:405:101: warning: use of old-style cast [-Wold-style-cast]
  405 |     return (bool(blas_traits<OtherDerived>::IsTransposed) != DestIsTransposed) && (dest!=0 && dest==(const Scalar*)extract_data(src));
      |                                                                                                     ^              ~~~~~~~~~~~~~~~~~
/scratch/tacc/apps/intel19/eigen/3.4.0/include/eigen3/Eigen/src/Core/Transpose.h:414:92: warning: use of old-style cast [-Wold-style-cast]
  414 |     return ((blas_traits<DerivedA>::IsTransposed != DestIsTransposed) && (dest!=0 && dest==(const Scalar*)extract_data(src.lhs())))
      |                                                                                            ^              ~~~~~~~~~~~~~~~~~~~~~~~
/scratch/tacc/apps/intel19/eigen/3.4.0/include/eigen3/Eigen/src/Core/Transpose.h:415:92: warning: use of old-style cast [-Wold-style-cast]
  415 |         || ((blas_traits<DerivedB>::IsTransposed != DestIsTransposed) && (dest!=0 && dest==(const Scalar*)extract_data(src.rhs())));
      |                                                                                            ^              ~~~~~~~~~~~~~~~~~~~~~~~
In file included from chemistrySolver/canteraChemistrySolvers.C:27:
In file included from lnInclude/canteraChemistryModel.H:209:
In file included from lnInclude/canteraChemistryModelI.H:35:
In file included from /work/09629/m_hland10/ls6/cantera/include/cantera/kinetics/Kinetics.h:14:
In file included from /work/09629/m_hland10/ls6/cantera/include/cantera/kinetics/StoichManager.h:11:
In file included from /work/09629/m_hland10/ls6/cantera/include/cantera/numerics/eigen_sparse.h:12:
In file included from /scratch/tacc/apps/intel19/eigen/3.4.0/include/eigen3/Eigen/Sparse:26:
In file included from /scratch/tacc/apps/intel19/eigen/3.4.0/include/eigen3/Eigen/SparseCore:11:
In file included from /scratch/tacc/apps/intel19/eigen/3.4.0/include/eigen3/Eigen/Core:315:
/scratch/tacc/apps/intel19/eigen/3.4.0/include/eigen3/Eigen/src/Core/Diagonal.h:45:26: warning: use of old-style cast [-Wold-style-cast]
   45 |                       : (EIGEN_PLAIN_ENUM_MIN(MatrixType::RowsAtCompileTime - EIGEN_PLAIN_ENUM_MAX(-DiagIndex, 0),
      |                          ^                    ~~~~~~~~~~~~~~~~~~~~~~~~~~~~~
/scratch/tacc/apps/intel19/eigen/3.4.0/include/eigen3/Eigen/src/Core/util/Macros.h:1288:37: note: expanded from macro 'EIGEN_PLAIN_ENUM_MIN'
 1288 | #define EIGEN_PLAIN_ENUM_MIN(a,b) (((int)a <= (int)b) ? (int)a : (int)b)
      |                                     ^    ~
In file included from chemistrySolver/canteraChemistrySolvers.C:27:
In file included from lnInclude/canteraChemistryModel.H:209:
In file included from lnInclude/canteraChemistryModelI.H:35:
In file included from /work/09629/m_hland10/ls6/cantera/include/cantera/kinetics/Kinetics.h:14:
In file included from /work/09629/m_hland10/ls6/cantera/include/cantera/kinetics/StoichManager.h:11:
In file included from /work/09629/m_hland10/ls6/cantera/include/cantera/numerics/eigen_sparse.h:12:
In file included from /scratch/tacc/apps/intel19/eigen/3.4.0/include/eigen3/Eigen/Sparse:26:
In file included from /scratch/tacc/apps/intel19/eigen/3.4.0/include/eigen3/Eigen/SparseCore:11:
In file included from /scratch/tacc/apps/intel19/eigen/3.4.0/include/eigen3/Eigen/Core:315:
/scratch/tacc/apps/intel19/eigen/3.4.0/include/eigen3/Eigen/src/Core/Diagonal.h:45:79: warning: use of old-style cast [-Wold-style-cast]
   45 |                       : (EIGEN_PLAIN_ENUM_MIN(MatrixType::RowsAtCompileTime - EIGEN_PLAIN_ENUM_MAX(-DiagIndex, 0),
      |                                                                               ^                    ~~~~~~~~~~
/scratch/tacc/apps/intel19/eigen/3.4.0/include/eigen3/Eigen/src/Core/util/Macros.h:1289:37: note: expanded from macro 'EIGEN_PLAIN_ENUM_MAX'
 1289 | #define EIGEN_PLAIN_ENUM_MAX(a,b) (((int)a >= (int)b) ? (int)a : (int)b)
      |                                     ^    ~
/scratch/tacc/apps/intel19/eigen/3.4.0/include/eigen3/Eigen/src/Core/util/Macros.h:1288:42: note: expanded from macro 'EIGEN_PLAIN_ENUM_MIN'
 1288 | #define EIGEN_PLAIN_ENUM_MIN(a,b) (((int)a <= (int)b) ? (int)a : (int)b)
      |                                          ^
In file included from chemistrySolver/canteraChemistrySolvers.C:27:
In file included from lnInclude/canteraChemistryModel.H:209:
In file included from lnInclude/canteraChemistryModelI.H:35:
In file included from /work/09629/m_hland10/ls6/cantera/include/cantera/kinetics/Kinetics.h:14:
In file included from /work/09629/m_hland10/ls6/cantera/include/cantera/kinetics/StoichManager.h:11:
In file included from /work/09629/m_hland10/ls6/cantera/include/cantera/numerics/eigen_sparse.h:12:
In file included from /scratch/tacc/apps/intel19/eigen/3.4.0/include/eigen3/Eigen/Sparse:26:
In file included from /scratch/tacc/apps/intel19/eigen/3.4.0/include/eigen3/Eigen/SparseCore:11:
In file included from /scratch/tacc/apps/intel19/eigen/3.4.0/include/eigen3/Eigen/Core:315:
/scratch/tacc/apps/intel19/eigen/3.4.0/include/eigen3/Eigen/src/Core/Diagonal.h:45:79: warning: use of old-style cast [-Wold-style-cast]
   45 |                       : (EIGEN_PLAIN_ENUM_MIN(MatrixType::RowsAtCompileTime - EIGEN_PLAIN_ENUM_MAX(-DiagIndex, 0),
      |                                                                               ^                                ~
/scratch/tacc/apps/intel19/eigen/3.4.0/include/eigen3/Eigen/src/Core/util/Macros.h:1289:47: note: expanded from macro 'EIGEN_PLAIN_ENUM_MAX'
 1289 | #define EIGEN_PLAIN_ENUM_MAX(a,b) (((int)a >= (int)b) ? (int)a : (int)b)
      |                                               ^    ~
/scratch/tacc/apps/intel19/eigen/3.4.0/include/eigen3/Eigen/src/Core/util/Macros.h:1288:42: note: expanded from macro 'EIGEN_PLAIN_ENUM_MIN'
 1288 | #define EIGEN_PLAIN_ENUM_MIN(a,b) (((int)a <= (int)b) ? (int)a : (int)b)
      |                                          ^
In file included from chemistrySolver/canteraChemistrySolvers.C:27:
In file included from lnInclude/canteraChemistryModel.H:209:
In file included from lnInclude/canteraChemistryModelI.H:35:
In file included from /work/09629/m_hland10/ls6/cantera/include/cantera/kinetics/Kinetics.h:14:
In file included from /work/09629/m_hland10/ls6/cantera/include/cantera/kinetics/StoichManager.h:11:
In file included from /work/09629/m_hland10/ls6/cantera/include/cantera/numerics/eigen_sparse.h:12:
In file included from /scratch/tacc/apps/intel19/eigen/3.4.0/include/eigen3/Eigen/Sparse:26:
In file included from /scratch/tacc/apps/intel19/eigen/3.4.0/include/eigen3/Eigen/SparseCore:11:
In file included from /scratch/tacc/apps/intel19/eigen/3.4.0/include/eigen3/Eigen/Core:315:
/scratch/tacc/apps/intel19/eigen/3.4.0/include/eigen3/Eigen/src/Core/Diagonal.h:45:79: warning: use of old-style cast [-Wold-style-cast]
   45 |                       : (EIGEN_PLAIN_ENUM_MIN(MatrixType::RowsAtCompileTime - EIGEN_PLAIN_ENUM_MAX(-DiagIndex, 0),
      |                                                                               ^                    ~~~~~~~~~~
/scratch/tacc/apps/intel19/eigen/3.4.0/include/eigen3/Eigen/src/Core/util/Macros.h:1289:57: note: expanded from macro 'EIGEN_PLAIN_ENUM_MAX'
 1289 | #define EIGEN_PLAIN_ENUM_MAX(a,b) (((int)a >= (int)b) ? (int)a : (int)b)
      |                                                         ^    ~
/scratch/tacc/apps/intel19/eigen/3.4.0/include/eigen3/Eigen/src/Core/util/Macros.h:1288:42: note: expanded from macro 'EIGEN_PLAIN_ENUM_MIN'
 1288 | #define EIGEN_PLAIN_ENUM_MIN(a,b) (((int)a <= (int)b) ? (int)a : (int)b)
      |                                          ^
In file included from chemistrySolver/canteraChemistrySolvers.C:27:
In file included from lnInclude/canteraChemistryModel.H:209:
In file included from lnInclude/canteraChemistryModelI.H:35:
In file included from /work/09629/m_hland10/ls6/cantera/include/cantera/kinetics/Kinetics.h:14:
In file included from /work/09629/m_hland10/ls6/cantera/include/cantera/kinetics/StoichManager.h:11:
In file included from /work/09629/m_hland10/ls6/cantera/include/cantera/numerics/eigen_sparse.h:12:
In file included from /scratch/tacc/apps/intel19/eigen/3.4.0/include/eigen3/Eigen/Sparse:26:
In file included from /scratch/tacc/apps/intel19/eigen/3.4.0/include/eigen3/Eigen/SparseCore:11:
In file included from /scratch/tacc/apps/intel19/eigen/3.4.0/include/eigen3/Eigen/Core:315:
/scratch/tacc/apps/intel19/eigen/3.4.0/include/eigen3/Eigen/src/Core/Diagonal.h:45:79: warning: use of old-style cast [-Wold-style-cast]
   45 |                       : (EIGEN_PLAIN_ENUM_MIN(MatrixType::RowsAtCompileTime - EIGEN_PLAIN_ENUM_MAX(-DiagIndex, 0),
      |                                                                               ^                                ~
/scratch/tacc/apps/intel19/eigen/3.4.0/include/eigen3/Eigen/src/Core/util/Macros.h:1289:66: note: expanded from macro 'EIGEN_PLAIN_ENUM_MAX'
 1289 | #define EIGEN_PLAIN_ENUM_MAX(a,b) (((int)a >= (int)b) ? (int)a : (int)b)
      |                                                                  ^    ~
/scratch/tacc/apps/intel19/eigen/3.4.0/include/eigen3/Eigen/src/Core/util/Macros.h:1288:42: note: expanded from macro 'EIGEN_PLAIN_ENUM_MIN'
 1288 | #define EIGEN_PLAIN_ENUM_MIN(a,b) (((int)a <= (int)b) ? (int)a : (int)b)
      |                                          ^
In file included from chemistrySolver/canteraChemistrySolvers.C:27:
In file included from lnInclude/canteraChemistryModel.H:209:
In file included from lnInclude/canteraChemistryModelI.H:35:
In file included from /work/09629/m_hland10/ls6/cantera/include/cantera/kinetics/Kinetics.h:14:
In file included from /work/09629/m_hland10/ls6/cantera/include/cantera/kinetics/StoichManager.h:11:
In file included from /work/09629/m_hland10/ls6/cantera/include/cantera/numerics/eigen_sparse.h:12:
In file included from /scratch/tacc/apps/intel19/eigen/3.4.0/include/eigen3/Eigen/Sparse:26:
In file included from /scratch/tacc/apps/intel19/eigen/3.4.0/include/eigen3/Eigen/SparseCore:11:
In file included from /scratch/tacc/apps/intel19/eigen/3.4.0/include/eigen3/Eigen/Core:315:
/scratch/tacc/apps/intel19/eigen/3.4.0/include/eigen3/Eigen/src/Core/Diagonal.h:45:26: warning: use of old-style cast [-Wold-style-cast]
   45 |                       : (EIGEN_PLAIN_ENUM_MIN(MatrixType::RowsAtCompileTime - EIGEN_PLAIN_ENUM_MAX(-DiagIndex, 0),
      |                          ^
   46 |                                               MatrixType::ColsAtCompileTime - EIGEN_PLAIN_ENUM_MAX( DiagIndex, 0))),
      |                                               ~~~~~~~~~~~~~~~~~~~~~~~~~~~~~
/scratch/tacc/apps/intel19/eigen/3.4.0/include/eigen3/Eigen/src/Core/util/Macros.h:1288:47: note: expanded from macro 'EIGEN_PLAIN_ENUM_MIN'
 1288 | #define EIGEN_PLAIN_ENUM_MIN(a,b) (((int)a <= (int)b) ? (int)a : (int)b)
      |                                               ^    ~
In file included from chemistrySolver/canteraChemistrySolvers.C:27:
In file included from lnInclude/canteraChemistryModel.H:209:
In file included from lnInclude/canteraChemistryModelI.H:35:
In file included from /work/09629/m_hland10/ls6/cantera/include/cantera/kinetics/Kinetics.h:14:
In file included from /work/09629/m_hland10/ls6/cantera/include/cantera/kinetics/StoichManager.h:11:
In file included from /work/09629/m_hland10/ls6/cantera/include/cantera/numerics/eigen_sparse.h:12:
In file included from /scratch/tacc/apps/intel19/eigen/3.4.0/include/eigen3/Eigen/Sparse:26:
In file included from /scratch/tacc/apps/intel19/eigen/3.4.0/include/eigen3/Eigen/SparseCore:11:
In file included from /scratch/tacc/apps/intel19/eigen/3.4.0/include/eigen3/Eigen/Core:315:
/scratch/tacc/apps/intel19/eigen/3.4.0/include/eigen3/Eigen/src/Core/Diagonal.h:46:79: warning: use of old-style cast [-Wold-style-cast]
   46 |                                               MatrixType::ColsAtCompileTime - EIGEN_PLAIN_ENUM_MAX( DiagIndex, 0))),
      |                                                                               ^                     ~~~~~~~~~
/scratch/tacc/apps/intel19/eigen/3.4.0/include/eigen3/Eigen/src/Core/util/Macros.h:1289:37: note: expanded from macro 'EIGEN_PLAIN_ENUM_MAX'
 1289 | #define EIGEN_PLAIN_ENUM_MAX(a,b) (((int)a >= (int)b) ? (int)a : (int)b)
      |                                     ^    ~
/scratch/tacc/apps/intel19/eigen/3.4.0/include/eigen3/Eigen/src/Core/util/Macros.h:1288:52: note: expanded from macro 'EIGEN_PLAIN_ENUM_MIN'
 1288 | #define EIGEN_PLAIN_ENUM_MIN(a,b) (((int)a <= (int)b) ? (int)a : (int)b)
      |                                                    ^
In file included from chemistrySolver/canteraChemistrySolvers.C:27:
In file included from lnInclude/canteraChemistryModel.H:209:
In file included from lnInclude/canteraChemistryModelI.H:35:
In file included from /work/09629/m_hland10/ls6/cantera/include/cantera/kinetics/Kinetics.h:14:
In file included from /work/09629/m_hland10/ls6/cantera/include/cantera/kinetics/StoichManager.h:11:
In file included from /work/09629/m_hland10/ls6/cantera/include/cantera/numerics/eigen_sparse.h:12:
In file included from /scratch/tacc/apps/intel19/eigen/3.4.0/include/eigen3/Eigen/Sparse:26:
In file included from /scratch/tacc/apps/intel19/eigen/3.4.0/include/eigen3/Eigen/SparseCore:11:
In file included from /scratch/tacc/apps/intel19/eigen/3.4.0/include/eigen3/Eigen/Core:315:
/scratch/tacc/apps/intel19/eigen/3.4.0/include/eigen3/Eigen/src/Core/Diagonal.h:46:79: warning: use of old-style cast [-Wold-style-cast]
   46 |                                               MatrixType::ColsAtCompileTime - EIGEN_PLAIN_ENUM_MAX( DiagIndex, 0))),
      |                                                                               ^                                ~
/scratch/tacc/apps/intel19/eigen/3.4.0/include/eigen3/Eigen/src/Core/util/Macros.h:1289:47: note: expanded from macro 'EIGEN_PLAIN_ENUM_MAX'
 1289 | #define EIGEN_PLAIN_ENUM_MAX(a,b) (((int)a >= (int)b) ? (int)a : (int)b)
      |                                               ^    ~
/scratch/tacc/apps/intel19/eigen/3.4.0/include/eigen3/Eigen/src/Core/util/Macros.h:1288:52: note: expanded from macro 'EIGEN_PLAIN_ENUM_MIN'
 1288 | #define EIGEN_PLAIN_ENUM_MIN(a,b) (((int)a <= (int)b) ? (int)a : (int)b)
      |                                                    ^
In file included from chemistrySolver/canteraChemistrySolvers.C:27:
In file included from lnInclude/canteraChemistryModel.H:209:
In file included from lnInclude/canteraChemistryModelI.H:35:
In file included from /work/09629/m_hland10/ls6/cantera/include/cantera/kinetics/Kinetics.h:14:
In file included from /work/09629/m_hland10/ls6/cantera/include/cantera/kinetics/StoichManager.h:11:
In file included from /work/09629/m_hland10/ls6/cantera/include/cantera/numerics/eigen_sparse.h:12:
In file included from /scratch/tacc/apps/intel19/eigen/3.4.0/include/eigen3/Eigen/Sparse:26:
In file included from /scratch/tacc/apps/intel19/eigen/3.4.0/include/eigen3/Eigen/SparseCore:11:
In file included from /scratch/tacc/apps/intel19/eigen/3.4.0/include/eigen3/Eigen/Core:315:
/scratch/tacc/apps/intel19/eigen/3.4.0/include/eigen3/Eigen/src/Core/Diagonal.h:46:79: warning: use of old-style cast [-Wold-style-cast]
   46 |                                               MatrixType::ColsAtCompileTime - EIGEN_PLAIN_ENUM_MAX( DiagIndex, 0))),
      |                                                                               ^                     ~~~~~~~~~
/scratch/tacc/apps/intel19/eigen/3.4.0/include/eigen3/Eigen/src/Core/util/Macros.h:1289:57: note: expanded from macro 'EIGEN_PLAIN_ENUM_MAX'
 1289 | #define EIGEN_PLAIN_ENUM_MAX(a,b) (((int)a >= (int)b) ? (int)a : (int)b)
      |                                                         ^    ~
/scratch/tacc/apps/intel19/eigen/3.4.0/include/eigen3/Eigen/src/Core/util/Macros.h:1288:52: note: expanded from macro 'EIGEN_PLAIN_ENUM_MIN'
 1288 | #define EIGEN_PLAIN_ENUM_MIN(a,b) (((int)a <= (int)b) ? (int)a : (int)b)
      |                                                    ^
In file included from chemistrySolver/canteraChemistrySolvers.C:27:
In file included from lnInclude/canteraChemistryModel.H:209:
In file included from lnInclude/canteraChemistryModelI.H:35:
In file included from /work/09629/m_hland10/ls6/cantera/include/cantera/kinetics/Kinetics.h:14:
In file included from /work/09629/m_hland10/ls6/cantera/include/cantera/kinetics/StoichManager.h:11:
In file included from /work/09629/m_hland10/ls6/cantera/include/cantera/numerics/eigen_sparse.h:12:
In file included from /scratch/tacc/apps/intel19/eigen/3.4.0/include/eigen3/Eigen/Sparse:26:
In file included from /scratch/tacc/apps/intel19/eigen/3.4.0/include/eigen3/Eigen/SparseCore:11:
In file included from /scratch/tacc/apps/intel19/eigen/3.4.0/include/eigen3/Eigen/Core:315:
/scratch/tacc/apps/intel19/eigen/3.4.0/include/eigen3/Eigen/src/Core/Diagonal.h:46:79: warning: use of old-style cast [-Wold-style-cast]
   46 |                                               MatrixType::ColsAtCompileTime - EIGEN_PLAIN_ENUM_MAX( DiagIndex, 0))),
      |                                                                               ^                                ~
/scratch/tacc/apps/intel19/eigen/3.4.0/include/eigen3/Eigen/src/Core/util/Macros.h:1289:66: note: expanded from macro 'EIGEN_PLAIN_ENUM_MAX'
 1289 | #define EIGEN_PLAIN_ENUM_MAX(a,b) (((int)a >= (int)b) ? (int)a : (int)b)
      |                                                                  ^    ~
/scratch/tacc/apps/intel19/eigen/3.4.0/include/eigen3/Eigen/src/Core/util/Macros.h:1288:52: note: expanded from macro 'EIGEN_PLAIN_ENUM_MIN'
 1288 | #define EIGEN_PLAIN_ENUM_MIN(a,b) (((int)a <= (int)b) ? (int)a : (int)b)
      |                                                    ^
In file included from chemistrySolver/canteraChemistrySolvers.C:27:
In file included from lnInclude/canteraChemistryModel.H:209:
In file included from lnInclude/canteraChemistryModelI.H:35:
In file included from /work/09629/m_hland10/ls6/cantera/include/cantera/kinetics/Kinetics.h:14:
In file included from /work/09629/m_hland10/ls6/cantera/include/cantera/kinetics/StoichManager.h:11:
In file included from /work/09629/m_hland10/ls6/cantera/include/cantera/numerics/eigen_sparse.h:12:
In file included from /scratch/tacc/apps/intel19/eigen/3.4.0/include/eigen3/Eigen/Sparse:26:
In file included from /scratch/tacc/apps/intel19/eigen/3.4.0/include/eigen3/Eigen/SparseCore:11:
In file included from /scratch/tacc/apps/intel19/eigen/3.4.0/include/eigen3/Eigen/Core:315:
/scratch/tacc/apps/intel19/eigen/3.4.0/include/eigen3/Eigen/src/Core/Diagonal.h:45:26: warning: use of old-style cast [-Wold-style-cast]
   45 |                       : (EIGEN_PLAIN_ENUM_MIN(MatrixType::RowsAtCompileTime - EIGEN_PLAIN_ENUM_MAX(-DiagIndex, 0),
      |                          ^                    ~~~~~~~~~~~~~~~~~~~~~~~~~~~~~
/scratch/tacc/apps/intel19/eigen/3.4.0/include/eigen3/Eigen/src/Core/util/Macros.h:1288:57: note: expanded from macro 'EIGEN_PLAIN_ENUM_MIN'
 1288 | #define EIGEN_PLAIN_ENUM_MIN(a,b) (((int)a <= (int)b) ? (int)a : (int)b)
      |                                                         ^    ~
In file included from chemistrySolver/canteraChemistrySolvers.C:27:
In file included from lnInclude/canteraChemistryModel.H:209:
In file included from lnInclude/canteraChemistryModelI.H:35:
In file included from /work/09629/m_hland10/ls6/cantera/include/cantera/kinetics/Kinetics.h:14:
In file included from /work/09629/m_hland10/ls6/cantera/include/cantera/kinetics/StoichManager.h:11:
In file included from /work/09629/m_hland10/ls6/cantera/include/cantera/numerics/eigen_sparse.h:12:
In file included from /scratch/tacc/apps/intel19/eigen/3.4.0/include/eigen3/Eigen/Sparse:26:
In file included from /scratch/tacc/apps/intel19/eigen/3.4.0/include/eigen3/Eigen/SparseCore:11:
In file included from /scratch/tacc/apps/intel19/eigen/3.4.0/include/eigen3/Eigen/Core:315:
/scratch/tacc/apps/intel19/eigen/3.4.0/include/eigen3/Eigen/src/Core/Diagonal.h:45:79: warning: use of old-style cast [-Wold-style-cast]
   45 |                       : (EIGEN_PLAIN_ENUM_MIN(MatrixType::RowsAtCompileTime - EIGEN_PLAIN_ENUM_MAX(-DiagIndex, 0),
      |                                                                               ^                    ~~~~~~~~~~
/scratch/tacc/apps/intel19/eigen/3.4.0/include/eigen3/Eigen/src/Core/util/Macros.h:1289:37: note: expanded from macro 'EIGEN_PLAIN_ENUM_MAX'
 1289 | #define EIGEN_PLAIN_ENUM_MAX(a,b) (((int)a >= (int)b) ? (int)a : (int)b)
      |                                     ^    ~
/scratch/tacc/apps/intel19/eigen/3.4.0/include/eigen3/Eigen/src/Core/util/Macros.h:1288:62: note: expanded from macro 'EIGEN_PLAIN_ENUM_MIN'
 1288 | #define EIGEN_PLAIN_ENUM_MIN(a,b) (((int)a <= (int)b) ? (int)a : (int)b)
      |                                                              ^
In file included from chemistrySolver/canteraChemistrySolvers.C:27:
In file included from lnInclude/canteraChemistryModel.H:209:
In file included from lnInclude/canteraChemistryModelI.H:35:
In file included from /work/09629/m_hland10/ls6/cantera/include/cantera/kinetics/Kinetics.h:14:
In file included from /work/09629/m_hland10/ls6/cantera/include/cantera/kinetics/StoichManager.h:11:
In file included from /work/09629/m_hland10/ls6/cantera/include/cantera/numerics/eigen_sparse.h:12:
In file included from /scratch/tacc/apps/intel19/eigen/3.4.0/include/eigen3/Eigen/Sparse:26:
In file included from /scratch/tacc/apps/intel19/eigen/3.4.0/include/eigen3/Eigen/SparseCore:11:
In file included from /scratch/tacc/apps/intel19/eigen/3.4.0/include/eigen3/Eigen/Core:315:
/scratch/tacc/apps/intel19/eigen/3.4.0/include/eigen3/Eigen/src/Core/Diagonal.h:45:79: warning: use of old-style cast [-Wold-style-cast]
   45 |                       : (EIGEN_PLAIN_ENUM_MIN(MatrixType::RowsAtCompileTime - EIGEN_PLAIN_ENUM_MAX(-DiagIndex, 0),
      |                                                                               ^                                ~
/scratch/tacc/apps/intel19/eigen/3.4.0/include/eigen3/Eigen/src/Core/util/Macros.h:1289:47: note: expanded from macro 'EIGEN_PLAIN_ENUM_MAX'
 1289 | #define EIGEN_PLAIN_ENUM_MAX(a,b) (((int)a >= (int)b) ? (int)a : (int)b)
      |                                               ^    ~
/scratch/tacc/apps/intel19/eigen/3.4.0/include/eigen3/Eigen/src/Core/util/Macros.h:1288:62: note: expanded from macro 'EIGEN_PLAIN_ENUM_MIN'
 1288 | #define EIGEN_PLAIN_ENUM_MIN(a,b) (((int)a <= (int)b) ? (int)a : (int)b)
      |                                                              ^
In file included from chemistrySolver/canteraChemistrySolvers.C:27:
In file included from lnInclude/canteraChemistryModel.H:209:
In file included from lnInclude/canteraChemistryModelI.H:35:
In file included from /work/09629/m_hland10/ls6/cantera/include/cantera/kinetics/Kinetics.h:14:
In file included from /work/09629/m_hland10/ls6/cantera/include/cantera/kinetics/StoichManager.h:11:
In file included from /work/09629/m_hland10/ls6/cantera/include/cantera/numerics/eigen_sparse.h:12:
In file included from /scratch/tacc/apps/intel19/eigen/3.4.0/include/eigen3/Eigen/Sparse:26:
In file included from /scratch/tacc/apps/intel19/eigen/3.4.0/include/eigen3/Eigen/SparseCore:11:
In file included from /scratch/tacc/apps/intel19/eigen/3.4.0/include/eigen3/Eigen/Core:315:
/scratch/tacc/apps/intel19/eigen/3.4.0/include/eigen3/Eigen/src/Core/Diagonal.h:45:79: warning: use of old-style cast [-Wold-style-cast]
   45 |                       : (EIGEN_PLAIN_ENUM_MIN(MatrixType::RowsAtCompileTime - EIGEN_PLAIN_ENUM_MAX(-DiagIndex, 0),
      |                                                                               ^                    ~~~~~~~~~~
/scratch/tacc/apps/intel19/eigen/3.4.0/include/eigen3/Eigen/src/Core/util/Macros.h:1289:57: note: expanded from macro 'EIGEN_PLAIN_ENUM_MAX'
 1289 | #define EIGEN_PLAIN_ENUM_MAX(a,b) (((int)a >= (int)b) ? (int)a : (int)b)
      |                                                         ^    ~
/scratch/tacc/apps/intel19/eigen/3.4.0/include/eigen3/Eigen/src/Core/util/Macros.h:1288:62: note: expanded from macro 'EIGEN_PLAIN_ENUM_MIN'
 1288 | #define EIGEN_PLAIN_ENUM_MIN(a,b) (((int)a <= (int)b) ? (int)a : (int)b)
      |                                                              ^
In file included from chemistrySolver/canteraChemistrySolvers.C:27:
In file included from lnInclude/canteraChemistryModel.H:209:
In file included from lnInclude/canteraChemistryModelI.H:35:
In file included from /work/09629/m_hland10/ls6/cantera/include/cantera/kinetics/Kinetics.h:14:
In file included from /work/09629/m_hland10/ls6/cantera/include/cantera/kinetics/StoichManager.h:11:
In file included from /work/09629/m_hland10/ls6/cantera/include/cantera/numerics/eigen_sparse.h:12:
In file included from /scratch/tacc/apps/intel19/eigen/3.4.0/include/eigen3/Eigen/Sparse:26:
In file included from /scratch/tacc/apps/intel19/eigen/3.4.0/include/eigen3/Eigen/SparseCore:11:
In file included from /scratch/tacc/apps/intel19/eigen/3.4.0/include/eigen3/Eigen/Core:315:
/scratch/tacc/apps/intel19/eigen/3.4.0/include/eigen3/Eigen/src/Core/Diagonal.h:45:79: warning: use of old-style cast [-Wold-style-cast]
   45 |                       : (EIGEN_PLAIN_ENUM_MIN(MatrixType::RowsAtCompileTime - EIGEN_PLAIN_ENUM_MAX(-DiagIndex, 0),
      |                                                                               ^                                ~
/scratch/tacc/apps/intel19/eigen/3.4.0/include/eigen3/Eigen/src/Core/util/Macros.h:1289:66: note: expanded from macro 'EIGEN_PLAIN_ENUM_MAX'
 1289 | #define EIGEN_PLAIN_ENUM_MAX(a,b) (((int)a >= (int)b) ? (int)a : (int)b)
      |                                                                  ^    ~
/scratch/tacc/apps/intel19/eigen/3.4.0/include/eigen3/Eigen/src/Core/util/Macros.h:1288:62: note: expanded from macro 'EIGEN_PLAIN_ENUM_MIN'
 1288 | #define EIGEN_PLAIN_ENUM_MIN(a,b) (((int)a <= (int)b) ? (int)a : (int)b)
      |                                                              ^
In file included from chemistrySolver/canteraChemistrySolvers.C:27:
In file included from lnInclude/canteraChemistryModel.H:209:
In file included from lnInclude/canteraChemistryModelI.H:35:
In file included from /work/09629/m_hland10/ls6/cantera/include/cantera/kinetics/Kinetics.h:14:
In file included from /work/09629/m_hland10/ls6/cantera/include/cantera/kinetics/StoichManager.h:11:
In file included from /work/09629/m_hland10/ls6/cantera/include/cantera/numerics/eigen_sparse.h:12:
In file included from /scratch/tacc/apps/intel19/eigen/3.4.0/include/eigen3/Eigen/Sparse:26:
In file included from /scratch/tacc/apps/intel19/eigen/3.4.0/include/eigen3/Eigen/SparseCore:11:
In file included from /scratch/tacc/apps/intel19/eigen/3.4.0/include/eigen3/Eigen/Core:315:
/scratch/tacc/apps/intel19/eigen/3.4.0/include/eigen3/Eigen/src/Core/Diagonal.h:45:26: warning: use of old-style cast [-Wold-style-cast]
   45 |                       : (EIGEN_PLAIN_ENUM_MIN(MatrixType::RowsAtCompileTime - EIGEN_PLAIN_ENUM_MAX(-DiagIndex, 0),
      |                          ^
   46 |                                               MatrixType::ColsAtCompileTime - EIGEN_PLAIN_ENUM_MAX( DiagIndex, 0))),
      |                                               ~~~~~~~~~~~~~~~~~~~~~~~~~~~~~
/scratch/tacc/apps/intel19/eigen/3.4.0/include/eigen3/Eigen/src/Core/util/Macros.h:1288:66: note: expanded from macro 'EIGEN_PLAIN_ENUM_MIN'
 1288 | #define EIGEN_PLAIN_ENUM_MIN(a,b) (((int)a <= (int)b) ? (int)a : (int)b)
      |                                                                  ^    ~
In file included from chemistrySolver/canteraChemistrySolvers.C:27:
In file included from lnInclude/canteraChemistryModel.H:209:
In file included from lnInclude/canteraChemistryModelI.H:35:
In file included from /work/09629/m_hland10/ls6/cantera/include/cantera/kinetics/Kinetics.h:14:
In file included from /work/09629/m_hland10/ls6/cantera/include/cantera/kinetics/StoichManager.h:11:
In file included from /work/09629/m_hland10/ls6/cantera/include/cantera/numerics/eigen_sparse.h:12:
In file included from /scratch/tacc/apps/intel19/eigen/3.4.0/include/eigen3/Eigen/Sparse:26:
In file included from /scratch/tacc/apps/intel19/eigen/3.4.0/include/eigen3/Eigen/SparseCore:11:
In file included from /scratch/tacc/apps/intel19/eigen/3.4.0/include/eigen3/Eigen/Core:315:
/scratch/tacc/apps/intel19/eigen/3.4.0/include/eigen3/Eigen/src/Core/Diagonal.h:46:79: warning: use of old-style cast [-Wold-style-cast]
   46 |                                               MatrixType::ColsAtCompileTime - EIGEN_PLAIN_ENUM_MAX( DiagIndex, 0))),
      |                                                                               ^                     ~~~~~~~~~
/scratch/tacc/apps/intel19/eigen/3.4.0/include/eigen3/Eigen/src/Core/util/Macros.h:1289:37: note: expanded from macro 'EIGEN_PLAIN_ENUM_MAX'
 1289 | #define EIGEN_PLAIN_ENUM_MAX(a,b) (((int)a >= (int)b) ? (int)a : (int)b)
      |                                     ^    ~
/scratch/tacc/apps/intel19/eigen/3.4.0/include/eigen3/Eigen/src/Core/util/Macros.h:1288:71: note: expanded from macro 'EIGEN_PLAIN_ENUM_MIN'
 1288 | #define EIGEN_PLAIN_ENUM_MIN(a,b) (((int)a <= (int)b) ? (int)a : (int)b)
      |                                                                       ^
In file included from chemistrySolver/canteraChemistrySolvers.C:27:
In file included from lnInclude/canteraChemistryModel.H:209:
In file included from lnInclude/canteraChemistryModelI.H:35:
In file included from /work/09629/m_hland10/ls6/cantera/include/cantera/kinetics/Kinetics.h:14:
In file included from /work/09629/m_hland10/ls6/cantera/include/cantera/kinetics/StoichManager.h:11:
In file included from /work/09629/m_hland10/ls6/cantera/include/cantera/numerics/eigen_sparse.h:12:
In file included from /scratch/tacc/apps/intel19/eigen/3.4.0/include/eigen3/Eigen/Sparse:26:
In file included from /scratch/tacc/apps/intel19/eigen/3.4.0/include/eigen3/Eigen/SparseCore:11:
In file included from /scratch/tacc/apps/intel19/eigen/3.4.0/include/eigen3/Eigen/Core:315:
/scratch/tacc/apps/intel19/eigen/3.4.0/include/eigen3/Eigen/src/Core/Diagonal.h:46:79: warning: use of old-style cast [-Wold-style-cast]
   46 |                                               MatrixType::ColsAtCompileTime - EIGEN_PLAIN_ENUM_MAX( DiagIndex, 0))),
      |                                                                               ^                                ~
/scratch/tacc/apps/intel19/eigen/3.4.0/include/eigen3/Eigen/src/Core/util/Macros.h:1289:47: note: expanded from macro 'EIGEN_PLAIN_ENUM_MAX'
 1289 | #define EIGEN_PLAIN_ENUM_MAX(a,b) (((int)a >= (int)b) ? (int)a : (int)b)
      |                                               ^    ~
/scratch/tacc/apps/intel19/eigen/3.4.0/include/eigen3/Eigen/src/Core/util/Macros.h:1288:71: note: expanded from macro 'EIGEN_PLAIN_ENUM_MIN'
 1288 | #define EIGEN_PLAIN_ENUM_MIN(a,b) (((int)a <= (int)b) ? (int)a : (int)b)
      |                                                                       ^
In file included from chemistrySolver/canteraChemistrySolvers.C:27:
In file included from lnInclude/canteraChemistryModel.H:209:
In file included from lnInclude/canteraChemistryModelI.H:35:
In file included from /work/09629/m_hland10/ls6/cantera/include/cantera/kinetics/Kinetics.h:14:
In file included from /work/09629/m_hland10/ls6/cantera/include/cantera/kinetics/StoichManager.h:11:
In file included from /work/09629/m_hland10/ls6/cantera/include/cantera/numerics/eigen_sparse.h:12:
In file included from /scratch/tacc/apps/intel19/eigen/3.4.0/include/eigen3/Eigen/Sparse:26:
In file included from /scratch/tacc/apps/intel19/eigen/3.4.0/include/eigen3/Eigen/SparseCore:11:
In file included from /scratch/tacc/apps/intel19/eigen/3.4.0/include/eigen3/Eigen/Core:315:
/scratch/tacc/apps/intel19/eigen/3.4.0/include/eigen3/Eigen/src/Core/Diagonal.h:46:79: warning: use of old-style cast [-Wold-style-cast]
   46 |                                               MatrixType::ColsAtCompileTime - EIGEN_PLAIN_ENUM_MAX( DiagIndex, 0))),
      |                                                                               ^                     ~~~~~~~~~
/scratch/tacc/apps/intel19/eigen/3.4.0/include/eigen3/Eigen/src/Core/util/Macros.h:1289:57: note: expanded from macro 'EIGEN_PLAIN_ENUM_MAX'
 1289 | #define EIGEN_PLAIN_ENUM_MAX(a,b) (((int)a >= (int)b) ? (int)a : (int)b)
      |                                                         ^    ~
/scratch/tacc/apps/intel19/eigen/3.4.0/include/eigen3/Eigen/src/Core/util/Macros.h:1288:71: note: expanded from macro 'EIGEN_PLAIN_ENUM_MIN'
 1288 | #define EIGEN_PLAIN_ENUM_MIN(a,b) (((int)a <= (int)b) ? (int)a : (int)b)
      |                                                                       ^
In file included from chemistrySolver/canteraChemistrySolvers.C:27:
In file included from lnInclude/canteraChemistryModel.H:209:
In file included from lnInclude/canteraChemistryModelI.H:35:
In file included from /work/09629/m_hland10/ls6/cantera/include/cantera/kinetics/Kinetics.h:14:
In file included from /work/09629/m_hland10/ls6/cantera/include/cantera/kinetics/StoichManager.h:11:
In file included from /work/09629/m_hland10/ls6/cantera/include/cantera/numerics/eigen_sparse.h:12:
In file included from /scratch/tacc/apps/intel19/eigen/3.4.0/include/eigen3/Eigen/Sparse:26:
In file included from /scratch/tacc/apps/intel19/eigen/3.4.0/include/eigen3/Eigen/SparseCore:11:
In file included from /scratch/tacc/apps/intel19/eigen/3.4.0/include/eigen3/Eigen/Core:315:
/scratch/tacc/apps/intel19/eigen/3.4.0/include/eigen3/Eigen/src/Core/Diagonal.h:46:79: warning: use of old-style cast [-Wold-style-cast]
   46 |                                               MatrixType::ColsAtCompileTime - EIGEN_PLAIN_ENUM_MAX( DiagIndex, 0))),
      |                                                                               ^                                ~
/scratch/tacc/apps/intel19/eigen/3.4.0/include/eigen3/Eigen/src/Core/util/Macros.h:1289:66: note: expanded from macro 'EIGEN_PLAIN_ENUM_MAX'
 1289 | #define EIGEN_PLAIN_ENUM_MAX(a,b) (((int)a >= (int)b) ? (int)a : (int)b)
      |                                                                  ^    ~
/scratch/tacc/apps/intel19/eigen/3.4.0/include/eigen3/Eigen/src/Core/util/Macros.h:1288:71: note: expanded from macro 'EIGEN_PLAIN_ENUM_MIN'
 1288 | #define EIGEN_PLAIN_ENUM_MIN(a,b) (((int)a <= (int)b) ? (int)a : (int)b)
      |                                                                       ^
In file included from chemistrySolver/canteraChemistrySolvers.C:27:
In file included from lnInclude/canteraChemistryModel.H:209:
In file included from lnInclude/canteraChemistryModelI.H:35:
In file included from /work/09629/m_hland10/ls6/cantera/include/cantera/kinetics/Kinetics.h:14:
In file included from /work/09629/m_hland10/ls6/cantera/include/cantera/kinetics/StoichManager.h:11:
In file included from /work/09629/m_hland10/ls6/cantera/include/cantera/numerics/eigen_sparse.h:12:
In file included from /scratch/tacc/apps/intel19/eigen/3.4.0/include/eigen3/Eigen/Sparse:26:
In file included from /scratch/tacc/apps/intel19/eigen/3.4.0/include/eigen3/Eigen/SparseCore:11:
In file included from /scratch/tacc/apps/intel19/eigen/3.4.0/include/eigen3/Eigen/Core:315:
/scratch/tacc/apps/intel19/eigen/3.4.0/include/eigen3/Eigen/src/Core/Diagonal.h:49:56: warning: use of old-style cast [-Wold-style-cast]
   49 |                          : DiagIndex == DynamicIndex ? EIGEN_SIZE_MIN_PREFER_FIXED(MatrixType::MaxRowsAtCompileTime,
      |                                                        ^                           ~~~~~~~~~~~~~~~~~~~~~~~~~~~~~~~~
/scratch/tacc/apps/intel19/eigen/3.4.0/include/eigen3/Eigen/src/Core/util/Macros.h:1302:45: note: expanded from macro 'EIGEN_SIZE_MIN_PREFER_FIXED'
 1302 | #define EIGEN_SIZE_MIN_PREFER_FIXED(a,b)  (((int)a == 0 || (int)b == 0) ? 0 \
      |                                             ^    ~
In file included from chemistrySolver/canteraChemistrySolvers.C:27:
In file included from lnInclude/canteraChemistryModel.H:209:
In file included from lnInclude/canteraChemistryModelI.H:35:
In file included from /work/09629/m_hland10/ls6/cantera/include/cantera/kinetics/Kinetics.h:14:
In file included from /work/09629/m_hland10/ls6/cantera/include/cantera/kinetics/StoichManager.h:11:
In file included from /work/09629/m_hland10/ls6/cantera/include/cantera/numerics/eigen_sparse.h:12:
In file included from /scratch/tacc/apps/intel19/eigen/3.4.0/include/eigen3/Eigen/Sparse:26:
In file included from /scratch/tacc/apps/intel19/eigen/3.4.0/include/eigen3/Eigen/SparseCore:11:
In file included from /scratch/tacc/apps/intel19/eigen/3.4.0/include/eigen3/Eigen/Core:315:
/scratch/tacc/apps/intel19/eigen/3.4.0/include/eigen3/Eigen/src/Core/Diagonal.h:49:56: warning: use of old-style cast [-Wold-style-cast]
   49 |                          : DiagIndex == DynamicIndex ? EIGEN_SIZE_MIN_PREFER_FIXED(MatrixType::MaxRowsAtCompileTime,
      |                                                        ^
   50 |                                                                               MatrixType::MaxColsAtCompileTime)
      |                                                                               ~~~~~~~~~~~~~~~~~~~~~~~~~~~~~~~~
/scratch/tacc/apps/intel19/eigen/3.4.0/include/eigen3/Eigen/src/Core/util/Macros.h:1302:60: note: expanded from macro 'EIGEN_SIZE_MIN_PREFER_FIXED'
 1302 | #define EIGEN_SIZE_MIN_PREFER_FIXED(a,b)  (((int)a == 0 || (int)b == 0) ? 0 \
      |                                                            ^    ~
In file included from chemistrySolver/canteraChemistrySolvers.C:27:
In file included from lnInclude/canteraChemistryModel.H:209:
In file included from lnInclude/canteraChemistryModelI.H:35:
In file included from /work/09629/m_hland10/ls6/cantera/include/cantera/kinetics/Kinetics.h:14:
In file included from /work/09629/m_hland10/ls6/cantera/include/cantera/kinetics/StoichManager.h:11:
In file included from /work/09629/m_hland10/ls6/cantera/include/cantera/numerics/eigen_sparse.h:12:
In file included from /scratch/tacc/apps/intel19/eigen/3.4.0/include/eigen3/Eigen/Sparse:26:
In file included from /scratch/tacc/apps/intel19/eigen/3.4.0/include/eigen3/Eigen/SparseCore:11:
In file included from /scratch/tacc/apps/intel19/eigen/3.4.0/include/eigen3/Eigen/Core:315:
/scratch/tacc/apps/intel19/eigen/3.4.0/include/eigen3/Eigen/src/Core/Diagonal.h:49:56: warning: use of old-style cast [-Wold-style-cast]
   49 |                          : DiagIndex == DynamicIndex ? EIGEN_SIZE_MIN_PREFER_FIXED(MatrixType::MaxRowsAtCompileTime,
      |                                                        ^                           ~~~~~~~~~~~~~~~~~~~~~~~~~~~~~~~~
/scratch/tacc/apps/intel19/eigen/3.4.0/include/eigen3/Eigen/src/Core/util/Macros.h:1303:31: note: expanded from macro 'EIGEN_SIZE_MIN_PREFER_FIXED'
 1303 |                            : ((int)a == 1 || (int)b == 1) ? 1 \
      |                               ^    ~
In file included from chemistrySolver/canteraChemistrySolvers.C:27:
In file included from lnInclude/canteraChemistryModel.H:209:
In file included from lnInclude/canteraChemistryModelI.H:35:
In file included from /work/09629/m_hland10/ls6/cantera/include/cantera/kinetics/Kinetics.h:14:
In file included from /work/09629/m_hland10/ls6/cantera/include/cantera/kinetics/StoichManager.h:11:
In file included from /work/09629/m_hland10/ls6/cantera/include/cantera/numerics/eigen_sparse.h:12:
In file included from /scratch/tacc/apps/intel19/eigen/3.4.0/include/eigen3/Eigen/Sparse:26:
In file included from /scratch/tacc/apps/intel19/eigen/3.4.0/include/eigen3/Eigen/SparseCore:11:
In file included from /scratch/tacc/apps/intel19/eigen/3.4.0/include/eigen3/Eigen/Core:315:
/scratch/tacc/apps/intel19/eigen/3.4.0/include/eigen3/Eigen/src/Core/Diagonal.h:49:56: warning: use of old-style cast [-Wold-style-cast]
   49 |                          : DiagIndex == DynamicIndex ? EIGEN_SIZE_MIN_PREFER_FIXED(MatrixType::MaxRowsAtCompileTime,
      |                                                        ^
   50 |                                                                               MatrixType::MaxColsAtCompileTime)
      |                                                                               ~~~~~~~~~~~~~~~~~~~~~~~~~~~~~~~~
/scratch/tacc/apps/intel19/eigen/3.4.0/include/eigen3/Eigen/src/Core/util/Macros.h:1303:46: note: expanded from macro 'EIGEN_SIZE_MIN_PREFER_FIXED'
 1303 |                            : ((int)a == 1 || (int)b == 1) ? 1 \
      |                                              ^    ~
In file included from chemistrySolver/canteraChemistrySolvers.C:27:
In file included from lnInclude/canteraChemistryModel.H:209:
In file included from lnInclude/canteraChemistryModelI.H:35:
In file included from /work/09629/m_hland10/ls6/cantera/include/cantera/kinetics/Kinetics.h:14:
In file included from /work/09629/m_hland10/ls6/cantera/include/cantera/kinetics/StoichManager.h:11:
In file included from /work/09629/m_hland10/ls6/cantera/include/cantera/numerics/eigen_sparse.h:12:
In file included from /scratch/tacc/apps/intel19/eigen/3.4.0/include/eigen3/Eigen/Sparse:26:
In file included from /scratch/tacc/apps/intel19/eigen/3.4.0/include/eigen3/Eigen/SparseCore:11:
In file included from /scratch/tacc/apps/intel19/eigen/3.4.0/include/eigen3/Eigen/Core:315:
/scratch/tacc/apps/intel19/eigen/3.4.0/include/eigen3/Eigen/src/Core/Diagonal.h:49:56: warning: use of old-style cast [-Wold-style-cast]
   49 |                          : DiagIndex == DynamicIndex ? EIGEN_SIZE_MIN_PREFER_FIXED(MatrixType::MaxRowsAtCompileTime,
      |                                                        ^                           ~~~~~~~~~~~~~~~~~~~~~~~~~~~~~~~~
/scratch/tacc/apps/intel19/eigen/3.4.0/include/eigen3/Eigen/src/Core/util/Macros.h:1304:31: note: expanded from macro 'EIGEN_SIZE_MIN_PREFER_FIXED'
 1304 |                            : ((int)a == Dynamic && (int)b == Dynamic) ? Dynamic \
      |                               ^    ~
In file included from chemistrySolver/canteraChemistrySolvers.C:27:
In file included from lnInclude/canteraChemistryModel.H:209:
In file included from lnInclude/canteraChemistryModelI.H:35:
In file included from /work/09629/m_hland10/ls6/cantera/include/cantera/kinetics/Kinetics.h:14:
In file included from /work/09629/m_hland10/ls6/cantera/include/cantera/kinetics/StoichManager.h:11:
In file included from /work/09629/m_hland10/ls6/cantera/include/cantera/numerics/eigen_sparse.h:12:
In file included from /scratch/tacc/apps/intel19/eigen/3.4.0/include/eigen3/Eigen/Sparse:26:
In file included from /scratch/tacc/apps/intel19/eigen/3.4.0/include/eigen3/Eigen/SparseCore:11:
In file included from /scratch/tacc/apps/intel19/eigen/3.4.0/include/eigen3/Eigen/Core:315:
/scratch/tacc/apps/intel19/eigen/3.4.0/include/eigen3/Eigen/src/Core/Diagonal.h:49:56: warning: use of old-style cast [-Wold-style-cast]
   49 |                          : DiagIndex == DynamicIndex ? EIGEN_SIZE_MIN_PREFER_FIXED(MatrixType::MaxRowsAtCompileTime,
      |                                                        ^
   50 |                                                                               MatrixType::MaxColsAtCompileTime)
      |                                                                               ~~~~~~~~~~~~~~~~~~~~~~~~~~~~~~~~
/scratch/tacc/apps/intel19/eigen/3.4.0/include/eigen3/Eigen/src/Core/util/Macros.h:1304:52: note: expanded from macro 'EIGEN_SIZE_MIN_PREFER_FIXED'
 1304 |                            : ((int)a == Dynamic && (int)b == Dynamic) ? Dynamic \
      |                                                    ^    ~
In file included from chemistrySolver/canteraChemistrySolvers.C:27:
In file included from lnInclude/canteraChemistryModel.H:209:
In file included from lnInclude/canteraChemistryModelI.H:35:
In file included from /work/09629/m_hland10/ls6/cantera/include/cantera/kinetics/Kinetics.h:14:
In file included from /work/09629/m_hland10/ls6/cantera/include/cantera/kinetics/StoichManager.h:11:
In file included from /work/09629/m_hland10/ls6/cantera/include/cantera/numerics/eigen_sparse.h:12:
In file included from /scratch/tacc/apps/intel19/eigen/3.4.0/include/eigen3/Eigen/Sparse:26:
In file included from /scratch/tacc/apps/intel19/eigen/3.4.0/include/eigen3/Eigen/SparseCore:11:
In file included from /scratch/tacc/apps/intel19/eigen/3.4.0/include/eigen3/Eigen/Core:315:
/scratch/tacc/apps/intel19/eigen/3.4.0/include/eigen3/Eigen/src/Core/Diagonal.h:49:56: warning: use of old-style cast [-Wold-style-cast]
   49 |                          : DiagIndex == DynamicIndex ? EIGEN_SIZE_MIN_PREFER_FIXED(MatrixType::MaxRowsAtCompileTime,
      |                                                        ^                           ~~~~~~~~~~~~~~~~~~~~~~~~~~~~~~~~
/scratch/tacc/apps/intel19/eigen/3.4.0/include/eigen3/Eigen/src/Core/util/Macros.h:1305:31: note: expanded from macro 'EIGEN_SIZE_MIN_PREFER_FIXED'
 1305 |                            : ((int)a == Dynamic) ? (int)b \
      |                               ^    ~
In file included from chemistrySolver/canteraChemistrySolvers.C:27:
In file included from lnInclude/canteraChemistryModel.H:209:
In file included from lnInclude/canteraChemistryModelI.H:35:
In file included from /work/09629/m_hland10/ls6/cantera/include/cantera/kinetics/Kinetics.h:14:
In file included from /work/09629/m_hland10/ls6/cantera/include/cantera/kinetics/StoichManager.h:11:
In file included from /work/09629/m_hland10/ls6/cantera/include/cantera/numerics/eigen_sparse.h:12:
In file included from /scratch/tacc/apps/intel19/eigen/3.4.0/include/eigen3/Eigen/Sparse:26:
In file included from /scratch/tacc/apps/intel19/eigen/3.4.0/include/eigen3/Eigen/SparseCore:11:
In file included from /scratch/tacc/apps/intel19/eigen/3.4.0/include/eigen3/Eigen/Core:315:
/scratch/tacc/apps/intel19/eigen/3.4.0/include/eigen3/Eigen/src/Core/Diagonal.h:49:56: warning: use of old-style cast [-Wold-style-cast]
   49 |                          : DiagIndex == DynamicIndex ? EIGEN_SIZE_MIN_PREFER_FIXED(MatrixType::MaxRowsAtCompileTime,
      |                                                        ^
   50 |                                                                               MatrixType::MaxColsAtCompileTime)
      |                                                                               ~~~~~~~~~~~~~~~~~~~~~~~~~~~~~~~~
/scratch/tacc/apps/intel19/eigen/3.4.0/include/eigen3/Eigen/src/Core/util/Macros.h:1305:52: note: expanded from macro 'EIGEN_SIZE_MIN_PREFER_FIXED'
 1305 |                            : ((int)a == Dynamic) ? (int)b \
      |                                                    ^    ~
In file included from chemistrySolver/canteraChemistrySolvers.C:27:
In file included from lnInclude/canteraChemistryModel.H:209:
In file included from lnInclude/canteraChemistryModelI.H:35:
In file included from /work/09629/m_hland10/ls6/cantera/include/cantera/kinetics/Kinetics.h:14:
In file included from /work/09629/m_hland10/ls6/cantera/include/cantera/kinetics/StoichManager.h:11:
In file included from /work/09629/m_hland10/ls6/cantera/include/cantera/numerics/eigen_sparse.h:12:
In file included from /scratch/tacc/apps/intel19/eigen/3.4.0/include/eigen3/Eigen/Sparse:26:
In file included from /scratch/tacc/apps/intel19/eigen/3.4.0/include/eigen3/Eigen/SparseCore:11:
In file included from /scratch/tacc/apps/intel19/eigen/3.4.0/include/eigen3/Eigen/Core:315:
/scratch/tacc/apps/intel19/eigen/3.4.0/include/eigen3/Eigen/src/Core/Diagonal.h:49:56: warning: use of old-style cast [-Wold-style-cast]
   49 |                          : DiagIndex == DynamicIndex ? EIGEN_SIZE_MIN_PREFER_FIXED(MatrixType::MaxRowsAtCompileTime,
      |                                                        ^
   50 |                                                                               MatrixType::MaxColsAtCompileTime)
      |                                                                               ~~~~~~~~~~~~~~~~~~~~~~~~~~~~~~~~
/scratch/tacc/apps/intel19/eigen/3.4.0/include/eigen3/Eigen/src/Core/util/Macros.h:1306:31: note: expanded from macro 'EIGEN_SIZE_MIN_PREFER_FIXED'
 1306 |                            : ((int)b == Dynamic) ? (int)a \
      |                               ^    ~
In file included from chemistrySolver/canteraChemistrySolvers.C:27:
In file included from lnInclude/canteraChemistryModel.H:209:
In file included from lnInclude/canteraChemistryModelI.H:35:
In file included from /work/09629/m_hland10/ls6/cantera/include/cantera/kinetics/Kinetics.h:14:
In file included from /work/09629/m_hland10/ls6/cantera/include/cantera/kinetics/StoichManager.h:11:
In file included from /work/09629/m_hland10/ls6/cantera/include/cantera/numerics/eigen_sparse.h:12:
In file included from /scratch/tacc/apps/intel19/eigen/3.4.0/include/eigen3/Eigen/Sparse:26:
In file included from /scratch/tacc/apps/intel19/eigen/3.4.0/include/eigen3/Eigen/SparseCore:11:
In file included from /scratch/tacc/apps/intel19/eigen/3.4.0/include/eigen3/Eigen/Core:315:
/scratch/tacc/apps/intel19/eigen/3.4.0/include/eigen3/Eigen/src/Core/Diagonal.h:49:56: warning: use of old-style cast [-Wold-style-cast]
   49 |                          : DiagIndex == DynamicIndex ? EIGEN_SIZE_MIN_PREFER_FIXED(MatrixType::MaxRowsAtCompileTime,
      |                                                        ^                           ~~~~~~~~~~~~~~~~~~~~~~~~~~~~~~~~
/scratch/tacc/apps/intel19/eigen/3.4.0/include/eigen3/Eigen/src/Core/util/Macros.h:1306:52: note: expanded from macro 'EIGEN_SIZE_MIN_PREFER_FIXED'
 1306 |                            : ((int)b == Dynamic) ? (int)a \
      |                                                    ^    ~
In file included from chemistrySolver/canteraChemistrySolvers.C:27:
In file included from lnInclude/canteraChemistryModel.H:209:
In file included from lnInclude/canteraChemistryModelI.H:35:
In file included from /work/09629/m_hland10/ls6/cantera/include/cantera/kinetics/Kinetics.h:14:
In file included from /work/09629/m_hland10/ls6/cantera/include/cantera/kinetics/StoichManager.h:11:
In file included from /work/09629/m_hland10/ls6/cantera/include/cantera/numerics/eigen_sparse.h:12:
In file included from /scratch/tacc/apps/intel19/eigen/3.4.0/include/eigen3/Eigen/Sparse:26:
In file included from /scratch/tacc/apps/intel19/eigen/3.4.0/include/eigen3/Eigen/SparseCore:11:
In file included from /scratch/tacc/apps/intel19/eigen/3.4.0/include/eigen3/Eigen/Core:315:
/scratch/tacc/apps/intel19/eigen/3.4.0/include/eigen3/Eigen/src/Core/Diagonal.h:49:56: warning: use of old-style cast [-Wold-style-cast]
   49 |                          : DiagIndex == DynamicIndex ? EIGEN_SIZE_MIN_PREFER_FIXED(MatrixType::MaxRowsAtCompileTime,
      |                                                        ^                           ~~~~~~~~~~~~~~~~~~~~~~~~~~~~~~~~
/scratch/tacc/apps/intel19/eigen/3.4.0/include/eigen3/Eigen/src/Core/util/Macros.h:1307:31: note: expanded from macro 'EIGEN_SIZE_MIN_PREFER_FIXED'
 1307 |                            : ((int)a <= (int)b) ? (int)a : (int)b)
      |                               ^    ~
In file included from chemistrySolver/canteraChemistrySolvers.C:27:
In file included from lnInclude/canteraChemistryModel.H:209:
In file included from lnInclude/canteraChemistryModelI.H:35:
In file included from /work/09629/m_hland10/ls6/cantera/include/cantera/kinetics/Kinetics.h:14:
In file included from /work/09629/m_hland10/ls6/cantera/include/cantera/kinetics/StoichManager.h:11:
In file included from /work/09629/m_hland10/ls6/cantera/include/cantera/numerics/eigen_sparse.h:12:
In file included from /scratch/tacc/apps/intel19/eigen/3.4.0/include/eigen3/Eigen/Sparse:26:
In file included from /scratch/tacc/apps/intel19/eigen/3.4.0/include/eigen3/Eigen/SparseCore:11:
In file included from /scratch/tacc/apps/intel19/eigen/3.4.0/include/eigen3/Eigen/Core:315:
/scratch/tacc/apps/intel19/eigen/3.4.0/include/eigen3/Eigen/src/Core/Diagonal.h:49:56: warning: use of old-style cast [-Wold-style-cast]
   49 |                          : DiagIndex == DynamicIndex ? EIGEN_SIZE_MIN_PREFER_FIXED(MatrixType::MaxRowsAtCompileTime,
      |                                                        ^
   50 |                                                                               MatrixType::MaxColsAtCompileTime)
      |                                                                               ~~~~~~~~~~~~~~~~~~~~~~~~~~~~~~~~
/scratch/tacc/apps/intel19/eigen/3.4.0/include/eigen3/Eigen/src/Core/util/Macros.h:1307:41: note: expanded from macro 'EIGEN_SIZE_MIN_PREFER_FIXED'
 1307 |                            : ((int)a <= (int)b) ? (int)a : (int)b)
      |                                         ^    ~
In file included from chemistrySolver/canteraChemistrySolvers.C:27:
In file included from lnInclude/canteraChemistryModel.H:209:
In file included from lnInclude/canteraChemistryModelI.H:35:
In file included from /work/09629/m_hland10/ls6/cantera/include/cantera/kinetics/Kinetics.h:14:
In file included from /work/09629/m_hland10/ls6/cantera/include/cantera/kinetics/StoichManager.h:11:
In file included from /work/09629/m_hland10/ls6/cantera/include/cantera/numerics/eigen_sparse.h:12:
In file included from /scratch/tacc/apps/intel19/eigen/3.4.0/include/eigen3/Eigen/Sparse:26:
In file included from /scratch/tacc/apps/intel19/eigen/3.4.0/include/eigen3/Eigen/SparseCore:11:
In file included from /scratch/tacc/apps/intel19/eigen/3.4.0/include/eigen3/Eigen/Core:315:
/scratch/tacc/apps/intel19/eigen/3.4.0/include/eigen3/Eigen/src/Core/Diagonal.h:49:56: warning: use of old-style cast [-Wold-style-cast]
   49 |                          : DiagIndex == DynamicIndex ? EIGEN_SIZE_MIN_PREFER_FIXED(MatrixType::MaxRowsAtCompileTime,
      |                                                        ^                           ~~~~~~~~~~~~~~~~~~~~~~~~~~~~~~~~
/scratch/tacc/apps/intel19/eigen/3.4.0/include/eigen3/Eigen/src/Core/util/Macros.h:1307:51: note: expanded from macro 'EIGEN_SIZE_MIN_PREFER_FIXED'
 1307 |                            : ((int)a <= (int)b) ? (int)a : (int)b)
      |                                                   ^    ~
In file included from chemistrySolver/canteraChemistrySolvers.C:27:
In file included from lnInclude/canteraChemistryModel.H:209:
In file included from lnInclude/canteraChemistryModelI.H:35:
In file included from /work/09629/m_hland10/ls6/cantera/include/cantera/kinetics/Kinetics.h:14:
In file included from /work/09629/m_hland10/ls6/cantera/include/cantera/kinetics/StoichManager.h:11:
In file included from /work/09629/m_hland10/ls6/cantera/include/cantera/numerics/eigen_sparse.h:12:
In file included from /scratch/tacc/apps/intel19/eigen/3.4.0/include/eigen3/Eigen/Sparse:26:
In file included from /scratch/tacc/apps/intel19/eigen/3.4.0/include/eigen3/Eigen/SparseCore:11:
In file included from /scratch/tacc/apps/intel19/eigen/3.4.0/include/eigen3/Eigen/Core:315:
/scratch/tacc/apps/intel19/eigen/3.4.0/include/eigen3/Eigen/src/Core/Diagonal.h:49:56: warning: use of old-style cast [-Wold-style-cast]
   49 |                          : DiagIndex == DynamicIndex ? EIGEN_SIZE_MIN_PREFER_FIXED(MatrixType::MaxRowsAtCompileTime,
      |                                                        ^
   50 |                                                                               MatrixType::MaxColsAtCompileTime)
      |                                                                               ~~~~~~~~~~~~~~~~~~~~~~~~~~~~~~~~
/scratch/tacc/apps/intel19/eigen/3.4.0/include/eigen3/Eigen/src/Core/util/Macros.h:1307:60: note: expanded from macro 'EIGEN_SIZE_MIN_PREFER_FIXED'
 1307 |                            : ((int)a <= (int)b) ? (int)a : (int)b)
      |                                                            ^    ~
In file included from chemistrySolver/canteraChemistrySolvers.C:27:
In file included from lnInclude/canteraChemistryModel.H:209:
In file included from lnInclude/canteraChemistryModelI.H:35:
In file included from /work/09629/m_hland10/ls6/cantera/include/cantera/kinetics/Kinetics.h:14:
In file included from /work/09629/m_hland10/ls6/cantera/include/cantera/kinetics/StoichManager.h:11:
In file included from /work/09629/m_hland10/ls6/cantera/include/cantera/numerics/eigen_sparse.h:12:
In file included from /scratch/tacc/apps/intel19/eigen/3.4.0/include/eigen3/Eigen/Sparse:26:
In file included from /scratch/tacc/apps/intel19/eigen/3.4.0/include/eigen3/Eigen/SparseCore:11:
In file included from /scratch/tacc/apps/intel19/eigen/3.4.0/include/eigen3/Eigen/Core:315:
/scratch/tacc/apps/intel19/eigen/3.4.0/include/eigen3/Eigen/src/Core/Diagonal.h:51:29: warning: use of old-style cast [-Wold-style-cast]
   51 |                          : (EIGEN_PLAIN_ENUM_MIN(MatrixType::MaxRowsAtCompileTime - EIGEN_PLAIN_ENUM_MAX(-DiagIndex, 0),
      |                             ^                    ~~~~~~~~~~~~~~~~~~~~~~~~~~~~~~~~
/scratch/tacc/apps/intel19/eigen/3.4.0/include/eigen3/Eigen/src/Core/util/Macros.h:1288:37: note: expanded from macro 'EIGEN_PLAIN_ENUM_MIN'
 1288 | #define EIGEN_PLAIN_ENUM_MIN(a,b) (((int)a <= (int)b) ? (int)a : (int)b)
      |                                     ^    ~
In file included from chemistrySolver/canteraChemistrySolvers.C:27:
In file included from lnInclude/canteraChemistryModel.H:209:
In file included from lnInclude/canteraChemistryModelI.H:35:
In file included from /work/09629/m_hland10/ls6/cantera/include/cantera/kinetics/Kinetics.h:14:
In file included from /work/09629/m_hland10/ls6/cantera/include/cantera/kinetics/StoichManager.h:11:
In file included from /work/09629/m_hland10/ls6/cantera/include/cantera/numerics/eigen_sparse.h:12:
In file included from /scratch/tacc/apps/intel19/eigen/3.4.0/include/eigen3/Eigen/Sparse:26:
In file included from /scratch/tacc/apps/intel19/eigen/3.4.0/include/eigen3/Eigen/SparseCore:11:
In file included from /scratch/tacc/apps/intel19/eigen/3.4.0/include/eigen3/Eigen/Core:315:
/scratch/tacc/apps/intel19/eigen/3.4.0/include/eigen3/Eigen/src/Core/Diagonal.h:51:85: warning: use of old-style cast [-Wold-style-cast]
   51 |                          : (EIGEN_PLAIN_ENUM_MIN(MatrixType::MaxRowsAtCompileTime - EIGEN_PLAIN_ENUM_MAX(-DiagIndex, 0),
      |                                                                                     ^                    ~~~~~~~~~~
/scratch/tacc/apps/intel19/eigen/3.4.0/include/eigen3/Eigen/src/Core/util/Macros.h:1289:37: note: expanded from macro 'EIGEN_PLAIN_ENUM_MAX'
 1289 | #define EIGEN_PLAIN_ENUM_MAX(a,b) (((int)a >= (int)b) ? (int)a : (int)b)
      |                                     ^    ~
/scratch/tacc/apps/intel19/eigen/3.4.0/include/eigen3/Eigen/src/Core/util/Macros.h:1288:42: note: expanded from macro 'EIGEN_PLAIN_ENUM_MIN'
 1288 | #define EIGEN_PLAIN_ENUM_MIN(a,b) (((int)a <= (int)b) ? (int)a : (int)b)
      |                                          ^
In file included from chemistrySolver/canteraChemistrySolvers.C:27:
In file included from lnInclude/canteraChemistryModel.H:209:
In file included from lnInclude/canteraChemistryModelI.H:35:
In file included from /work/09629/m_hland10/ls6/cantera/include/cantera/kinetics/Kinetics.h:14:
In file included from /work/09629/m_hland10/ls6/cantera/include/cantera/kinetics/StoichManager.h:11:
In file included from /work/09629/m_hland10/ls6/cantera/include/cantera/numerics/eigen_sparse.h:12:
In file included from /scratch/tacc/apps/intel19/eigen/3.4.0/include/eigen3/Eigen/Sparse:26:
In file included from /scratch/tacc/apps/intel19/eigen/3.4.0/include/eigen3/Eigen/SparseCore:11:
In file included from /scratch/tacc/apps/intel19/eigen/3.4.0/include/eigen3/Eigen/Core:315:
/scratch/tacc/apps/intel19/eigen/3.4.0/include/eigen3/Eigen/src/Core/Diagonal.h:51:85: warning: use of old-style cast [-Wold-style-cast]
   51 |                          : (EIGEN_PLAIN_ENUM_MIN(MatrixType::MaxRowsAtCompileTime - EIGEN_PLAIN_ENUM_MAX(-DiagIndex, 0),
      |                                                                                     ^                                ~
/scratch/tacc/apps/intel19/eigen/3.4.0/include/eigen3/Eigen/src/Core/util/Macros.h:1289:47: note: expanded from macro 'EIGEN_PLAIN_ENUM_MAX'
 1289 | #define EIGEN_PLAIN_ENUM_MAX(a,b) (((int)a >= (int)b) ? (int)a : (int)b)
      |                                               ^    ~
/scratch/tacc/apps/intel19/eigen/3.4.0/include/eigen3/Eigen/src/Core/util/Macros.h:1288:42: note: expanded from macro 'EIGEN_PLAIN_ENUM_MIN'
 1288 | #define EIGEN_PLAIN_ENUM_MIN(a,b) (((int)a <= (int)b) ? (int)a : (int)b)
      |                                          ^
In file included from chemistrySolver/canteraChemistrySolvers.C:27:
In file included from lnInclude/canteraChemistryModel.H:209:
In file included from lnInclude/canteraChemistryModelI.H:35:
In file included from /work/09629/m_hland10/ls6/cantera/include/cantera/kinetics/Kinetics.h:14:
In file included from /work/09629/m_hland10/ls6/cantera/include/cantera/kinetics/StoichManager.h:11:
In file included from /work/09629/m_hland10/ls6/cantera/include/cantera/numerics/eigen_sparse.h:12:
In file included from /scratch/tacc/apps/intel19/eigen/3.4.0/include/eigen3/Eigen/Sparse:26:
In file included from /scratch/tacc/apps/intel19/eigen/3.4.0/include/eigen3/Eigen/SparseCore:11:
In file included from /scratch/tacc/apps/intel19/eigen/3.4.0/include/eigen3/Eigen/Core:315:
/scratch/tacc/apps/intel19/eigen/3.4.0/include/eigen3/Eigen/src/Core/Diagonal.h:51:85: warning: use of old-style cast [-Wold-style-cast]
   51 |                          : (EIGEN_PLAIN_ENUM_MIN(MatrixType::MaxRowsAtCompileTime - EIGEN_PLAIN_ENUM_MAX(-DiagIndex, 0),
      |                                                                                     ^                    ~~~~~~~~~~
/scratch/tacc/apps/intel19/eigen/3.4.0/include/eigen3/Eigen/src/Core/util/Macros.h:1289:57: note: expanded from macro 'EIGEN_PLAIN_ENUM_MAX'
 1289 | #define EIGEN_PLAIN_ENUM_MAX(a,b) (((int)a >= (int)b) ? (int)a : (int)b)
      |                                                         ^    ~
/scratch/tacc/apps/intel19/eigen/3.4.0/include/eigen3/Eigen/src/Core/util/Macros.h:1288:42: note: expanded from macro 'EIGEN_PLAIN_ENUM_MIN'
 1288 | #define EIGEN_PLAIN_ENUM_MIN(a,b) (((int)a <= (int)b) ? (int)a : (int)b)
      |                                          ^
In file included from chemistrySolver/canteraChemistrySolvers.C:27:
In file included from lnInclude/canteraChemistryModel.H:209:
In file included from lnInclude/canteraChemistryModelI.H:35:
In file included from /work/09629/m_hland10/ls6/cantera/include/cantera/kinetics/Kinetics.h:14:
In file included from /work/09629/m_hland10/ls6/cantera/include/cantera/kinetics/StoichManager.h:11:
In file included from /work/09629/m_hland10/ls6/cantera/include/cantera/numerics/eigen_sparse.h:12:
In file included from /scratch/tacc/apps/intel19/eigen/3.4.0/include/eigen3/Eigen/Sparse:26:
In file included from /scratch/tacc/apps/intel19/eigen/3.4.0/include/eigen3/Eigen/SparseCore:11:
In file included from /scratch/tacc/apps/intel19/eigen/3.4.0/include/eigen3/Eigen/Core:315:
/scratch/tacc/apps/intel19/eigen/3.4.0/include/eigen3/Eigen/src/Core/Diagonal.h:51:85: warning: use of old-style cast [-Wold-style-cast]
   51 |                          : (EIGEN_PLAIN_ENUM_MIN(MatrixType::MaxRowsAtCompileTime - EIGEN_PLAIN_ENUM_MAX(-DiagIndex, 0),
      |                                                                                     ^                                ~
/scratch/tacc/apps/intel19/eigen/3.4.0/include/eigen3/Eigen/src/Core/util/Macros.h:1289:66: note: expanded from macro 'EIGEN_PLAIN_ENUM_MAX'
 1289 | #define EIGEN_PLAIN_ENUM_MAX(a,b) (((int)a >= (int)b) ? (int)a : (int)b)
      |                                                                  ^    ~
/scratch/tacc/apps/intel19/eigen/3.4.0/include/eigen3/Eigen/src/Core/util/Macros.h:1288:42: note: expanded from macro 'EIGEN_PLAIN_ENUM_MIN'
 1288 | #define EIGEN_PLAIN_ENUM_MIN(a,b) (((int)a <= (int)b) ? (int)a : (int)b)
      |                                          ^
In file included from chemistrySolver/canteraChemistrySolvers.C:27:
In file included from lnInclude/canteraChemistryModel.H:209:
In file included from lnInclude/canteraChemistryModelI.H:35:
In file included from /work/09629/m_hland10/ls6/cantera/include/cantera/kinetics/Kinetics.h:14:
In file included from /work/09629/m_hland10/ls6/cantera/include/cantera/kinetics/StoichManager.h:11:
In file included from /work/09629/m_hland10/ls6/cantera/include/cantera/numerics/eigen_sparse.h:12:
In file included from /scratch/tacc/apps/intel19/eigen/3.4.0/include/eigen3/Eigen/Sparse:26:
In file included from /scratch/tacc/apps/intel19/eigen/3.4.0/include/eigen3/Eigen/SparseCore:11:
In file included from /scratch/tacc/apps/intel19/eigen/3.4.0/include/eigen3/Eigen/Core:315:
/scratch/tacc/apps/intel19/eigen/3.4.0/include/eigen3/Eigen/src/Core/Diagonal.h:51:29: warning: use of old-style cast [-Wold-style-cast]
   51 |                          : (EIGEN_PLAIN_ENUM_MIN(MatrixType::MaxRowsAtCompileTime - EIGEN_PLAIN_ENUM_MAX(-DiagIndex, 0),
      |                             ^
   52 |                                                  MatrixType::MaxColsAtCompileTime - EIGEN_PLAIN_ENUM_MAX( DiagIndex, 0))),
      |                                                  ~~~~~~~~~~~~~~~~~~~~~~~~~~~~~~~~
/scratch/tacc/apps/intel19/eigen/3.4.0/include/eigen3/Eigen/src/Core/util/Macros.h:1288:47: note: expanded from macro 'EIGEN_PLAIN_ENUM_MIN'
 1288 | #define EIGEN_PLAIN_ENUM_MIN(a,b) (((int)a <= (int)b) ? (int)a : (int)b)
      |                                               ^    ~
In file included from chemistrySolver/canteraChemistrySolvers.C:27:
In file included from lnInclude/canteraChemistryModel.H:209:
In file included from lnInclude/canteraChemistryModelI.H:35:
In file included from /work/09629/m_hland10/ls6/cantera/include/cantera/kinetics/Kinetics.h:14:
In file included from /work/09629/m_hland10/ls6/cantera/include/cantera/kinetics/StoichManager.h:11:
In file included from /work/09629/m_hland10/ls6/cantera/include/cantera/numerics/eigen_sparse.h:12:
In file included from /scratch/tacc/apps/intel19/eigen/3.4.0/include/eigen3/Eigen/Sparse:26:
In file included from /scratch/tacc/apps/intel19/eigen/3.4.0/include/eigen3/Eigen/SparseCore:11:
In file included from /scratch/tacc/apps/intel19/eigen/3.4.0/include/eigen3/Eigen/Core:315:
/scratch/tacc/apps/intel19/eigen/3.4.0/include/eigen3/Eigen/src/Core/Diagonal.h:52:85: warning: use of old-style cast [-Wold-style-cast]
   52 |                                                  MatrixType::MaxColsAtCompileTime - EIGEN_PLAIN_ENUM_MAX( DiagIndex, 0))),
      |                                                                                     ^                     ~~~~~~~~~
/scratch/tacc/apps/intel19/eigen/3.4.0/include/eigen3/Eigen/src/Core/util/Macros.h:1289:37: note: expanded from macro 'EIGEN_PLAIN_ENUM_MAX'
 1289 | #define EIGEN_PLAIN_ENUM_MAX(a,b) (((int)a >= (int)b) ? (int)a : (int)b)
      |                                     ^    ~
/scratch/tacc/apps/intel19/eigen/3.4.0/include/eigen3/Eigen/src/Core/util/Macros.h:1288:52: note: expanded from macro 'EIGEN_PLAIN_ENUM_MIN'
 1288 | #define EIGEN_PLAIN_ENUM_MIN(a,b) (((int)a <= (int)b) ? (int)a : (int)b)
      |                                                    ^
In file included from chemistrySolver/canteraChemistrySolvers.C:27:
In file included from lnInclude/canteraChemistryModel.H:209:
In file included from lnInclude/canteraChemistryModelI.H:35:
In file included from /work/09629/m_hland10/ls6/cantera/include/cantera/kinetics/Kinetics.h:14:
In file included from /work/09629/m_hland10/ls6/cantera/include/cantera/kinetics/StoichManager.h:11:
In file included from /work/09629/m_hland10/ls6/cantera/include/cantera/numerics/eigen_sparse.h:12:
In file included from /scratch/tacc/apps/intel19/eigen/3.4.0/include/eigen3/Eigen/Sparse:26:
In file included from /scratch/tacc/apps/intel19/eigen/3.4.0/include/eigen3/Eigen/SparseCore:11:
In file included from /scratch/tacc/apps/intel19/eigen/3.4.0/include/eigen3/Eigen/Core:315:
/scratch/tacc/apps/intel19/eigen/3.4.0/include/eigen3/Eigen/src/Core/Diagonal.h:52:85: warning: use of old-style cast [-Wold-style-cast]
   52 |                                                  MatrixType::MaxColsAtCompileTime - EIGEN_PLAIN_ENUM_MAX( DiagIndex, 0))),
      |                                                                                     ^                                ~
/scratch/tacc/apps/intel19/eigen/3.4.0/include/eigen3/Eigen/src/Core/util/Macros.h:1289:47: note: expanded from macro 'EIGEN_PLAIN_ENUM_MAX'
 1289 | #define EIGEN_PLAIN_ENUM_MAX(a,b) (((int)a >= (int)b) ? (int)a : (int)b)
      |                                               ^    ~
/scratch/tacc/apps/intel19/eigen/3.4.0/include/eigen3/Eigen/src/Core/util/Macros.h:1288:52: note: expanded from macro 'EIGEN_PLAIN_ENUM_MIN'
 1288 | #define EIGEN_PLAIN_ENUM_MIN(a,b) (((int)a <= (int)b) ? (int)a : (int)b)
      |                                                    ^
In file included from chemistrySolver/canteraChemistrySolvers.C:27:
In file included from lnInclude/canteraChemistryModel.H:209:
In file included from lnInclude/canteraChemistryModelI.H:35:
In file included from /work/09629/m_hland10/ls6/cantera/include/cantera/kinetics/Kinetics.h:14:
In file included from /work/09629/m_hland10/ls6/cantera/include/cantera/kinetics/StoichManager.h:11:
In file included from /work/09629/m_hland10/ls6/cantera/include/cantera/numerics/eigen_sparse.h:12:
In file included from /scratch/tacc/apps/intel19/eigen/3.4.0/include/eigen3/Eigen/Sparse:26:
In file included from /scratch/tacc/apps/intel19/eigen/3.4.0/include/eigen3/Eigen/SparseCore:11:
In file included from /scratch/tacc/apps/intel19/eigen/3.4.0/include/eigen3/Eigen/Core:315:
/scratch/tacc/apps/intel19/eigen/3.4.0/include/eigen3/Eigen/src/Core/Diagonal.h:52:85: warning: use of old-style cast [-Wold-style-cast]
   52 |                                                  MatrixType::MaxColsAtCompileTime - EIGEN_PLAIN_ENUM_MAX( DiagIndex, 0))),
      |                                                                                     ^                     ~~~~~~~~~
/scratch/tacc/apps/intel19/eigen/3.4.0/include/eigen3/Eigen/src/Core/util/Macros.h:1289:57: note: expanded from macro 'EIGEN_PLAIN_ENUM_MAX'
 1289 | #define EIGEN_PLAIN_ENUM_MAX(a,b) (((int)a >= (int)b) ? (int)a : (int)b)
      |                                                         ^    ~
/scratch/tacc/apps/intel19/eigen/3.4.0/include/eigen3/Eigen/src/Core/util/Macros.h:1288:52: note: expanded from macro 'EIGEN_PLAIN_ENUM_MIN'
 1288 | #define EIGEN_PLAIN_ENUM_MIN(a,b) (((int)a <= (int)b) ? (int)a : (int)b)
      |                                                    ^
In file included from chemistrySolver/canteraChemistrySolvers.C:27:
In file included from lnInclude/canteraChemistryModel.H:209:
In file included from lnInclude/canteraChemistryModelI.H:35:
In file included from /work/09629/m_hland10/ls6/cantera/include/cantera/kinetics/Kinetics.h:14:
In file included from /work/09629/m_hland10/ls6/cantera/include/cantera/kinetics/StoichManager.h:11:
In file included from /work/09629/m_hland10/ls6/cantera/include/cantera/numerics/eigen_sparse.h:12:
In file included from /scratch/tacc/apps/intel19/eigen/3.4.0/include/eigen3/Eigen/Sparse:26:
In file included from /scratch/tacc/apps/intel19/eigen/3.4.0/include/eigen3/Eigen/SparseCore:11:
In file included from /scratch/tacc/apps/intel19/eigen/3.4.0/include/eigen3/Eigen/Core:315:
/scratch/tacc/apps/intel19/eigen/3.4.0/include/eigen3/Eigen/src/Core/Diagonal.h:52:85: warning: use of old-style cast [-Wold-style-cast]
   52 |                                                  MatrixType::MaxColsAtCompileTime - EIGEN_PLAIN_ENUM_MAX( DiagIndex, 0))),
      |                                                                                     ^                                ~
/scratch/tacc/apps/intel19/eigen/3.4.0/include/eigen3/Eigen/src/Core/util/Macros.h:1289:66: note: expanded from macro 'EIGEN_PLAIN_ENUM_MAX'
 1289 | #define EIGEN_PLAIN_ENUM_MAX(a,b) (((int)a >= (int)b) ? (int)a : (int)b)
      |                                                                  ^    ~
/scratch/tacc/apps/intel19/eigen/3.4.0/include/eigen3/Eigen/src/Core/util/Macros.h:1288:52: note: expanded from macro 'EIGEN_PLAIN_ENUM_MIN'
 1288 | #define EIGEN_PLAIN_ENUM_MIN(a,b) (((int)a <= (int)b) ? (int)a : (int)b)
      |                                                    ^
In file included from chemistrySolver/canteraChemistrySolvers.C:27:
In file included from lnInclude/canteraChemistryModel.H:209:
In file included from lnInclude/canteraChemistryModelI.H:35:
In file included from /work/09629/m_hland10/ls6/cantera/include/cantera/kinetics/Kinetics.h:14:
In file included from /work/09629/m_hland10/ls6/cantera/include/cantera/kinetics/StoichManager.h:11:
In file included from /work/09629/m_hland10/ls6/cantera/include/cantera/numerics/eigen_sparse.h:12:
In file included from /scratch/tacc/apps/intel19/eigen/3.4.0/include/eigen3/Eigen/Sparse:26:
In file included from /scratch/tacc/apps/intel19/eigen/3.4.0/include/eigen3/Eigen/SparseCore:11:
In file included from /scratch/tacc/apps/intel19/eigen/3.4.0/include/eigen3/Eigen/Core:315:
/scratch/tacc/apps/intel19/eigen/3.4.0/include/eigen3/Eigen/src/Core/Diagonal.h:51:29: warning: use of old-style cast [-Wold-style-cast]
   51 |                          : (EIGEN_PLAIN_ENUM_MIN(MatrixType::MaxRowsAtCompileTime - EIGEN_PLAIN_ENUM_MAX(-DiagIndex, 0),
      |                             ^                    ~~~~~~~~~~~~~~~~~~~~~~~~~~~~~~~~
/scratch/tacc/apps/intel19/eigen/3.4.0/include/eigen3/Eigen/src/Core/util/Macros.h:1288:57: note: expanded from macro 'EIGEN_PLAIN_ENUM_MIN'
 1288 | #define EIGEN_PLAIN_ENUM_MIN(a,b) (((int)a <= (int)b) ? (int)a : (int)b)
      |                                                         ^    ~
In file included from chemistrySolver/canteraChemistrySolvers.C:27:
In file included from lnInclude/canteraChemistryModel.H:209:
In file included from lnInclude/canteraChemistryModelI.H:35:
In file included from /work/09629/m_hland10/ls6/cantera/include/cantera/kinetics/Kinetics.h:14:
In file included from /work/09629/m_hland10/ls6/cantera/include/cantera/kinetics/StoichManager.h:11:
In file included from /work/09629/m_hland10/ls6/cantera/include/cantera/numerics/eigen_sparse.h:12:
In file included from /scratch/tacc/apps/intel19/eigen/3.4.0/include/eigen3/Eigen/Sparse:26:
In file included from /scratch/tacc/apps/intel19/eigen/3.4.0/include/eigen3/Eigen/SparseCore:11:
In file included from /scratch/tacc/apps/intel19/eigen/3.4.0/include/eigen3/Eigen/Core:315:
/scratch/tacc/apps/intel19/eigen/3.4.0/include/eigen3/Eigen/src/Core/Diagonal.h:51:85: warning: use of old-style cast [-Wold-style-cast]
   51 |                          : (EIGEN_PLAIN_ENUM_MIN(MatrixType::MaxRowsAtCompileTime - EIGEN_PLAIN_ENUM_MAX(-DiagIndex, 0),
      |                                                                                     ^                    ~~~~~~~~~~
/scratch/tacc/apps/intel19/eigen/3.4.0/include/eigen3/Eigen/src/Core/util/Macros.h:1289:37: note: expanded from macro 'EIGEN_PLAIN_ENUM_MAX'
 1289 | #define EIGEN_PLAIN_ENUM_MAX(a,b) (((int)a >= (int)b) ? (int)a : (int)b)
      |                                     ^    ~
/scratch/tacc/apps/intel19/eigen/3.4.0/include/eigen3/Eigen/src/Core/util/Macros.h:1288:62: note: expanded from macro 'EIGEN_PLAIN_ENUM_MIN'
 1288 | #define EIGEN_PLAIN_ENUM_MIN(a,b) (((int)a <= (int)b) ? (int)a : (int)b)
      |                                                              ^
In file included from chemistrySolver/canteraChemistrySolvers.C:27:
In file included from lnInclude/canteraChemistryModel.H:209:
In file included from lnInclude/canteraChemistryModelI.H:35:
In file included from /work/09629/m_hland10/ls6/cantera/include/cantera/kinetics/Kinetics.h:14:
In file included from /work/09629/m_hland10/ls6/cantera/include/cantera/kinetics/StoichManager.h:11:
In file included from /work/09629/m_hland10/ls6/cantera/include/cantera/numerics/eigen_sparse.h:12:
In file included from /scratch/tacc/apps/intel19/eigen/3.4.0/include/eigen3/Eigen/Sparse:26:
In file included from /scratch/tacc/apps/intel19/eigen/3.4.0/include/eigen3/Eigen/SparseCore:11:
In file included from /scratch/tacc/apps/intel19/eigen/3.4.0/include/eigen3/Eigen/Core:315:
/scratch/tacc/apps/intel19/eigen/3.4.0/include/eigen3/Eigen/src/Core/Diagonal.h:51:85: warning: use of old-style cast [-Wold-style-cast]
   51 |                          : (EIGEN_PLAIN_ENUM_MIN(MatrixType::MaxRowsAtCompileTime - EIGEN_PLAIN_ENUM_MAX(-DiagIndex, 0),
      |                                                                                     ^                                ~
/scratch/tacc/apps/intel19/eigen/3.4.0/include/eigen3/Eigen/src/Core/util/Macros.h:1289:47: note: expanded from macro 'EIGEN_PLAIN_ENUM_MAX'
 1289 | #define EIGEN_PLAIN_ENUM_MAX(a,b) (((int)a >= (int)b) ? (int)a : (int)b)
      |                                               ^    ~
/scratch/tacc/apps/intel19/eigen/3.4.0/include/eigen3/Eigen/src/Core/util/Macros.h:1288:62: note: expanded from macro 'EIGEN_PLAIN_ENUM_MIN'
 1288 | #define EIGEN_PLAIN_ENUM_MIN(a,b) (((int)a <= (int)b) ? (int)a : (int)b)
      |                                                              ^
In file included from chemistrySolver/canteraChemistrySolvers.C:27:
In file included from lnInclude/canteraChemistryModel.H:209:
In file included from lnInclude/canteraChemistryModelI.H:35:
In file included from /work/09629/m_hland10/ls6/cantera/include/cantera/kinetics/Kinetics.h:14:
In file included from /work/09629/m_hland10/ls6/cantera/include/cantera/kinetics/StoichManager.h:11:
In file included from /work/09629/m_hland10/ls6/cantera/include/cantera/numerics/eigen_sparse.h:12:
In file included from /scratch/tacc/apps/intel19/eigen/3.4.0/include/eigen3/Eigen/Sparse:26:
In file included from /scratch/tacc/apps/intel19/eigen/3.4.0/include/eigen3/Eigen/SparseCore:11:
In file included from /scratch/tacc/apps/intel19/eigen/3.4.0/include/eigen3/Eigen/Core:315:
/scratch/tacc/apps/intel19/eigen/3.4.0/include/eigen3/Eigen/src/Core/Diagonal.h:51:85: warning: use of old-style cast [-Wold-style-cast]
   51 |                          : (EIGEN_PLAIN_ENUM_MIN(MatrixType::MaxRowsAtCompileTime - EIGEN_PLAIN_ENUM_MAX(-DiagIndex, 0),
      |                                                                                     ^                    ~~~~~~~~~~
/scratch/tacc/apps/intel19/eigen/3.4.0/include/eigen3/Eigen/src/Core/util/Macros.h:1289:57: note: expanded from macro 'EIGEN_PLAIN_ENUM_MAX'
 1289 | #define EIGEN_PLAIN_ENUM_MAX(a,b) (((int)a >= (int)b) ? (int)a : (int)b)
      |                                                         ^    ~
/scratch/tacc/apps/intel19/eigen/3.4.0/include/eigen3/Eigen/src/Core/util/Macros.h:1288:62: note: expanded from macro 'EIGEN_PLAIN_ENUM_MIN'
 1288 | #define EIGEN_PLAIN_ENUM_MIN(a,b) (((int)a <= (int)b) ? (int)a : (int)b)
      |                                                              ^
In file included from chemistrySolver/canteraChemistrySolvers.C:27:
In file included from lnInclude/canteraChemistryModel.H:209:
In file included from lnInclude/canteraChemistryModelI.H:35:
In file included from /work/09629/m_hland10/ls6/cantera/include/cantera/kinetics/Kinetics.h:14:
In file included from /work/09629/m_hland10/ls6/cantera/include/cantera/kinetics/StoichManager.h:11:
In file included from /work/09629/m_hland10/ls6/cantera/include/cantera/numerics/eigen_sparse.h:12:
In file included from /scratch/tacc/apps/intel19/eigen/3.4.0/include/eigen3/Eigen/Sparse:26:
In file included from /scratch/tacc/apps/intel19/eigen/3.4.0/include/eigen3/Eigen/SparseCore:11:
In file included from /scratch/tacc/apps/intel19/eigen/3.4.0/include/eigen3/Eigen/Core:315:
/scratch/tacc/apps/intel19/eigen/3.4.0/include/eigen3/Eigen/src/Core/Diagonal.h:51:85: warning: use of old-style cast [-Wold-style-cast]
   51 |                          : (EIGEN_PLAIN_ENUM_MIN(MatrixType::MaxRowsAtCompileTime - EIGEN_PLAIN_ENUM_MAX(-DiagIndex, 0),
      |                                                                                     ^                                ~
/scratch/tacc/apps/intel19/eigen/3.4.0/include/eigen3/Eigen/src/Core/util/Macros.h:1289:66: note: expanded from macro 'EIGEN_PLAIN_ENUM_MAX'
 1289 | #define EIGEN_PLAIN_ENUM_MAX(a,b) (((int)a >= (int)b) ? (int)a : (int)b)
      |                                                                  ^    ~
/scratch/tacc/apps/intel19/eigen/3.4.0/include/eigen3/Eigen/src/Core/util/Macros.h:1288:62: note: expanded from macro 'EIGEN_PLAIN_ENUM_MIN'
 1288 | #define EIGEN_PLAIN_ENUM_MIN(a,b) (((int)a <= (int)b) ? (int)a : (int)b)
      |                                                              ^
In file included from chemistrySolver/canteraChemistrySolvers.C:27:
In file included from lnInclude/canteraChemistryModel.H:209:
In file included from lnInclude/canteraChemistryModelI.H:35:
In file included from /work/09629/m_hland10/ls6/cantera/include/cantera/kinetics/Kinetics.h:14:
In file included from /work/09629/m_hland10/ls6/cantera/include/cantera/kinetics/StoichManager.h:11:
In file included from /work/09629/m_hland10/ls6/cantera/include/cantera/numerics/eigen_sparse.h:12:
In file included from /scratch/tacc/apps/intel19/eigen/3.4.0/include/eigen3/Eigen/Sparse:26:
In file included from /scratch/tacc/apps/intel19/eigen/3.4.0/include/eigen3/Eigen/SparseCore:11:
In file included from /scratch/tacc/apps/intel19/eigen/3.4.0/include/eigen3/Eigen/Core:315:
/scratch/tacc/apps/intel19/eigen/3.4.0/include/eigen3/Eigen/src/Core/Diagonal.h:51:29: warning: use of old-style cast [-Wold-style-cast]
   51 |                          : (EIGEN_PLAIN_ENUM_MIN(MatrixType::MaxRowsAtCompileTime - EIGEN_PLAIN_ENUM_MAX(-DiagIndex, 0),
      |                             ^
   52 |                                                  MatrixType::MaxColsAtCompileTime - EIGEN_PLAIN_ENUM_MAX( DiagIndex, 0))),
      |                                                  ~~~~~~~~~~~~~~~~~~~~~~~~~~~~~~~~
/scratch/tacc/apps/intel19/eigen/3.4.0/include/eigen3/Eigen/src/Core/util/Macros.h:1288:66: note: expanded from macro 'EIGEN_PLAIN_ENUM_MIN'
 1288 | #define EIGEN_PLAIN_ENUM_MIN(a,b) (((int)a <= (int)b) ? (int)a : (int)b)
      |                                                                  ^    ~
In file included from chemistrySolver/canteraChemistrySolvers.C:27:
In file included from lnInclude/canteraChemistryModel.H:209:
In file included from lnInclude/canteraChemistryModelI.H:35:
In file included from /work/09629/m_hland10/ls6/cantera/include/cantera/kinetics/Kinetics.h:14:
In file included from /work/09629/m_hland10/ls6/cantera/include/cantera/kinetics/StoichManager.h:11:
In file included from /work/09629/m_hland10/ls6/cantera/include/cantera/numerics/eigen_sparse.h:12:
In file included from /scratch/tacc/apps/intel19/eigen/3.4.0/include/eigen3/Eigen/Sparse:26:
In file included from /scratch/tacc/apps/intel19/eigen/3.4.0/include/eigen3/Eigen/SparseCore:11:
In file included from /scratch/tacc/apps/intel19/eigen/3.4.0/include/eigen3/Eigen/Core:315:
/scratch/tacc/apps/intel19/eigen/3.4.0/include/eigen3/Eigen/src/Core/Diagonal.h:52:85: warning: use of old-style cast [-Wold-style-cast]
   52 |                                                  MatrixType::MaxColsAtCompileTime - EIGEN_PLAIN_ENUM_MAX( DiagIndex, 0))),
      |                                                                                     ^                     ~~~~~~~~~
/scratch/tacc/apps/intel19/eigen/3.4.0/include/eigen3/Eigen/src/Core/util/Macros.h:1289:37: note: expanded from macro 'EIGEN_PLAIN_ENUM_MAX'
 1289 | #define EIGEN_PLAIN_ENUM_MAX(a,b) (((int)a >= (int)b) ? (int)a : (int)b)
      |                                     ^    ~
/scratch/tacc/apps/intel19/eigen/3.4.0/include/eigen3/Eigen/src/Core/util/Macros.h:1288:71: note: expanded from macro 'EIGEN_PLAIN_ENUM_MIN'
 1288 | #define EIGEN_PLAIN_ENUM_MIN(a,b) (((int)a <= (int)b) ? (int)a : (int)b)
      |                                                                       ^
In file included from chemistrySolver/canteraChemistrySolvers.C:27:
In file included from lnInclude/canteraChemistryModel.H:209:
In file included from lnInclude/canteraChemistryModelI.H:35:
In file included from /work/09629/m_hland10/ls6/cantera/include/cantera/kinetics/Kinetics.h:14:
In file included from /work/09629/m_hland10/ls6/cantera/include/cantera/kinetics/StoichManager.h:11:
In file included from /work/09629/m_hland10/ls6/cantera/include/cantera/numerics/eigen_sparse.h:12:
In file included from /scratch/tacc/apps/intel19/eigen/3.4.0/include/eigen3/Eigen/Sparse:26:
In file included from /scratch/tacc/apps/intel19/eigen/3.4.0/include/eigen3/Eigen/SparseCore:11:
In file included from /scratch/tacc/apps/intel19/eigen/3.4.0/include/eigen3/Eigen/Core:315:
/scratch/tacc/apps/intel19/eigen/3.4.0/include/eigen3/Eigen/src/Core/Diagonal.h:52:85: warning: use of old-style cast [-Wold-style-cast]
   52 |                                                  MatrixType::MaxColsAtCompileTime - EIGEN_PLAIN_ENUM_MAX( DiagIndex, 0))),
      |                                                                                     ^                                ~
/scratch/tacc/apps/intel19/eigen/3.4.0/include/eigen3/Eigen/src/Core/util/Macros.h:1289:47: note: expanded from macro 'EIGEN_PLAIN_ENUM_MAX'
 1289 | #define EIGEN_PLAIN_ENUM_MAX(a,b) (((int)a >= (int)b) ? (int)a : (int)b)
      |                                               ^    ~
/scratch/tacc/apps/intel19/eigen/3.4.0/include/eigen3/Eigen/src/Core/util/Macros.h:1288:71: note: expanded from macro 'EIGEN_PLAIN_ENUM_MIN'
 1288 | #define EIGEN_PLAIN_ENUM_MIN(a,b) (((int)a <= (int)b) ? (int)a : (int)b)
      |                                                                       ^
In file included from chemistrySolver/canteraChemistrySolvers.C:27:
In file included from lnInclude/canteraChemistryModel.H:209:
In file included from lnInclude/canteraChemistryModelI.H:35:
In file included from /work/09629/m_hland10/ls6/cantera/include/cantera/kinetics/Kinetics.h:14:
In file included from /work/09629/m_hland10/ls6/cantera/include/cantera/kinetics/StoichManager.h:11:
In file included from /work/09629/m_hland10/ls6/cantera/include/cantera/numerics/eigen_sparse.h:12:
In file included from /scratch/tacc/apps/intel19/eigen/3.4.0/include/eigen3/Eigen/Sparse:26:
In file included from /scratch/tacc/apps/intel19/eigen/3.4.0/include/eigen3/Eigen/SparseCore:11:
In file included from /scratch/tacc/apps/intel19/eigen/3.4.0/include/eigen3/Eigen/Core:315:
/scratch/tacc/apps/intel19/eigen/3.4.0/include/eigen3/Eigen/src/Core/Diagonal.h:52:85: warning: use of old-style cast [-Wold-style-cast]
   52 |                                                  MatrixType::MaxColsAtCompileTime - EIGEN_PLAIN_ENUM_MAX( DiagIndex, 0))),
      |                                                                                     ^                     ~~~~~~~~~
/scratch/tacc/apps/intel19/eigen/3.4.0/include/eigen3/Eigen/src/Core/util/Macros.h:1289:57: note: expanded from macro 'EIGEN_PLAIN_ENUM_MAX'
 1289 | #define EIGEN_PLAIN_ENUM_MAX(a,b) (((int)a >= (int)b) ? (int)a : (int)b)
      |                                                         ^    ~
/scratch/tacc/apps/intel19/eigen/3.4.0/include/eigen3/Eigen/src/Core/util/Macros.h:1288:71: note: expanded from macro 'EIGEN_PLAIN_ENUM_MIN'
 1288 | #define EIGEN_PLAIN_ENUM_MIN(a,b) (((int)a <= (int)b) ? (int)a : (int)b)
      |                                                                       ^
In file included from chemistrySolver/canteraChemistrySolvers.C:27:
In file included from lnInclude/canteraChemistryModel.H:209:
In file included from lnInclude/canteraChemistryModelI.H:35:
In file included from /work/09629/m_hland10/ls6/cantera/include/cantera/kinetics/Kinetics.h:14:
In file included from /work/09629/m_hland10/ls6/cantera/include/cantera/kinetics/StoichManager.h:11:
In file included from /work/09629/m_hland10/ls6/cantera/include/cantera/numerics/eigen_sparse.h:12:
In file included from /scratch/tacc/apps/intel19/eigen/3.4.0/include/eigen3/Eigen/Sparse:26:
In file included from /scratch/tacc/apps/intel19/eigen/3.4.0/include/eigen3/Eigen/SparseCore:11:
In file included from /scratch/tacc/apps/intel19/eigen/3.4.0/include/eigen3/Eigen/Core:315:
/scratch/tacc/apps/intel19/eigen/3.4.0/include/eigen3/Eigen/src/Core/Diagonal.h:52:85: warning: use of old-style cast [-Wold-style-cast]
   52 |                                                  MatrixType::MaxColsAtCompileTime - EIGEN_PLAIN_ENUM_MAX( DiagIndex, 0))),
      |                                                                                     ^                                ~
/scratch/tacc/apps/intel19/eigen/3.4.0/include/eigen3/Eigen/src/Core/util/Macros.h:1289:66: note: expanded from macro 'EIGEN_PLAIN_ENUM_MAX'
 1289 | #define EIGEN_PLAIN_ENUM_MAX(a,b) (((int)a >= (int)b) ? (int)a : (int)b)
      |                                                                  ^    ~
/scratch/tacc/apps/intel19/eigen/3.4.0/include/eigen3/Eigen/src/Core/util/Macros.h:1288:71: note: expanded from macro 'EIGEN_PLAIN_ENUM_MIN'
 1288 | #define EIGEN_PLAIN_ENUM_MIN(a,b) (((int)a <= (int)b) ? (int)a : (int)b)
      |                                                                       ^
In file included from chemistrySolver/canteraChemistrySolvers.C:27:
In file included from lnInclude/canteraChemistryModel.H:209:
In file included from lnInclude/canteraChemistryModelI.H:35:
In file included from /work/09629/m_hland10/ls6/cantera/include/cantera/kinetics/Kinetics.h:14:
In file included from /work/09629/m_hland10/ls6/cantera/include/cantera/kinetics/StoichManager.h:11:
In file included from /work/09629/m_hland10/ls6/cantera/include/cantera/numerics/eigen_sparse.h:12:
In file included from /scratch/tacc/apps/intel19/eigen/3.4.0/include/eigen3/Eigen/Sparse:26:
In file included from /scratch/tacc/apps/intel19/eigen/3.4.0/include/eigen3/Eigen/SparseCore:11:
In file included from /scratch/tacc/apps/intel19/eigen/3.4.0/include/eigen3/Eigen/Core:315:
/scratch/tacc/apps/intel19/eigen/3.4.0/include/eigen3/Eigen/src/Core/Diagonal.h:55:13: warning: use of old-style cast [-Wold-style-cast]
   55 |     Flags = (unsigned int)_MatrixTypeNested::Flags & (RowMajorBit | MaskLvalueBit | DirectAccessBit) & ~RowMajorBit, // FIXME DirectAccessBit should not be handled by expressions
      |             ^             ~~~~~~~~~~~~~~~~~~~~~~~~
In file included from chemistrySolver/canteraChemistrySolvers.C:27:
In file included from lnInclude/canteraChemistryModel.H:209:
In file included from lnInclude/canteraChemistryModelI.H:35:
In file included from /work/09629/m_hland10/ls6/cantera/include/cantera/kinetics/Kinetics.h:14:
In file included from /work/09629/m_hland10/ls6/cantera/include/cantera/kinetics/StoichManager.h:11:
In file included from /work/09629/m_hland10/ls6/cantera/include/cantera/numerics/eigen_sparse.h:12:
In file included from /scratch/tacc/apps/intel19/eigen/3.4.0/include/eigen3/Eigen/Sparse:26:
In file included from /scratch/tacc/apps/intel19/eigen/3.4.0/include/eigen3/Eigen/SparseCore:11:
In file included from /scratch/tacc/apps/intel19/eigen/3.4.0/include/eigen3/Eigen/Core:317:
/scratch/tacc/apps/intel19/eigen/3.4.0/include/eigen3/Eigen/src/Core/Redux.h:241:19: warning: use of old-style cast [-Wold-style-cast]
  241 |       alignment = EIGEN_PLAIN_ENUM_MAX(alignment0, Evaluator::Alignment)
      |                   ^                    ~~~~~~~~~~
/scratch/tacc/apps/intel19/eigen/3.4.0/include/eigen3/Eigen/src/Core/util/Macros.h:1289:37: note: expanded from macro 'EIGEN_PLAIN_ENUM_MAX'
 1289 | #define EIGEN_PLAIN_ENUM_MAX(a,b) (((int)a >= (int)b) ? (int)a : (int)b)
      |                                     ^    ~
In file included from chemistrySolver/canteraChemistrySolvers.C:27:
In file included from lnInclude/canteraChemistryModel.H:209:
In file included from lnInclude/canteraChemistryModelI.H:35:
In file included from /work/09629/m_hland10/ls6/cantera/include/cantera/kinetics/Kinetics.h:14:
In file included from /work/09629/m_hland10/ls6/cantera/include/cantera/kinetics/StoichManager.h:11:
In file included from /work/09629/m_hland10/ls6/cantera/include/cantera/numerics/eigen_sparse.h:12:
In file included from /scratch/tacc/apps/intel19/eigen/3.4.0/include/eigen3/Eigen/Sparse:26:
In file included from /scratch/tacc/apps/intel19/eigen/3.4.0/include/eigen3/Eigen/SparseCore:11:
In file included from /scratch/tacc/apps/intel19/eigen/3.4.0/include/eigen3/Eigen/Core:317:
/scratch/tacc/apps/intel19/eigen/3.4.0/include/eigen3/Eigen/src/Core/Redux.h:241:19: warning: use of old-style cast [-Wold-style-cast]
  241 |       alignment = EIGEN_PLAIN_ENUM_MAX(alignment0, Evaluator::Alignment)
      |                   ^                                ~~~~~~~~~~~~~~~~~~~~
/scratch/tacc/apps/intel19/eigen/3.4.0/include/eigen3/Eigen/src/Core/util/Macros.h:1289:47: note: expanded from macro 'EIGEN_PLAIN_ENUM_MAX'
 1289 | #define EIGEN_PLAIN_ENUM_MAX(a,b) (((int)a >= (int)b) ? (int)a : (int)b)
      |                                               ^    ~
In file included from chemistrySolver/canteraChemistrySolvers.C:27:
In file included from lnInclude/canteraChemistryModel.H:209:
In file included from lnInclude/canteraChemistryModelI.H:35:
In file included from /work/09629/m_hland10/ls6/cantera/include/cantera/kinetics/Kinetics.h:14:
In file included from /work/09629/m_hland10/ls6/cantera/include/cantera/kinetics/StoichManager.h:11:
In file included from /work/09629/m_hland10/ls6/cantera/include/cantera/numerics/eigen_sparse.h:12:
In file included from /scratch/tacc/apps/intel19/eigen/3.4.0/include/eigen3/Eigen/Sparse:26:
In file included from /scratch/tacc/apps/intel19/eigen/3.4.0/include/eigen3/Eigen/SparseCore:11:
In file included from /scratch/tacc/apps/intel19/eigen/3.4.0/include/eigen3/Eigen/Core:317:
/scratch/tacc/apps/intel19/eigen/3.4.0/include/eigen3/Eigen/src/Core/Redux.h:241:19: warning: use of old-style cast [-Wold-style-cast]
  241 |       alignment = EIGEN_PLAIN_ENUM_MAX(alignment0, Evaluator::Alignment)
      |                   ^                    ~~~~~~~~~~
/scratch/tacc/apps/intel19/eigen/3.4.0/include/eigen3/Eigen/src/Core/util/Macros.h:1289:57: note: expanded from macro 'EIGEN_PLAIN_ENUM_MAX'
 1289 | #define EIGEN_PLAIN_ENUM_MAX(a,b) (((int)a >= (int)b) ? (int)a : (int)b)
      |                                                         ^    ~
In file included from chemistrySolver/canteraChemistrySolvers.C:27:
In file included from lnInclude/canteraChemistryModel.H:209:
In file included from lnInclude/canteraChemistryModelI.H:35:
In file included from /work/09629/m_hland10/ls6/cantera/include/cantera/kinetics/Kinetics.h:14:
In file included from /work/09629/m_hland10/ls6/cantera/include/cantera/kinetics/StoichManager.h:11:
In file included from /work/09629/m_hland10/ls6/cantera/include/cantera/numerics/eigen_sparse.h:12:
In file included from /scratch/tacc/apps/intel19/eigen/3.4.0/include/eigen3/Eigen/Sparse:26:
In file included from /scratch/tacc/apps/intel19/eigen/3.4.0/include/eigen3/Eigen/SparseCore:11:
In file included from /scratch/tacc/apps/intel19/eigen/3.4.0/include/eigen3/Eigen/Core:317:
/scratch/tacc/apps/intel19/eigen/3.4.0/include/eigen3/Eigen/src/Core/Redux.h:241:19: warning: use of old-style cast [-Wold-style-cast]
  241 |       alignment = EIGEN_PLAIN_ENUM_MAX(alignment0, Evaluator::Alignment)
      |                   ^                                ~~~~~~~~~~~~~~~~~~~~
/scratch/tacc/apps/intel19/eigen/3.4.0/include/eigen3/Eigen/src/Core/util/Macros.h:1289:66: note: expanded from macro 'EIGEN_PLAIN_ENUM_MAX'
 1289 | #define EIGEN_PLAIN_ENUM_MAX(a,b) (((int)a >= (int)b) ? (int)a : (int)b)
      |                                                                  ^    ~
In file included from chemistrySolver/canteraChemistrySolvers.C:27:
In file included from lnInclude/canteraChemistryModel.H:209:
In file included from lnInclude/canteraChemistryModelI.H:35:
In file included from /work/09629/m_hland10/ls6/cantera/include/cantera/kinetics/Kinetics.h:14:
In file included from /work/09629/m_hland10/ls6/cantera/include/cantera/kinetics/StoichManager.h:11:
In file included from /work/09629/m_hland10/ls6/cantera/include/cantera/numerics/eigen_sparse.h:12:
In file included from /scratch/tacc/apps/intel19/eigen/3.4.0/include/eigen3/Eigen/Sparse:26:
In file included from /scratch/tacc/apps/intel19/eigen/3.4.0/include/eigen3/Eigen/SparseCore:11:
In file included from /scratch/tacc/apps/intel19/eigen/3.4.0/include/eigen3/Eigen/Core:322:
/scratch/tacc/apps/intel19/eigen/3.4.0/include/eigen3/Eigen/src/Core/GeneralProduct.h:60:16: warning: use of old-style cast [-Wold-style-cast]
   60 |     MaxDepth = EIGEN_SIZE_MIN_PREFER_FIXED(traits<_Lhs>::MaxColsAtCompileTime,
      |                ^                           ~~~~~~~~~~~~~~~~~~~~~~~~~~~~~~~~~~
/scratch/tacc/apps/intel19/eigen/3.4.0/include/eigen3/Eigen/src/Core/util/Macros.h:1302:45: note: expanded from macro 'EIGEN_SIZE_MIN_PREFER_FIXED'
 1302 | #define EIGEN_SIZE_MIN_PREFER_FIXED(a,b)  (((int)a == 0 || (int)b == 0) ? 0 \
      |                                             ^    ~
In file included from chemistrySolver/canteraChemistrySolvers.C:27:
In file included from lnInclude/canteraChemistryModel.H:209:
In file included from lnInclude/canteraChemistryModelI.H:35:
In file included from /work/09629/m_hland10/ls6/cantera/include/cantera/kinetics/Kinetics.h:14:
In file included from /work/09629/m_hland10/ls6/cantera/include/cantera/kinetics/StoichManager.h:11:
In file included from /work/09629/m_hland10/ls6/cantera/include/cantera/numerics/eigen_sparse.h:12:
In file included from /scratch/tacc/apps/intel19/eigen/3.4.0/include/eigen3/Eigen/Sparse:26:
In file included from /scratch/tacc/apps/intel19/eigen/3.4.0/include/eigen3/Eigen/SparseCore:11:
In file included from /scratch/tacc/apps/intel19/eigen/3.4.0/include/eigen3/Eigen/Core:322:
/scratch/tacc/apps/intel19/eigen/3.4.0/include/eigen3/Eigen/src/Core/GeneralProduct.h:60:16: warning: use of old-style cast [-Wold-style-cast]
   60 |     MaxDepth = EIGEN_SIZE_MIN_PREFER_FIXED(traits<_Lhs>::MaxColsAtCompileTime,
      |                ^
   61 |                                            traits<_Rhs>::MaxRowsAtCompileTime),
      |                                            ~~~~~~~~~~~~~~~~~~~~~~~~~~~~~~~~~~
/scratch/tacc/apps/intel19/eigen/3.4.0/include/eigen3/Eigen/src/Core/util/Macros.h:1302:60: note: expanded from macro 'EIGEN_SIZE_MIN_PREFER_FIXED'
 1302 | #define EIGEN_SIZE_MIN_PREFER_FIXED(a,b)  (((int)a == 0 || (int)b == 0) ? 0 \
      |                                                            ^    ~
In file included from chemistrySolver/canteraChemistrySolvers.C:27:
In file included from lnInclude/canteraChemistryModel.H:209:
In file included from lnInclude/canteraChemistryModelI.H:35:
In file included from /work/09629/m_hland10/ls6/cantera/include/cantera/kinetics/Kinetics.h:14:
In file included from /work/09629/m_hland10/ls6/cantera/include/cantera/kinetics/StoichManager.h:11:
In file included from /work/09629/m_hland10/ls6/cantera/include/cantera/numerics/eigen_sparse.h:12:
In file included from /scratch/tacc/apps/intel19/eigen/3.4.0/include/eigen3/Eigen/Sparse:26:
In file included from /scratch/tacc/apps/intel19/eigen/3.4.0/include/eigen3/Eigen/SparseCore:11:
In file included from /scratch/tacc/apps/intel19/eigen/3.4.0/include/eigen3/Eigen/Core:322:
/scratch/tacc/apps/intel19/eigen/3.4.0/include/eigen3/Eigen/src/Core/GeneralProduct.h:60:16: warning: use of old-style cast [-Wold-style-cast]
   60 |     MaxDepth = EIGEN_SIZE_MIN_PREFER_FIXED(traits<_Lhs>::MaxColsAtCompileTime,
      |                ^                           ~~~~~~~~~~~~~~~~~~~~~~~~~~~~~~~~~~
/scratch/tacc/apps/intel19/eigen/3.4.0/include/eigen3/Eigen/src/Core/util/Macros.h:1303:31: note: expanded from macro 'EIGEN_SIZE_MIN_PREFER_FIXED'
 1303 |                            : ((int)a == 1 || (int)b == 1) ? 1 \
      |                               ^    ~
In file included from chemistrySolver/canteraChemistrySolvers.C:27:
In file included from lnInclude/canteraChemistryModel.H:209:
In file included from lnInclude/canteraChemistryModelI.H:35:
In file included from /work/09629/m_hland10/ls6/cantera/include/cantera/kinetics/Kinetics.h:14:
In file included from /work/09629/m_hland10/ls6/cantera/include/cantera/kinetics/StoichManager.h:11:
In file included from /work/09629/m_hland10/ls6/cantera/include/cantera/numerics/eigen_sparse.h:12:
In file included from /scratch/tacc/apps/intel19/eigen/3.4.0/include/eigen3/Eigen/Sparse:26:
In file included from /scratch/tacc/apps/intel19/eigen/3.4.0/include/eigen3/Eigen/SparseCore:11:
In file included from /scratch/tacc/apps/intel19/eigen/3.4.0/include/eigen3/Eigen/Core:322:
/scratch/tacc/apps/intel19/eigen/3.4.0/include/eigen3/Eigen/src/Core/GeneralProduct.h:60:16: warning: use of old-style cast [-Wold-style-cast]
   60 |     MaxDepth = EIGEN_SIZE_MIN_PREFER_FIXED(traits<_Lhs>::MaxColsAtCompileTime,
      |                ^
   61 |                                            traits<_Rhs>::MaxRowsAtCompileTime),
      |                                            ~~~~~~~~~~~~~~~~~~~~~~~~~~~~~~~~~~
/scratch/tacc/apps/intel19/eigen/3.4.0/include/eigen3/Eigen/src/Core/util/Macros.h:1303:46: note: expanded from macro 'EIGEN_SIZE_MIN_PREFER_FIXED'
 1303 |                            : ((int)a == 1 || (int)b == 1) ? 1 \
      |                                              ^    ~
In file included from chemistrySolver/canteraChemistrySolvers.C:27:
In file included from lnInclude/canteraChemistryModel.H:209:
In file included from lnInclude/canteraChemistryModelI.H:35:
In file included from /work/09629/m_hland10/ls6/cantera/include/cantera/kinetics/Kinetics.h:14:
In file included from /work/09629/m_hland10/ls6/cantera/include/cantera/kinetics/StoichManager.h:11:
In file included from /work/09629/m_hland10/ls6/cantera/include/cantera/numerics/eigen_sparse.h:12:
In file included from /scratch/tacc/apps/intel19/eigen/3.4.0/include/eigen3/Eigen/Sparse:26:
In file included from /scratch/tacc/apps/intel19/eigen/3.4.0/include/eigen3/Eigen/SparseCore:11:
In file included from /scratch/tacc/apps/intel19/eigen/3.4.0/include/eigen3/Eigen/Core:322:
/scratch/tacc/apps/intel19/eigen/3.4.0/include/eigen3/Eigen/src/Core/GeneralProduct.h:60:16: warning: use of old-style cast [-Wold-style-cast]
   60 |     MaxDepth = EIGEN_SIZE_MIN_PREFER_FIXED(traits<_Lhs>::MaxColsAtCompileTime,
      |                ^                           ~~~~~~~~~~~~~~~~~~~~~~~~~~~~~~~~~~
/scratch/tacc/apps/intel19/eigen/3.4.0/include/eigen3/Eigen/src/Core/util/Macros.h:1304:31: note: expanded from macro 'EIGEN_SIZE_MIN_PREFER_FIXED'
 1304 |                            : ((int)a == Dynamic && (int)b == Dynamic) ? Dynamic \
      |                               ^    ~
In file included from chemistrySolver/canteraChemistrySolvers.C:27:
In file included from lnInclude/canteraChemistryModel.H:209:
In file included from lnInclude/canteraChemistryModelI.H:35:
In file included from /work/09629/m_hland10/ls6/cantera/include/cantera/kinetics/Kinetics.h:14:
In file included from /work/09629/m_hland10/ls6/cantera/include/cantera/kinetics/StoichManager.h:11:
In file included from /work/09629/m_hland10/ls6/cantera/include/cantera/numerics/eigen_sparse.h:12:
In file included from /scratch/tacc/apps/intel19/eigen/3.4.0/include/eigen3/Eigen/Sparse:26:
In file included from /scratch/tacc/apps/intel19/eigen/3.4.0/include/eigen3/Eigen/SparseCore:11:
In file included from /scratch/tacc/apps/intel19/eigen/3.4.0/include/eigen3/Eigen/Core:322:
/scratch/tacc/apps/intel19/eigen/3.4.0/include/eigen3/Eigen/src/Core/GeneralProduct.h:60:16: warning: use of old-style cast [-Wold-style-cast]
   60 |     MaxDepth = EIGEN_SIZE_MIN_PREFER_FIXED(traits<_Lhs>::MaxColsAtCompileTime,
      |                ^
   61 |                                            traits<_Rhs>::MaxRowsAtCompileTime),
      |                                            ~~~~~~~~~~~~~~~~~~~~~~~~~~~~~~~~~~
/scratch/tacc/apps/intel19/eigen/3.4.0/include/eigen3/Eigen/src/Core/util/Macros.h:1304:52: note: expanded from macro 'EIGEN_SIZE_MIN_PREFER_FIXED'
 1304 |                            : ((int)a == Dynamic && (int)b == Dynamic) ? Dynamic \
      |                                                    ^    ~
In file included from chemistrySolver/canteraChemistrySolvers.C:27:
In file included from lnInclude/canteraChemistryModel.H:209:
In file included from lnInclude/canteraChemistryModelI.H:35:
In file included from /work/09629/m_hland10/ls6/cantera/include/cantera/kinetics/Kinetics.h:14:
In file included from /work/09629/m_hland10/ls6/cantera/include/cantera/kinetics/StoichManager.h:11:
In file included from /work/09629/m_hland10/ls6/cantera/include/cantera/numerics/eigen_sparse.h:12:
In file included from /scratch/tacc/apps/intel19/eigen/3.4.0/include/eigen3/Eigen/Sparse:26:
In file included from /scratch/tacc/apps/intel19/eigen/3.4.0/include/eigen3/Eigen/SparseCore:11:
In file included from /scratch/tacc/apps/intel19/eigen/3.4.0/include/eigen3/Eigen/Core:322:
/scratch/tacc/apps/intel19/eigen/3.4.0/include/eigen3/Eigen/src/Core/GeneralProduct.h:60:16: warning: use of old-style cast [-Wold-style-cast]
   60 |     MaxDepth = EIGEN_SIZE_MIN_PREFER_FIXED(traits<_Lhs>::MaxColsAtCompileTime,
      |                ^                           ~~~~~~~~~~~~~~~~~~~~~~~~~~~~~~~~~~
/scratch/tacc/apps/intel19/eigen/3.4.0/include/eigen3/Eigen/src/Core/util/Macros.h:1305:31: note: expanded from macro 'EIGEN_SIZE_MIN_PREFER_FIXED'
 1305 |                            : ((int)a == Dynamic) ? (int)b \
      |                               ^    ~
In file included from chemistrySolver/canteraChemistrySolvers.C:27:
In file included from lnInclude/canteraChemistryModel.H:209:
In file included from lnInclude/canteraChemistryModelI.H:35:
In file included from /work/09629/m_hland10/ls6/cantera/include/cantera/kinetics/Kinetics.h:14:
In file included from /work/09629/m_hland10/ls6/cantera/include/cantera/kinetics/StoichManager.h:11:
In file included from /work/09629/m_hland10/ls6/cantera/include/cantera/numerics/eigen_sparse.h:12:
In file included from /scratch/tacc/apps/intel19/eigen/3.4.0/include/eigen3/Eigen/Sparse:26:
In file included from /scratch/tacc/apps/intel19/eigen/3.4.0/include/eigen3/Eigen/SparseCore:11:
In file included from /scratch/tacc/apps/intel19/eigen/3.4.0/include/eigen3/Eigen/Core:322:
/scratch/tacc/apps/intel19/eigen/3.4.0/include/eigen3/Eigen/src/Core/GeneralProduct.h:60:16: warning: use of old-style cast [-Wold-style-cast]
   60 |     MaxDepth = EIGEN_SIZE_MIN_PREFER_FIXED(traits<_Lhs>::MaxColsAtCompileTime,
      |                ^
   61 |                                            traits<_Rhs>::MaxRowsAtCompileTime),
      |                                            ~~~~~~~~~~~~~~~~~~~~~~~~~~~~~~~~~~
/scratch/tacc/apps/intel19/eigen/3.4.0/include/eigen3/Eigen/src/Core/util/Macros.h:1305:52: note: expanded from macro 'EIGEN_SIZE_MIN_PREFER_FIXED'
 1305 |                            : ((int)a == Dynamic) ? (int)b \
      |                                                    ^    ~
In file included from chemistrySolver/canteraChemistrySolvers.C:27:
In file included from lnInclude/canteraChemistryModel.H:209:
In file included from lnInclude/canteraChemistryModelI.H:35:
In file included from /work/09629/m_hland10/ls6/cantera/include/cantera/kinetics/Kinetics.h:14:
In file included from /work/09629/m_hland10/ls6/cantera/include/cantera/kinetics/StoichManager.h:11:
In file included from /work/09629/m_hland10/ls6/cantera/include/cantera/numerics/eigen_sparse.h:12:
In file included from /scratch/tacc/apps/intel19/eigen/3.4.0/include/eigen3/Eigen/Sparse:26:
In file included from /scratch/tacc/apps/intel19/eigen/3.4.0/include/eigen3/Eigen/SparseCore:11:
In file included from /scratch/tacc/apps/intel19/eigen/3.4.0/include/eigen3/Eigen/Core:322:
/scratch/tacc/apps/intel19/eigen/3.4.0/include/eigen3/Eigen/src/Core/GeneralProduct.h:60:16: warning: use of old-style cast [-Wold-style-cast]
   60 |     MaxDepth = EIGEN_SIZE_MIN_PREFER_FIXED(traits<_Lhs>::MaxColsAtCompileTime,
      |                ^
   61 |                                            traits<_Rhs>::MaxRowsAtCompileTime),
      |                                            ~~~~~~~~~~~~~~~~~~~~~~~~~~~~~~~~~~
/scratch/tacc/apps/intel19/eigen/3.4.0/include/eigen3/Eigen/src/Core/util/Macros.h:1306:31: note: expanded from macro 'EIGEN_SIZE_MIN_PREFER_FIXED'
 1306 |                            : ((int)b == Dynamic) ? (int)a \
      |                               ^    ~
In file included from chemistrySolver/canteraChemistrySolvers.C:27:
In file included from lnInclude/canteraChemistryModel.H:209:
In file included from lnInclude/canteraChemistryModelI.H:35:
In file included from /work/09629/m_hland10/ls6/cantera/include/cantera/kinetics/Kinetics.h:14:
In file included from /work/09629/m_hland10/ls6/cantera/include/cantera/kinetics/StoichManager.h:11:
In file included from /work/09629/m_hland10/ls6/cantera/include/cantera/numerics/eigen_sparse.h:12:
In file included from /scratch/tacc/apps/intel19/eigen/3.4.0/include/eigen3/Eigen/Sparse:26:
In file included from /scratch/tacc/apps/intel19/eigen/3.4.0/include/eigen3/Eigen/SparseCore:11:
In file included from /scratch/tacc/apps/intel19/eigen/3.4.0/include/eigen3/Eigen/Core:322:
/scratch/tacc/apps/intel19/eigen/3.4.0/include/eigen3/Eigen/src/Core/GeneralProduct.h:60:16: warning: use of old-style cast [-Wold-style-cast]
   60 |     MaxDepth = EIGEN_SIZE_MIN_PREFER_FIXED(traits<_Lhs>::MaxColsAtCompileTime,
      |                ^                           ~~~~~~~~~~~~~~~~~~~~~~~~~~~~~~~~~~
/scratch/tacc/apps/intel19/eigen/3.4.0/include/eigen3/Eigen/src/Core/util/Macros.h:1306:52: note: expanded from macro 'EIGEN_SIZE_MIN_PREFER_FIXED'
 1306 |                            : ((int)b == Dynamic) ? (int)a \
      |                                                    ^    ~
In file included from chemistrySolver/canteraChemistrySolvers.C:27:
In file included from lnInclude/canteraChemistryModel.H:209:
In file included from lnInclude/canteraChemistryModelI.H:35:
In file included from /work/09629/m_hland10/ls6/cantera/include/cantera/kinetics/Kinetics.h:14:
In file included from /work/09629/m_hland10/ls6/cantera/include/cantera/kinetics/StoichManager.h:11:
In file included from /work/09629/m_hland10/ls6/cantera/include/cantera/numerics/eigen_sparse.h:12:
In file included from /scratch/tacc/apps/intel19/eigen/3.4.0/include/eigen3/Eigen/Sparse:26:
In file included from /scratch/tacc/apps/intel19/eigen/3.4.0/include/eigen3/Eigen/SparseCore:11:
In file included from /scratch/tacc/apps/intel19/eigen/3.4.0/include/eigen3/Eigen/Core:322:
/scratch/tacc/apps/intel19/eigen/3.4.0/include/eigen3/Eigen/src/Core/GeneralProduct.h:60:16: warning: use of old-style cast [-Wold-style-cast]
   60 |     MaxDepth = EIGEN_SIZE_MIN_PREFER_FIXED(traits<_Lhs>::MaxColsAtCompileTime,
      |                ^                           ~~~~~~~~~~~~~~~~~~~~~~~~~~~~~~~~~~
/scratch/tacc/apps/intel19/eigen/3.4.0/include/eigen3/Eigen/src/Core/util/Macros.h:1307:31: note: expanded from macro 'EIGEN_SIZE_MIN_PREFER_FIXED'
 1307 |                            : ((int)a <= (int)b) ? (int)a : (int)b)
      |                               ^    ~
In file included from chemistrySolver/canteraChemistrySolvers.C:27:
In file included from lnInclude/canteraChemistryModel.H:209:
In file included from lnInclude/canteraChemistryModelI.H:35:
In file included from /work/09629/m_hland10/ls6/cantera/include/cantera/kinetics/Kinetics.h:14:
In file included from /work/09629/m_hland10/ls6/cantera/include/cantera/kinetics/StoichManager.h:11:
In file included from /work/09629/m_hland10/ls6/cantera/include/cantera/numerics/eigen_sparse.h:12:
In file included from /scratch/tacc/apps/intel19/eigen/3.4.0/include/eigen3/Eigen/Sparse:26:
In file included from /scratch/tacc/apps/intel19/eigen/3.4.0/include/eigen3/Eigen/SparseCore:11:
In file included from /scratch/tacc/apps/intel19/eigen/3.4.0/include/eigen3/Eigen/Core:322:
/scratch/tacc/apps/intel19/eigen/3.4.0/include/eigen3/Eigen/src/Core/GeneralProduct.h:60:16: warning: use of old-style cast [-Wold-style-cast]
   60 |     MaxDepth = EIGEN_SIZE_MIN_PREFER_FIXED(traits<_Lhs>::MaxColsAtCompileTime,
      |                ^
   61 |                                            traits<_Rhs>::MaxRowsAtCompileTime),
      |                                            ~~~~~~~~~~~~~~~~~~~~~~~~~~~~~~~~~~
/scratch/tacc/apps/intel19/eigen/3.4.0/include/eigen3/Eigen/src/Core/util/Macros.h:1307:41: note: expanded from macro 'EIGEN_SIZE_MIN_PREFER_FIXED'
 1307 |                            : ((int)a <= (int)b) ? (int)a : (int)b)
      |                                         ^    ~
In file included from chemistrySolver/canteraChemistrySolvers.C:27:
In file included from lnInclude/canteraChemistryModel.H:209:
In file included from lnInclude/canteraChemistryModelI.H:35:
In file included from /work/09629/m_hland10/ls6/cantera/include/cantera/kinetics/Kinetics.h:14:
In file included from /work/09629/m_hland10/ls6/cantera/include/cantera/kinetics/StoichManager.h:11:
In file included from /work/09629/m_hland10/ls6/cantera/include/cantera/numerics/eigen_sparse.h:12:
In file included from /scratch/tacc/apps/intel19/eigen/3.4.0/include/eigen3/Eigen/Sparse:26:
In file included from /scratch/tacc/apps/intel19/eigen/3.4.0/include/eigen3/Eigen/SparseCore:11:
In file included from /scratch/tacc/apps/intel19/eigen/3.4.0/include/eigen3/Eigen/Core:322:
/scratch/tacc/apps/intel19/eigen/3.4.0/include/eigen3/Eigen/src/Core/GeneralProduct.h:60:16: warning: use of old-style cast [-Wold-style-cast]
   60 |     MaxDepth = EIGEN_SIZE_MIN_PREFER_FIXED(traits<_Lhs>::MaxColsAtCompileTime,
      |                ^                           ~~~~~~~~~~~~~~~~~~~~~~~~~~~~~~~~~~
/scratch/tacc/apps/intel19/eigen/3.4.0/include/eigen3/Eigen/src/Core/util/Macros.h:1307:51: note: expanded from macro 'EIGEN_SIZE_MIN_PREFER_FIXED'
 1307 |                            : ((int)a <= (int)b) ? (int)a : (int)b)
      |                                                   ^    ~
In file included from chemistrySolver/canteraChemistrySolvers.C:27:
In file included from lnInclude/canteraChemistryModel.H:209:
In file included from lnInclude/canteraChemistryModelI.H:35:
In file included from /work/09629/m_hland10/ls6/cantera/include/cantera/kinetics/Kinetics.h:14:
In file included from /work/09629/m_hland10/ls6/cantera/include/cantera/kinetics/StoichManager.h:11:
In file included from /work/09629/m_hland10/ls6/cantera/include/cantera/numerics/eigen_sparse.h:12:
In file included from /scratch/tacc/apps/intel19/eigen/3.4.0/include/eigen3/Eigen/Sparse:26:
In file included from /scratch/tacc/apps/intel19/eigen/3.4.0/include/eigen3/Eigen/SparseCore:11:
In file included from /scratch/tacc/apps/intel19/eigen/3.4.0/include/eigen3/Eigen/Core:322:
/scratch/tacc/apps/intel19/eigen/3.4.0/include/eigen3/Eigen/src/Core/GeneralProduct.h:60:16: warning: use of old-style cast [-Wold-style-cast]
   60 |     MaxDepth = EIGEN_SIZE_MIN_PREFER_FIXED(traits<_Lhs>::MaxColsAtCompileTime,
      |                ^
   61 |                                            traits<_Rhs>::MaxRowsAtCompileTime),
      |                                            ~~~~~~~~~~~~~~~~~~~~~~~~~~~~~~~~~~
/scratch/tacc/apps/intel19/eigen/3.4.0/include/eigen3/Eigen/src/Core/util/Macros.h:1307:60: note: expanded from macro 'EIGEN_SIZE_MIN_PREFER_FIXED'
 1307 |                            : ((int)a <= (int)b) ? (int)a : (int)b)
      |                                                            ^    ~
In file included from chemistrySolver/canteraChemistrySolvers.C:27:
In file included from lnInclude/canteraChemistryModel.H:209:
In file included from lnInclude/canteraChemistryModelI.H:35:
In file included from /work/09629/m_hland10/ls6/cantera/include/cantera/kinetics/Kinetics.h:14:
In file included from /work/09629/m_hland10/ls6/cantera/include/cantera/kinetics/StoichManager.h:11:
In file included from /work/09629/m_hland10/ls6/cantera/include/cantera/numerics/eigen_sparse.h:12:
In file included from /scratch/tacc/apps/intel19/eigen/3.4.0/include/eigen3/Eigen/Sparse:26:
In file included from /scratch/tacc/apps/intel19/eigen/3.4.0/include/eigen3/Eigen/SparseCore:11:
In file included from /scratch/tacc/apps/intel19/eigen/3.4.0/include/eigen3/Eigen/Core:322:
/scratch/tacc/apps/intel19/eigen/3.4.0/include/eigen3/Eigen/src/Core/GeneralProduct.h:62:13: warning: use of old-style cast [-Wold-style-cast]
   62 |     Depth = EIGEN_SIZE_MIN_PREFER_FIXED(traits<_Lhs>::ColsAtCompileTime,
      |             ^                           ~~~~~~~~~~~~~~~~~~~~~~~~~~~~~~~
/scratch/tacc/apps/intel19/eigen/3.4.0/include/eigen3/Eigen/src/Core/util/Macros.h:1302:45: note: expanded from macro 'EIGEN_SIZE_MIN_PREFER_FIXED'
 1302 | #define EIGEN_SIZE_MIN_PREFER_FIXED(a,b)  (((int)a == 0 || (int)b == 0) ? 0 \
      |                                             ^    ~
In file included from chemistrySolver/canteraChemistrySolvers.C:27:
In file included from lnInclude/canteraChemistryModel.H:209:
In file included from lnInclude/canteraChemistryModelI.H:35:
In file included from /work/09629/m_hland10/ls6/cantera/include/cantera/kinetics/Kinetics.h:14:
In file included from /work/09629/m_hland10/ls6/cantera/include/cantera/kinetics/StoichManager.h:11:
In file included from /work/09629/m_hland10/ls6/cantera/include/cantera/numerics/eigen_sparse.h:12:
In file included from /scratch/tacc/apps/intel19/eigen/3.4.0/include/eigen3/Eigen/Sparse:26:
In file included from /scratch/tacc/apps/intel19/eigen/3.4.0/include/eigen3/Eigen/SparseCore:11:
In file included from /scratch/tacc/apps/intel19/eigen/3.4.0/include/eigen3/Eigen/Core:322:
/scratch/tacc/apps/intel19/eigen/3.4.0/include/eigen3/Eigen/src/Core/GeneralProduct.h:62:13: warning: use of old-style cast [-Wold-style-cast]
   62 |     Depth = EIGEN_SIZE_MIN_PREFER_FIXED(traits<_Lhs>::ColsAtCompileTime,
      |             ^
   63 |                                         traits<_Rhs>::RowsAtCompileTime)
      |                                         ~~~~~~~~~~~~~~~~~~~~~~~~~~~~~~~
/scratch/tacc/apps/intel19/eigen/3.4.0/include/eigen3/Eigen/src/Core/util/Macros.h:1302:60: note: expanded from macro 'EIGEN_SIZE_MIN_PREFER_FIXED'
 1302 | #define EIGEN_SIZE_MIN_PREFER_FIXED(a,b)  (((int)a == 0 || (int)b == 0) ? 0 \
      |                                                            ^    ~
In file included from chemistrySolver/canteraChemistrySolvers.C:27:
In file included from lnInclude/canteraChemistryModel.H:209:
In file included from lnInclude/canteraChemistryModelI.H:35:
In file included from /work/09629/m_hland10/ls6/cantera/include/cantera/kinetics/Kinetics.h:14:
In file included from /work/09629/m_hland10/ls6/cantera/include/cantera/kinetics/StoichManager.h:11:
In file included from /work/09629/m_hland10/ls6/cantera/include/cantera/numerics/eigen_sparse.h:12:
In file included from /scratch/tacc/apps/intel19/eigen/3.4.0/include/eigen3/Eigen/Sparse:26:
In file included from /scratch/tacc/apps/intel19/eigen/3.4.0/include/eigen3/Eigen/SparseCore:11:
In file included from /scratch/tacc/apps/intel19/eigen/3.4.0/include/eigen3/Eigen/Core:322:
/scratch/tacc/apps/intel19/eigen/3.4.0/include/eigen3/Eigen/src/Core/GeneralProduct.h:62:13: warning: use of old-style cast [-Wold-style-cast]
   62 |     Depth = EIGEN_SIZE_MIN_PREFER_FIXED(traits<_Lhs>::ColsAtCompileTime,
      |             ^                           ~~~~~~~~~~~~~~~~~~~~~~~~~~~~~~~
/scratch/tacc/apps/intel19/eigen/3.4.0/include/eigen3/Eigen/src/Core/util/Macros.h:1303:31: note: expanded from macro 'EIGEN_SIZE_MIN_PREFER_FIXED'
 1303 |                            : ((int)a == 1 || (int)b == 1) ? 1 \
      |                               ^    ~
In file included from chemistrySolver/canteraChemistrySolvers.C:27:
In file included from lnInclude/canteraChemistryModel.H:209:
In file included from lnInclude/canteraChemistryModelI.H:35:
In file included from /work/09629/m_hland10/ls6/cantera/include/cantera/kinetics/Kinetics.h:14:
In file included from /work/09629/m_hland10/ls6/cantera/include/cantera/kinetics/StoichManager.h:11:
In file included from /work/09629/m_hland10/ls6/cantera/include/cantera/numerics/eigen_sparse.h:12:
In file included from /scratch/tacc/apps/intel19/eigen/3.4.0/include/eigen3/Eigen/Sparse:26:
In file included from /scratch/tacc/apps/intel19/eigen/3.4.0/include/eigen3/Eigen/SparseCore:11:
In file included from /scratch/tacc/apps/intel19/eigen/3.4.0/include/eigen3/Eigen/Core:322:
/scratch/tacc/apps/intel19/eigen/3.4.0/include/eigen3/Eigen/src/Core/GeneralProduct.h:62:13: warning: use of old-style cast [-Wold-style-cast]
   62 |     Depth = EIGEN_SIZE_MIN_PREFER_FIXED(traits<_Lhs>::ColsAtCompileTime,
      |             ^
   63 |                                         traits<_Rhs>::RowsAtCompileTime)
      |                                         ~~~~~~~~~~~~~~~~~~~~~~~~~~~~~~~
/scratch/tacc/apps/intel19/eigen/3.4.0/include/eigen3/Eigen/src/Core/util/Macros.h:1303:46: note: expanded from macro 'EIGEN_SIZE_MIN_PREFER_FIXED'
 1303 |                            : ((int)a == 1 || (int)b == 1) ? 1 \
      |                                              ^    ~
In file included from chemistrySolver/canteraChemistrySolvers.C:27:
In file included from lnInclude/canteraChemistryModel.H:209:
In file included from lnInclude/canteraChemistryModelI.H:35:
In file included from /work/09629/m_hland10/ls6/cantera/include/cantera/kinetics/Kinetics.h:14:
In file included from /work/09629/m_hland10/ls6/cantera/include/cantera/kinetics/StoichManager.h:11:
In file included from /work/09629/m_hland10/ls6/cantera/include/cantera/numerics/eigen_sparse.h:12:
In file included from /scratch/tacc/apps/intel19/eigen/3.4.0/include/eigen3/Eigen/Sparse:26:
In file included from /scratch/tacc/apps/intel19/eigen/3.4.0/include/eigen3/Eigen/SparseCore:11:
In file included from /scratch/tacc/apps/intel19/eigen/3.4.0/include/eigen3/Eigen/Core:322:
/scratch/tacc/apps/intel19/eigen/3.4.0/include/eigen3/Eigen/src/Core/GeneralProduct.h:62:13: warning: use of old-style cast [-Wold-style-cast]
   62 |     Depth = EIGEN_SIZE_MIN_PREFER_FIXED(traits<_Lhs>::ColsAtCompileTime,
      |             ^                           ~~~~~~~~~~~~~~~~~~~~~~~~~~~~~~~
/scratch/tacc/apps/intel19/eigen/3.4.0/include/eigen3/Eigen/src/Core/util/Macros.h:1304:31: note: expanded from macro 'EIGEN_SIZE_MIN_PREFER_FIXED'
 1304 |                            : ((int)a == Dynamic && (int)b == Dynamic) ? Dynamic \
      |                               ^    ~
In file included from chemistrySolver/canteraChemistrySolvers.C:27:
In file included from lnInclude/canteraChemistryModel.H:209:
In file included from lnInclude/canteraChemistryModelI.H:35:
In file included from /work/09629/m_hland10/ls6/cantera/include/cantera/kinetics/Kinetics.h:14:
In file included from /work/09629/m_hland10/ls6/cantera/include/cantera/kinetics/StoichManager.h:11:
In file included from /work/09629/m_hland10/ls6/cantera/include/cantera/numerics/eigen_sparse.h:12:
In file included from /scratch/tacc/apps/intel19/eigen/3.4.0/include/eigen3/Eigen/Sparse:26:
In file included from /scratch/tacc/apps/intel19/eigen/3.4.0/include/eigen3/Eigen/SparseCore:11:
In file included from /scratch/tacc/apps/intel19/eigen/3.4.0/include/eigen3/Eigen/Core:322:
/scratch/tacc/apps/intel19/eigen/3.4.0/include/eigen3/Eigen/src/Core/GeneralProduct.h:62:13: warning: use of old-style cast [-Wold-style-cast]
   62 |     Depth = EIGEN_SIZE_MIN_PREFER_FIXED(traits<_Lhs>::ColsAtCompileTime,
      |             ^
   63 |                                         traits<_Rhs>::RowsAtCompileTime)
      |                                         ~~~~~~~~~~~~~~~~~~~~~~~~~~~~~~~
/scratch/tacc/apps/intel19/eigen/3.4.0/include/eigen3/Eigen/src/Core/util/Macros.h:1304:52: note: expanded from macro 'EIGEN_SIZE_MIN_PREFER_FIXED'
 1304 |                            : ((int)a == Dynamic && (int)b == Dynamic) ? Dynamic \
      |                                                    ^    ~
In file included from chemistrySolver/canteraChemistrySolvers.C:27:
In file included from lnInclude/canteraChemistryModel.H:209:
In file included from lnInclude/canteraChemistryModelI.H:35:
In file included from /work/09629/m_hland10/ls6/cantera/include/cantera/kinetics/Kinetics.h:14:
In file included from /work/09629/m_hland10/ls6/cantera/include/cantera/kinetics/StoichManager.h:11:
In file included from /work/09629/m_hland10/ls6/cantera/include/cantera/numerics/eigen_sparse.h:12:
In file included from /scratch/tacc/apps/intel19/eigen/3.4.0/include/eigen3/Eigen/Sparse:26:
In file included from /scratch/tacc/apps/intel19/eigen/3.4.0/include/eigen3/Eigen/SparseCore:11:
In file included from /scratch/tacc/apps/intel19/eigen/3.4.0/include/eigen3/Eigen/Core:322:
/scratch/tacc/apps/intel19/eigen/3.4.0/include/eigen3/Eigen/src/Core/GeneralProduct.h:62:13: warning: use of old-style cast [-Wold-style-cast]
   62 |     Depth = EIGEN_SIZE_MIN_PREFER_FIXED(traits<_Lhs>::ColsAtCompileTime,
      |             ^                           ~~~~~~~~~~~~~~~~~~~~~~~~~~~~~~~
/scratch/tacc/apps/intel19/eigen/3.4.0/include/eigen3/Eigen/src/Core/util/Macros.h:1305:31: note: expanded from macro 'EIGEN_SIZE_MIN_PREFER_FIXED'
 1305 |                            : ((int)a == Dynamic) ? (int)b \
      |                               ^    ~
In file included from chemistrySolver/canteraChemistrySolvers.C:27:
In file included from lnInclude/canteraChemistryModel.H:209:
In file included from lnInclude/canteraChemistryModelI.H:35:
In file included from /work/09629/m_hland10/ls6/cantera/include/cantera/kinetics/Kinetics.h:14:
In file included from /work/09629/m_hland10/ls6/cantera/include/cantera/kinetics/StoichManager.h:11:
In file included from /work/09629/m_hland10/ls6/cantera/include/cantera/numerics/eigen_sparse.h:12:
In file included from /scratch/tacc/apps/intel19/eigen/3.4.0/include/eigen3/Eigen/Sparse:26:
In file included from /scratch/tacc/apps/intel19/eigen/3.4.0/include/eigen3/Eigen/SparseCore:11:
In file included from /scratch/tacc/apps/intel19/eigen/3.4.0/include/eigen3/Eigen/Core:322:
/scratch/tacc/apps/intel19/eigen/3.4.0/include/eigen3/Eigen/src/Core/GeneralProduct.h:62:13: warning: use of old-style cast [-Wold-style-cast]
   62 |     Depth = EIGEN_SIZE_MIN_PREFER_FIXED(traits<_Lhs>::ColsAtCompileTime,
      |             ^
   63 |                                         traits<_Rhs>::RowsAtCompileTime)
      |                                         ~~~~~~~~~~~~~~~~~~~~~~~~~~~~~~~
/scratch/tacc/apps/intel19/eigen/3.4.0/include/eigen3/Eigen/src/Core/util/Macros.h:1305:52: note: expanded from macro 'EIGEN_SIZE_MIN_PREFER_FIXED'
 1305 |                            : ((int)a == Dynamic) ? (int)b \
      |                                                    ^    ~
In file included from chemistrySolver/canteraChemistrySolvers.C:27:
In file included from lnInclude/canteraChemistryModel.H:209:
In file included from lnInclude/canteraChemistryModelI.H:35:
In file included from /work/09629/m_hland10/ls6/cantera/include/cantera/kinetics/Kinetics.h:14:
In file included from /work/09629/m_hland10/ls6/cantera/include/cantera/kinetics/StoichManager.h:11:
In file included from /work/09629/m_hland10/ls6/cantera/include/cantera/numerics/eigen_sparse.h:12:
In file included from /scratch/tacc/apps/intel19/eigen/3.4.0/include/eigen3/Eigen/Sparse:26:
In file included from /scratch/tacc/apps/intel19/eigen/3.4.0/include/eigen3/Eigen/SparseCore:11:
In file included from /scratch/tacc/apps/intel19/eigen/3.4.0/include/eigen3/Eigen/Core:322:
/scratch/tacc/apps/intel19/eigen/3.4.0/include/eigen3/Eigen/src/Core/GeneralProduct.h:62:13: warning: use of old-style cast [-Wold-style-cast]
   62 |     Depth = EIGEN_SIZE_MIN_PREFER_FIXED(traits<_Lhs>::ColsAtCompileTime,
      |             ^
   63 |                                         traits<_Rhs>::RowsAtCompileTime)
      |                                         ~~~~~~~~~~~~~~~~~~~~~~~~~~~~~~~
/scratch/tacc/apps/intel19/eigen/3.4.0/include/eigen3/Eigen/src/Core/util/Macros.h:1306:31: note: expanded from macro 'EIGEN_SIZE_MIN_PREFER_FIXED'
 1306 |                            : ((int)b == Dynamic) ? (int)a \
      |                               ^    ~
In file included from chemistrySolver/canteraChemistrySolvers.C:27:
In file included from lnInclude/canteraChemistryModel.H:209:
In file included from lnInclude/canteraChemistryModelI.H:35:
In file included from /work/09629/m_hland10/ls6/cantera/include/cantera/kinetics/Kinetics.h:14:
In file included from /work/09629/m_hland10/ls6/cantera/include/cantera/kinetics/StoichManager.h:11:
In file included from /work/09629/m_hland10/ls6/cantera/include/cantera/numerics/eigen_sparse.h:12:
In file included from /scratch/tacc/apps/intel19/eigen/3.4.0/include/eigen3/Eigen/Sparse:26:
In file included from /scratch/tacc/apps/intel19/eigen/3.4.0/include/eigen3/Eigen/SparseCore:11:
In file included from /scratch/tacc/apps/intel19/eigen/3.4.0/include/eigen3/Eigen/Core:322:
/scratch/tacc/apps/intel19/eigen/3.4.0/include/eigen3/Eigen/src/Core/GeneralProduct.h:62:13: warning: use of old-style cast [-Wold-style-cast]
   62 |     Depth = EIGEN_SIZE_MIN_PREFER_FIXED(traits<_Lhs>::ColsAtCompileTime,
      |             ^                           ~~~~~~~~~~~~~~~~~~~~~~~~~~~~~~~
/scratch/tacc/apps/intel19/eigen/3.4.0/include/eigen3/Eigen/src/Core/util/Macros.h:1306:52: note: expanded from macro 'EIGEN_SIZE_MIN_PREFER_FIXED'
 1306 |                            : ((int)b == Dynamic) ? (int)a \
      |                                                    ^    ~
In file included from chemistrySolver/canteraChemistrySolvers.C:27:
In file included from lnInclude/canteraChemistryModel.H:209:
In file included from lnInclude/canteraChemistryModelI.H:35:
In file included from /work/09629/m_hland10/ls6/cantera/include/cantera/kinetics/Kinetics.h:14:
In file included from /work/09629/m_hland10/ls6/cantera/include/cantera/kinetics/StoichManager.h:11:
In file included from /work/09629/m_hland10/ls6/cantera/include/cantera/numerics/eigen_sparse.h:12:
In file included from /scratch/tacc/apps/intel19/eigen/3.4.0/include/eigen3/Eigen/Sparse:26:
In file included from /scratch/tacc/apps/intel19/eigen/3.4.0/include/eigen3/Eigen/SparseCore:11:
In file included from /scratch/tacc/apps/intel19/eigen/3.4.0/include/eigen3/Eigen/Core:322:
/scratch/tacc/apps/intel19/eigen/3.4.0/include/eigen3/Eigen/src/Core/GeneralProduct.h:62:13: warning: use of old-style cast [-Wold-style-cast]
   62 |     Depth = EIGEN_SIZE_MIN_PREFER_FIXED(traits<_Lhs>::ColsAtCompileTime,
      |             ^                           ~~~~~~~~~~~~~~~~~~~~~~~~~~~~~~~
/scratch/tacc/apps/intel19/eigen/3.4.0/include/eigen3/Eigen/src/Core/util/Macros.h:1307:31: note: expanded from macro 'EIGEN_SIZE_MIN_PREFER_FIXED'
 1307 |                            : ((int)a <= (int)b) ? (int)a : (int)b)
      |                               ^    ~
In file included from chemistrySolver/canteraChemistrySolvers.C:27:
In file included from lnInclude/canteraChemistryModel.H:209:
In file included from lnInclude/canteraChemistryModelI.H:35:
In file included from /work/09629/m_hland10/ls6/cantera/include/cantera/kinetics/Kinetics.h:14:
In file included from /work/09629/m_hland10/ls6/cantera/include/cantera/kinetics/StoichManager.h:11:
In file included from /work/09629/m_hland10/ls6/cantera/include/cantera/numerics/eigen_sparse.h:12:
In file included from /scratch/tacc/apps/intel19/eigen/3.4.0/include/eigen3/Eigen/Sparse:26:
In file included from /scratch/tacc/apps/intel19/eigen/3.4.0/include/eigen3/Eigen/SparseCore:11:
In file included from /scratch/tacc/apps/intel19/eigen/3.4.0/include/eigen3/Eigen/Core:322:
/scratch/tacc/apps/intel19/eigen/3.4.0/include/eigen3/Eigen/src/Core/GeneralProduct.h:62:13: warning: use of old-style cast [-Wold-style-cast]
   62 |     Depth = EIGEN_SIZE_MIN_PREFER_FIXED(traits<_Lhs>::ColsAtCompileTime,
      |             ^
   63 |                                         traits<_Rhs>::RowsAtCompileTime)
      |                                         ~~~~~~~~~~~~~~~~~~~~~~~~~~~~~~~
/scratch/tacc/apps/intel19/eigen/3.4.0/include/eigen3/Eigen/src/Core/util/Macros.h:1307:41: note: expanded from macro 'EIGEN_SIZE_MIN_PREFER_FIXED'
 1307 |                            : ((int)a <= (int)b) ? (int)a : (int)b)
      |                                         ^    ~
In file included from chemistrySolver/canteraChemistrySolvers.C:27:
In file included from lnInclude/canteraChemistryModel.H:209:
In file included from lnInclude/canteraChemistryModelI.H:35:
In file included from /work/09629/m_hland10/ls6/cantera/include/cantera/kinetics/Kinetics.h:14:
In file included from /work/09629/m_hland10/ls6/cantera/include/cantera/kinetics/StoichManager.h:11:
In file included from /work/09629/m_hland10/ls6/cantera/include/cantera/numerics/eigen_sparse.h:12:
In file included from /scratch/tacc/apps/intel19/eigen/3.4.0/include/eigen3/Eigen/Sparse:26:
In file included from /scratch/tacc/apps/intel19/eigen/3.4.0/include/eigen3/Eigen/SparseCore:11:
In file included from /scratch/tacc/apps/intel19/eigen/3.4.0/include/eigen3/Eigen/Core:322:
/scratch/tacc/apps/intel19/eigen/3.4.0/include/eigen3/Eigen/src/Core/GeneralProduct.h:62:13: warning: use of old-style cast [-Wold-style-cast]
   62 |     Depth = EIGEN_SIZE_MIN_PREFER_FIXED(traits<_Lhs>::ColsAtCompileTime,
      |             ^                           ~~~~~~~~~~~~~~~~~~~~~~~~~~~~~~~
/scratch/tacc/apps/intel19/eigen/3.4.0/include/eigen3/Eigen/src/Core/util/Macros.h:1307:51: note: expanded from macro 'EIGEN_SIZE_MIN_PREFER_FIXED'
 1307 |                            : ((int)a <= (int)b) ? (int)a : (int)b)
      |                                                   ^    ~
In file included from chemistrySolver/canteraChemistrySolvers.C:27:
In file included from lnInclude/canteraChemistryModel.H:209:
In file included from lnInclude/canteraChemistryModelI.H:35:
In file included from /work/09629/m_hland10/ls6/cantera/include/cantera/kinetics/Kinetics.h:14:
In file included from /work/09629/m_hland10/ls6/cantera/include/cantera/kinetics/StoichManager.h:11:
In file included from /work/09629/m_hland10/ls6/cantera/include/cantera/numerics/eigen_sparse.h:12:
In file included from /scratch/tacc/apps/intel19/eigen/3.4.0/include/eigen3/Eigen/Sparse:26:
In file included from /scratch/tacc/apps/intel19/eigen/3.4.0/include/eigen3/Eigen/SparseCore:11:
In file included from /scratch/tacc/apps/intel19/eigen/3.4.0/include/eigen3/Eigen/Core:322:
/scratch/tacc/apps/intel19/eigen/3.4.0/include/eigen3/Eigen/src/Core/GeneralProduct.h:62:13: warning: use of old-style cast [-Wold-style-cast]
   62 |     Depth = EIGEN_SIZE_MIN_PREFER_FIXED(traits<_Lhs>::ColsAtCompileTime,
      |             ^
   63 |                                         traits<_Rhs>::RowsAtCompileTime)
      |                                         ~~~~~~~~~~~~~~~~~~~~~~~~~~~~~~~
/scratch/tacc/apps/intel19/eigen/3.4.0/include/eigen3/Eigen/src/Core/util/Macros.h:1307:60: note: expanded from macro 'EIGEN_SIZE_MIN_PREFER_FIXED'
 1307 |                            : ((int)a <= (int)b) ? (int)a : (int)b)
      |                                                            ^    ~
In file included from chemistrySolver/canteraChemistrySolvers.C:27:
In file included from lnInclude/canteraChemistryModel.H:209:
In file included from lnInclude/canteraChemistryModelI.H:35:
In file included from /work/09629/m_hland10/ls6/cantera/include/cantera/kinetics/Kinetics.h:14:
In file included from /work/09629/m_hland10/ls6/cantera/include/cantera/kinetics/StoichManager.h:11:
In file included from /work/09629/m_hland10/ls6/cantera/include/cantera/numerics/eigen_sparse.h:12:
In file included from /scratch/tacc/apps/intel19/eigen/3.4.0/include/eigen3/Eigen/Sparse:26:
In file included from /scratch/tacc/apps/intel19/eigen/3.4.0/include/eigen3/Eigen/SparseCore:11:
In file included from /scratch/tacc/apps/intel19/eigen/3.4.0/include/eigen3/Eigen/Core:322:
/scratch/tacc/apps/intel19/eigen/3.4.0/include/eigen3/Eigen/src/Core/GeneralProduct.h:183:32: warning: use of old-style cast [-Wold-style-cast]
  183 |   internal::plain_array<Scalar,EIGEN_SIZE_MIN_PREFER_FIXED(Size,MaxSize),0,EIGEN_PLAIN_ENUM_MIN(AlignedMax,PacketSize)> m_data;
      |                                ^                           ~~~~
/scratch/tacc/apps/intel19/eigen/3.4.0/include/eigen3/Eigen/src/Core/util/Macros.h:1302:45: note: expanded from macro 'EIGEN_SIZE_MIN_PREFER_FIXED'
 1302 | #define EIGEN_SIZE_MIN_PREFER_FIXED(a,b)  (((int)a == 0 || (int)b == 0) ? 0 \
      |                                             ^    ~
In file included from chemistrySolver/canteraChemistrySolvers.C:27:
In file included from lnInclude/canteraChemistryModel.H:209:
In file included from lnInclude/canteraChemistryModelI.H:35:
In file included from /work/09629/m_hland10/ls6/cantera/include/cantera/kinetics/Kinetics.h:14:
In file included from /work/09629/m_hland10/ls6/cantera/include/cantera/kinetics/StoichManager.h:11:
In file included from /work/09629/m_hland10/ls6/cantera/include/cantera/numerics/eigen_sparse.h:12:
In file included from /scratch/tacc/apps/intel19/eigen/3.4.0/include/eigen3/Eigen/Sparse:26:
In file included from /scratch/tacc/apps/intel19/eigen/3.4.0/include/eigen3/Eigen/SparseCore:11:
In file included from /scratch/tacc/apps/intel19/eigen/3.4.0/include/eigen3/Eigen/Core:322:
/scratch/tacc/apps/intel19/eigen/3.4.0/include/eigen3/Eigen/src/Core/GeneralProduct.h:183:32: warning: use of old-style cast [-Wold-style-cast]
  183 |   internal::plain_array<Scalar,EIGEN_SIZE_MIN_PREFER_FIXED(Size,MaxSize),0,EIGEN_PLAIN_ENUM_MIN(AlignedMax,PacketSize)> m_data;
      |                                ^                                ~~~~~~~
/scratch/tacc/apps/intel19/eigen/3.4.0/include/eigen3/Eigen/src/Core/util/Macros.h:1302:60: note: expanded from macro 'EIGEN_SIZE_MIN_PREFER_FIXED'
 1302 | #define EIGEN_SIZE_MIN_PREFER_FIXED(a,b)  (((int)a == 0 || (int)b == 0) ? 0 \
      |                                                            ^    ~
In file included from chemistrySolver/canteraChemistrySolvers.C:27:
In file included from lnInclude/canteraChemistryModel.H:209:
In file included from lnInclude/canteraChemistryModelI.H:35:
In file included from /work/09629/m_hland10/ls6/cantera/include/cantera/kinetics/Kinetics.h:14:
In file included from /work/09629/m_hland10/ls6/cantera/include/cantera/kinetics/StoichManager.h:11:
In file included from /work/09629/m_hland10/ls6/cantera/include/cantera/numerics/eigen_sparse.h:12:
In file included from /scratch/tacc/apps/intel19/eigen/3.4.0/include/eigen3/Eigen/Sparse:26:
In file included from /scratch/tacc/apps/intel19/eigen/3.4.0/include/eigen3/Eigen/SparseCore:11:
In file included from /scratch/tacc/apps/intel19/eigen/3.4.0/include/eigen3/Eigen/Core:322:
/scratch/tacc/apps/intel19/eigen/3.4.0/include/eigen3/Eigen/src/Core/GeneralProduct.h:183:32: warning: use of old-style cast [-Wold-style-cast]
  183 |   internal::plain_array<Scalar,EIGEN_SIZE_MIN_PREFER_FIXED(Size,MaxSize),0,EIGEN_PLAIN_ENUM_MIN(AlignedMax,PacketSize)> m_data;
      |                                ^                           ~~~~
/scratch/tacc/apps/intel19/eigen/3.4.0/include/eigen3/Eigen/src/Core/util/Macros.h:1303:31: note: expanded from macro 'EIGEN_SIZE_MIN_PREFER_FIXED'
 1303 |                            : ((int)a == 1 || (int)b == 1) ? 1 \
      |                               ^    ~
In file included from chemistrySolver/canteraChemistrySolvers.C:27:
In file included from lnInclude/canteraChemistryModel.H:209:
In file included from lnInclude/canteraChemistryModelI.H:35:
In file included from /work/09629/m_hland10/ls6/cantera/include/cantera/kinetics/Kinetics.h:14:
In file included from /work/09629/m_hland10/ls6/cantera/include/cantera/kinetics/StoichManager.h:11:
In file included from /work/09629/m_hland10/ls6/cantera/include/cantera/numerics/eigen_sparse.h:12:
In file included from /scratch/tacc/apps/intel19/eigen/3.4.0/include/eigen3/Eigen/Sparse:26:
In file included from /scratch/tacc/apps/intel19/eigen/3.4.0/include/eigen3/Eigen/SparseCore:11:
In file included from /scratch/tacc/apps/intel19/eigen/3.4.0/include/eigen3/Eigen/Core:322:
/scratch/tacc/apps/intel19/eigen/3.4.0/include/eigen3/Eigen/src/Core/GeneralProduct.h:183:32: warning: use of old-style cast [-Wold-style-cast]
  183 |   internal::plain_array<Scalar,EIGEN_SIZE_MIN_PREFER_FIXED(Size,MaxSize),0,EIGEN_PLAIN_ENUM_MIN(AlignedMax,PacketSize)> m_data;
      |                                ^                                ~~~~~~~
/scratch/tacc/apps/intel19/eigen/3.4.0/include/eigen3/Eigen/src/Core/util/Macros.h:1303:46: note: expanded from macro 'EIGEN_SIZE_MIN_PREFER_FIXED'
 1303 |                            : ((int)a == 1 || (int)b == 1) ? 1 \
      |                                              ^    ~
In file included from chemistrySolver/canteraChemistrySolvers.C:27:
In file included from lnInclude/canteraChemistryModel.H:209:
In file included from lnInclude/canteraChemistryModelI.H:35:
In file included from /work/09629/m_hland10/ls6/cantera/include/cantera/kinetics/Kinetics.h:14:
In file included from /work/09629/m_hland10/ls6/cantera/include/cantera/kinetics/StoichManager.h:11:
In file included from /work/09629/m_hland10/ls6/cantera/include/cantera/numerics/eigen_sparse.h:12:
In file included from /scratch/tacc/apps/intel19/eigen/3.4.0/include/eigen3/Eigen/Sparse:26:
In file included from /scratch/tacc/apps/intel19/eigen/3.4.0/include/eigen3/Eigen/SparseCore:11:
In file included from /scratch/tacc/apps/intel19/eigen/3.4.0/include/eigen3/Eigen/Core:322:
/scratch/tacc/apps/intel19/eigen/3.4.0/include/eigen3/Eigen/src/Core/GeneralProduct.h:183:32: warning: use of old-style cast [-Wold-style-cast]
  183 |   internal::plain_array<Scalar,EIGEN_SIZE_MIN_PREFER_FIXED(Size,MaxSize),0,EIGEN_PLAIN_ENUM_MIN(AlignedMax,PacketSize)> m_data;
      |                                ^                           ~~~~
/scratch/tacc/apps/intel19/eigen/3.4.0/include/eigen3/Eigen/src/Core/util/Macros.h:1304:31: note: expanded from macro 'EIGEN_SIZE_MIN_PREFER_FIXED'
 1304 |                            : ((int)a == Dynamic && (int)b == Dynamic) ? Dynamic \
      |                               ^    ~
In file included from chemistrySolver/canteraChemistrySolvers.C:27:
In file included from lnInclude/canteraChemistryModel.H:209:
In file included from lnInclude/canteraChemistryModelI.H:35:
In file included from /work/09629/m_hland10/ls6/cantera/include/cantera/kinetics/Kinetics.h:14:
In file included from /work/09629/m_hland10/ls6/cantera/include/cantera/kinetics/StoichManager.h:11:
In file included from /work/09629/m_hland10/ls6/cantera/include/cantera/numerics/eigen_sparse.h:12:
In file included from /scratch/tacc/apps/intel19/eigen/3.4.0/include/eigen3/Eigen/Sparse:26:
In file included from /scratch/tacc/apps/intel19/eigen/3.4.0/include/eigen3/Eigen/SparseCore:11:
In file included from /scratch/tacc/apps/intel19/eigen/3.4.0/include/eigen3/Eigen/Core:322:
/scratch/tacc/apps/intel19/eigen/3.4.0/include/eigen3/Eigen/src/Core/GeneralProduct.h:183:32: warning: use of old-style cast [-Wold-style-cast]
  183 |   internal::plain_array<Scalar,EIGEN_SIZE_MIN_PREFER_FIXED(Size,MaxSize),0,EIGEN_PLAIN_ENUM_MIN(AlignedMax,PacketSize)> m_data;
      |                                ^                                ~~~~~~~
/scratch/tacc/apps/intel19/eigen/3.4.0/include/eigen3/Eigen/src/Core/util/Macros.h:1304:52: note: expanded from macro 'EIGEN_SIZE_MIN_PREFER_FIXED'
 1304 |                            : ((int)a == Dynamic && (int)b == Dynamic) ? Dynamic \
      |                                                    ^    ~
In file included from chemistrySolver/canteraChemistrySolvers.C:27:
In file included from lnInclude/canteraChemistryModel.H:209:
In file included from lnInclude/canteraChemistryModelI.H:35:
In file included from /work/09629/m_hland10/ls6/cantera/include/cantera/kinetics/Kinetics.h:14:
In file included from /work/09629/m_hland10/ls6/cantera/include/cantera/kinetics/StoichManager.h:11:
In file included from /work/09629/m_hland10/ls6/cantera/include/cantera/numerics/eigen_sparse.h:12:
In file included from /scratch/tacc/apps/intel19/eigen/3.4.0/include/eigen3/Eigen/Sparse:26:
In file included from /scratch/tacc/apps/intel19/eigen/3.4.0/include/eigen3/Eigen/SparseCore:11:
In file included from /scratch/tacc/apps/intel19/eigen/3.4.0/include/eigen3/Eigen/Core:322:
/scratch/tacc/apps/intel19/eigen/3.4.0/include/eigen3/Eigen/src/Core/GeneralProduct.h:183:32: warning: use of old-style cast [-Wold-style-cast]
  183 |   internal::plain_array<Scalar,EIGEN_SIZE_MIN_PREFER_FIXED(Size,MaxSize),0,EIGEN_PLAIN_ENUM_MIN(AlignedMax,PacketSize)> m_data;
      |                                ^                           ~~~~
/scratch/tacc/apps/intel19/eigen/3.4.0/include/eigen3/Eigen/src/Core/util/Macros.h:1305:31: note: expanded from macro 'EIGEN_SIZE_MIN_PREFER_FIXED'
 1305 |                            : ((int)a == Dynamic) ? (int)b \
      |                               ^    ~
In file included from chemistrySolver/canteraChemistrySolvers.C:27:
In file included from lnInclude/canteraChemistryModel.H:209:
In file included from lnInclude/canteraChemistryModelI.H:35:
In file included from /work/09629/m_hland10/ls6/cantera/include/cantera/kinetics/Kinetics.h:14:
In file included from /work/09629/m_hland10/ls6/cantera/include/cantera/kinetics/StoichManager.h:11:
In file included from /work/09629/m_hland10/ls6/cantera/include/cantera/numerics/eigen_sparse.h:12:
In file included from /scratch/tacc/apps/intel19/eigen/3.4.0/include/eigen3/Eigen/Sparse:26:
In file included from /scratch/tacc/apps/intel19/eigen/3.4.0/include/eigen3/Eigen/SparseCore:11:
In file included from /scratch/tacc/apps/intel19/eigen/3.4.0/include/eigen3/Eigen/Core:322:
/scratch/tacc/apps/intel19/eigen/3.4.0/include/eigen3/Eigen/src/Core/GeneralProduct.h:183:32: warning: use of old-style cast [-Wold-style-cast]
  183 |   internal::plain_array<Scalar,EIGEN_SIZE_MIN_PREFER_FIXED(Size,MaxSize),0,EIGEN_PLAIN_ENUM_MIN(AlignedMax,PacketSize)> m_data;
      |                                ^                                ~~~~~~~
/scratch/tacc/apps/intel19/eigen/3.4.0/include/eigen3/Eigen/src/Core/util/Macros.h:1305:52: note: expanded from macro 'EIGEN_SIZE_MIN_PREFER_FIXED'
 1305 |                            : ((int)a == Dynamic) ? (int)b \
      |                                                    ^    ~
In file included from chemistrySolver/canteraChemistrySolvers.C:27:
In file included from lnInclude/canteraChemistryModel.H:209:
In file included from lnInclude/canteraChemistryModelI.H:35:
In file included from /work/09629/m_hland10/ls6/cantera/include/cantera/kinetics/Kinetics.h:14:
In file included from /work/09629/m_hland10/ls6/cantera/include/cantera/kinetics/StoichManager.h:11:
In file included from /work/09629/m_hland10/ls6/cantera/include/cantera/numerics/eigen_sparse.h:12:
In file included from /scratch/tacc/apps/intel19/eigen/3.4.0/include/eigen3/Eigen/Sparse:26:
In file included from /scratch/tacc/apps/intel19/eigen/3.4.0/include/eigen3/Eigen/SparseCore:11:
In file included from /scratch/tacc/apps/intel19/eigen/3.4.0/include/eigen3/Eigen/Core:322:
/scratch/tacc/apps/intel19/eigen/3.4.0/include/eigen3/Eigen/src/Core/GeneralProduct.h:183:32: warning: use of old-style cast [-Wold-style-cast]
  183 |   internal::plain_array<Scalar,EIGEN_SIZE_MIN_PREFER_FIXED(Size,MaxSize),0,EIGEN_PLAIN_ENUM_MIN(AlignedMax,PacketSize)> m_data;
      |                                ^                                ~~~~~~~
/scratch/tacc/apps/intel19/eigen/3.4.0/include/eigen3/Eigen/src/Core/util/Macros.h:1306:31: note: expanded from macro 'EIGEN_SIZE_MIN_PREFER_FIXED'
 1306 |                            : ((int)b == Dynamic) ? (int)a \
      |                               ^    ~
In file included from chemistrySolver/canteraChemistrySolvers.C:27:
In file included from lnInclude/canteraChemistryModel.H:209:
In file included from lnInclude/canteraChemistryModelI.H:35:
In file included from /work/09629/m_hland10/ls6/cantera/include/cantera/kinetics/Kinetics.h:14:
In file included from /work/09629/m_hland10/ls6/cantera/include/cantera/kinetics/StoichManager.h:11:
In file included from /work/09629/m_hland10/ls6/cantera/include/cantera/numerics/eigen_sparse.h:12:
In file included from /scratch/tacc/apps/intel19/eigen/3.4.0/include/eigen3/Eigen/Sparse:26:
In file included from /scratch/tacc/apps/intel19/eigen/3.4.0/include/eigen3/Eigen/SparseCore:11:
In file included from /scratch/tacc/apps/intel19/eigen/3.4.0/include/eigen3/Eigen/Core:322:
/scratch/tacc/apps/intel19/eigen/3.4.0/include/eigen3/Eigen/src/Core/GeneralProduct.h:183:32: warning: use of old-style cast [-Wold-style-cast]
  183 |   internal::plain_array<Scalar,EIGEN_SIZE_MIN_PREFER_FIXED(Size,MaxSize),0,EIGEN_PLAIN_ENUM_MIN(AlignedMax,PacketSize)> m_data;
      |                                ^                           ~~~~
/scratch/tacc/apps/intel19/eigen/3.4.0/include/eigen3/Eigen/src/Core/util/Macros.h:1306:52: note: expanded from macro 'EIGEN_SIZE_MIN_PREFER_FIXED'
 1306 |                            : ((int)b == Dynamic) ? (int)a \
      |                                                    ^    ~
In file included from chemistrySolver/canteraChemistrySolvers.C:27:
In file included from lnInclude/canteraChemistryModel.H:209:
In file included from lnInclude/canteraChemistryModelI.H:35:
In file included from /work/09629/m_hland10/ls6/cantera/include/cantera/kinetics/Kinetics.h:14:
In file included from /work/09629/m_hland10/ls6/cantera/include/cantera/kinetics/StoichManager.h:11:
In file included from /work/09629/m_hland10/ls6/cantera/include/cantera/numerics/eigen_sparse.h:12:
In file included from /scratch/tacc/apps/intel19/eigen/3.4.0/include/eigen3/Eigen/Sparse:26:
In file included from /scratch/tacc/apps/intel19/eigen/3.4.0/include/eigen3/Eigen/SparseCore:11:
In file included from /scratch/tacc/apps/intel19/eigen/3.4.0/include/eigen3/Eigen/Core:322:
/scratch/tacc/apps/intel19/eigen/3.4.0/include/eigen3/Eigen/src/Core/GeneralProduct.h:183:32: warning: use of old-style cast [-Wold-style-cast]
  183 |   internal::plain_array<Scalar,EIGEN_SIZE_MIN_PREFER_FIXED(Size,MaxSize),0,EIGEN_PLAIN_ENUM_MIN(AlignedMax,PacketSize)> m_data;
      |                                ^                           ~~~~
/scratch/tacc/apps/intel19/eigen/3.4.0/include/eigen3/Eigen/src/Core/util/Macros.h:1307:31: note: expanded from macro 'EIGEN_SIZE_MIN_PREFER_FIXED'
 1307 |                            : ((int)a <= (int)b) ? (int)a : (int)b)
      |                               ^    ~
In file included from chemistrySolver/canteraChemistrySolvers.C:27:
In file included from lnInclude/canteraChemistryModel.H:209:
In file included from lnInclude/canteraChemistryModelI.H:35:
In file included from /work/09629/m_hland10/ls6/cantera/include/cantera/kinetics/Kinetics.h:14:
In file included from /work/09629/m_hland10/ls6/cantera/include/cantera/kinetics/StoichManager.h:11:
In file included from /work/09629/m_hland10/ls6/cantera/include/cantera/numerics/eigen_sparse.h:12:
In file included from /scratch/tacc/apps/intel19/eigen/3.4.0/include/eigen3/Eigen/Sparse:26:
In file included from /scratch/tacc/apps/intel19/eigen/3.4.0/include/eigen3/Eigen/SparseCore:11:
In file included from /scratch/tacc/apps/intel19/eigen/3.4.0/include/eigen3/Eigen/Core:322:
/scratch/tacc/apps/intel19/eigen/3.4.0/include/eigen3/Eigen/src/Core/GeneralProduct.h:183:32: warning: use of old-style cast [-Wold-style-cast]
  183 |   internal::plain_array<Scalar,EIGEN_SIZE_MIN_PREFER_FIXED(Size,MaxSize),0,EIGEN_PLAIN_ENUM_MIN(AlignedMax,PacketSize)> m_data;
      |                                ^                                ~~~~~~~
/scratch/tacc/apps/intel19/eigen/3.4.0/include/eigen3/Eigen/src/Core/util/Macros.h:1307:41: note: expanded from macro 'EIGEN_SIZE_MIN_PREFER_FIXED'
 1307 |                            : ((int)a <= (int)b) ? (int)a : (int)b)
      |                                         ^    ~
In file included from chemistrySolver/canteraChemistrySolvers.C:27:
In file included from lnInclude/canteraChemistryModel.H:209:
In file included from lnInclude/canteraChemistryModelI.H:35:
In file included from /work/09629/m_hland10/ls6/cantera/include/cantera/kinetics/Kinetics.h:14:
In file included from /work/09629/m_hland10/ls6/cantera/include/cantera/kinetics/StoichManager.h:11:
In file included from /work/09629/m_hland10/ls6/cantera/include/cantera/numerics/eigen_sparse.h:12:
In file included from /scratch/tacc/apps/intel19/eigen/3.4.0/include/eigen3/Eigen/Sparse:26:
In file included from /scratch/tacc/apps/intel19/eigen/3.4.0/include/eigen3/Eigen/SparseCore:11:
In file included from /scratch/tacc/apps/intel19/eigen/3.4.0/include/eigen3/Eigen/Core:322:
/scratch/tacc/apps/intel19/eigen/3.4.0/include/eigen3/Eigen/src/Core/GeneralProduct.h:183:32: warning: use of old-style cast [-Wold-style-cast]
  183 |   internal::plain_array<Scalar,EIGEN_SIZE_MIN_PREFER_FIXED(Size,MaxSize),0,EIGEN_PLAIN_ENUM_MIN(AlignedMax,PacketSize)> m_data;
      |                                ^                           ~~~~
/scratch/tacc/apps/intel19/eigen/3.4.0/include/eigen3/Eigen/src/Core/util/Macros.h:1307:51: note: expanded from macro 'EIGEN_SIZE_MIN_PREFER_FIXED'
 1307 |                            : ((int)a <= (int)b) ? (int)a : (int)b)
      |                                                   ^    ~
In file included from chemistrySolver/canteraChemistrySolvers.C:27:
In file included from lnInclude/canteraChemistryModel.H:209:
In file included from lnInclude/canteraChemistryModelI.H:35:
In file included from /work/09629/m_hland10/ls6/cantera/include/cantera/kinetics/Kinetics.h:14:
In file included from /work/09629/m_hland10/ls6/cantera/include/cantera/kinetics/StoichManager.h:11:
In file included from /work/09629/m_hland10/ls6/cantera/include/cantera/numerics/eigen_sparse.h:12:
In file included from /scratch/tacc/apps/intel19/eigen/3.4.0/include/eigen3/Eigen/Sparse:26:
In file included from /scratch/tacc/apps/intel19/eigen/3.4.0/include/eigen3/Eigen/SparseCore:11:
In file included from /scratch/tacc/apps/intel19/eigen/3.4.0/include/eigen3/Eigen/Core:322:
/scratch/tacc/apps/intel19/eigen/3.4.0/include/eigen3/Eigen/src/Core/GeneralProduct.h:183:32: warning: use of old-style cast [-Wold-style-cast]
  183 |   internal::plain_array<Scalar,EIGEN_SIZE_MIN_PREFER_FIXED(Size,MaxSize),0,EIGEN_PLAIN_ENUM_MIN(AlignedMax,PacketSize)> m_data;
      |                                ^                                ~~~~~~~
/scratch/tacc/apps/intel19/eigen/3.4.0/include/eigen3/Eigen/src/Core/util/Macros.h:1307:60: note: expanded from macro 'EIGEN_SIZE_MIN_PREFER_FIXED'
 1307 |                            : ((int)a <= (int)b) ? (int)a : (int)b)
      |                                                            ^    ~
In file included from chemistrySolver/canteraChemistrySolvers.C:27:
In file included from lnInclude/canteraChemistryModel.H:209:
In file included from lnInclude/canteraChemistryModelI.H:35:
In file included from /work/09629/m_hland10/ls6/cantera/include/cantera/kinetics/Kinetics.h:14:
In file included from /work/09629/m_hland10/ls6/cantera/include/cantera/kinetics/StoichManager.h:11:
In file included from /work/09629/m_hland10/ls6/cantera/include/cantera/numerics/eigen_sparse.h:12:
In file included from /scratch/tacc/apps/intel19/eigen/3.4.0/include/eigen3/Eigen/Sparse:26:
In file included from /scratch/tacc/apps/intel19/eigen/3.4.0/include/eigen3/Eigen/SparseCore:11:
In file included from /scratch/tacc/apps/intel19/eigen/3.4.0/include/eigen3/Eigen/Core:322:
/scratch/tacc/apps/intel19/eigen/3.4.0/include/eigen3/Eigen/src/Core/GeneralProduct.h:183:76: warning: use of old-style cast [-Wold-style-cast]
  183 |   internal::plain_array<Scalar,EIGEN_SIZE_MIN_PREFER_FIXED(Size,MaxSize),0,EIGEN_PLAIN_ENUM_MIN(AlignedMax,PacketSize)> m_data;
      |                                                                            ^                    ~~~~~~~~~~
/scratch/tacc/apps/intel19/eigen/3.4.0/include/eigen3/Eigen/src/Core/util/Macros.h:1288:37: note: expanded from macro 'EIGEN_PLAIN_ENUM_MIN'
 1288 | #define EIGEN_PLAIN_ENUM_MIN(a,b) (((int)a <= (int)b) ? (int)a : (int)b)
      |                                     ^    ~
In file included from chemistrySolver/canteraChemistrySolvers.C:27:
In file included from lnInclude/canteraChemistryModel.H:209:
In file included from lnInclude/canteraChemistryModelI.H:35:
In file included from /work/09629/m_hland10/ls6/cantera/include/cantera/kinetics/Kinetics.h:14:
In file included from /work/09629/m_hland10/ls6/cantera/include/cantera/kinetics/StoichManager.h:11:
In file included from /work/09629/m_hland10/ls6/cantera/include/cantera/numerics/eigen_sparse.h:12:
In file included from /scratch/tacc/apps/intel19/eigen/3.4.0/include/eigen3/Eigen/Sparse:26:
In file included from /scratch/tacc/apps/intel19/eigen/3.4.0/include/eigen3/Eigen/SparseCore:11:
In file included from /scratch/tacc/apps/intel19/eigen/3.4.0/include/eigen3/Eigen/Core:322:
/scratch/tacc/apps/intel19/eigen/3.4.0/include/eigen3/Eigen/src/Core/GeneralProduct.h:183:76: warning: use of old-style cast [-Wold-style-cast]
  183 |   internal::plain_array<Scalar,EIGEN_SIZE_MIN_PREFER_FIXED(Size,MaxSize),0,EIGEN_PLAIN_ENUM_MIN(AlignedMax,PacketSize)> m_data;
      |                                                                            ^                               ~~~~~~~~~~
/scratch/tacc/apps/intel19/eigen/3.4.0/include/eigen3/Eigen/src/Core/util/Macros.h:1288:47: note: expanded from macro 'EIGEN_PLAIN_ENUM_MIN'
 1288 | #define EIGEN_PLAIN_ENUM_MIN(a,b) (((int)a <= (int)b) ? (int)a : (int)b)
      |                                               ^    ~
In file included from chemistrySolver/canteraChemistrySolvers.C:27:
In file included from lnInclude/canteraChemistryModel.H:209:
In file included from lnInclude/canteraChemistryModelI.H:35:
In file included from /work/09629/m_hland10/ls6/cantera/include/cantera/kinetics/Kinetics.h:14:
In file included from /work/09629/m_hland10/ls6/cantera/include/cantera/kinetics/StoichManager.h:11:
In file included from /work/09629/m_hland10/ls6/cantera/include/cantera/numerics/eigen_sparse.h:12:
In file included from /scratch/tacc/apps/intel19/eigen/3.4.0/include/eigen3/Eigen/Sparse:26:
In file included from /scratch/tacc/apps/intel19/eigen/3.4.0/include/eigen3/Eigen/SparseCore:11:
In file included from /scratch/tacc/apps/intel19/eigen/3.4.0/include/eigen3/Eigen/Core:322:
/scratch/tacc/apps/intel19/eigen/3.4.0/include/eigen3/Eigen/src/Core/GeneralProduct.h:183:76: warning: use of old-style cast [-Wold-style-cast]
  183 |   internal::plain_array<Scalar,EIGEN_SIZE_MIN_PREFER_FIXED(Size,MaxSize),0,EIGEN_PLAIN_ENUM_MIN(AlignedMax,PacketSize)> m_data;
      |                                                                            ^                    ~~~~~~~~~~
/scratch/tacc/apps/intel19/eigen/3.4.0/include/eigen3/Eigen/src/Core/util/Macros.h:1288:57: note: expanded from macro 'EIGEN_PLAIN_ENUM_MIN'
 1288 | #define EIGEN_PLAIN_ENUM_MIN(a,b) (((int)a <= (int)b) ? (int)a : (int)b)
      |                                                         ^    ~
In file included from chemistrySolver/canteraChemistrySolvers.C:27:
In file included from lnInclude/canteraChemistryModel.H:209:
In file included from lnInclude/canteraChemistryModelI.H:35:
In file included from /work/09629/m_hland10/ls6/cantera/include/cantera/kinetics/Kinetics.h:14:
In file included from /work/09629/m_hland10/ls6/cantera/include/cantera/kinetics/StoichManager.h:11:
In file included from /work/09629/m_hland10/ls6/cantera/include/cantera/numerics/eigen_sparse.h:12:
In file included from /scratch/tacc/apps/intel19/eigen/3.4.0/include/eigen3/Eigen/Sparse:26:
In file included from /scratch/tacc/apps/intel19/eigen/3.4.0/include/eigen3/Eigen/SparseCore:11:
In file included from /scratch/tacc/apps/intel19/eigen/3.4.0/include/eigen3/Eigen/Core:322:
/scratch/tacc/apps/intel19/eigen/3.4.0/include/eigen3/Eigen/src/Core/GeneralProduct.h:183:76: warning: use of old-style cast [-Wold-style-cast]
  183 |   internal::plain_array<Scalar,EIGEN_SIZE_MIN_PREFER_FIXED(Size,MaxSize),0,EIGEN_PLAIN_ENUM_MIN(AlignedMax,PacketSize)> m_data;
      |                                                                            ^                               ~~~~~~~~~~
/scratch/tacc/apps/intel19/eigen/3.4.0/include/eigen3/Eigen/src/Core/util/Macros.h:1288:66: note: expanded from macro 'EIGEN_PLAIN_ENUM_MIN'
 1288 | #define EIGEN_PLAIN_ENUM_MIN(a,b) (((int)a <= (int)b) ? (int)a : (int)b)
      |                                                                  ^    ~
In file included from chemistrySolver/canteraChemistrySolvers.C:27:
In file included from lnInclude/canteraChemistryModel.H:209:
In file included from lnInclude/canteraChemistryModelI.H:35:
In file included from /work/09629/m_hland10/ls6/cantera/include/cantera/kinetics/Kinetics.h:14:
In file included from /work/09629/m_hland10/ls6/cantera/include/cantera/kinetics/StoichManager.h:11:
In file included from /work/09629/m_hland10/ls6/cantera/include/cantera/numerics/eigen_sparse.h:12:
In file included from /scratch/tacc/apps/intel19/eigen/3.4.0/include/eigen3/Eigen/Sparse:26:
In file included from /scratch/tacc/apps/intel19/eigen/3.4.0/include/eigen3/Eigen/SparseCore:11:
In file included from /scratch/tacc/apps/intel19/eigen/3.4.0/include/eigen3/Eigen/Core:322:
/scratch/tacc/apps/intel19/eigen/3.4.0/include/eigen3/Eigen/src/Core/GeneralProduct.h:226:46: warning: use of old-style cast [-Wold-style-cast]
  226 |     typedef Map<Matrix<ResScalar,Dynamic,1>, EIGEN_PLAIN_ENUM_MIN(AlignedMax,internal::packet_traits<ResScalar>::size)> MappedDest;
      |                                              ^                    ~~~~~~~~~~
/scratch/tacc/apps/intel19/eigen/3.4.0/include/eigen3/Eigen/src/Core/util/Macros.h:1288:37: note: expanded from macro 'EIGEN_PLAIN_ENUM_MIN'
 1288 | #define EIGEN_PLAIN_ENUM_MIN(a,b) (((int)a <= (int)b) ? (int)a : (int)b)
      |                                     ^    ~
In file included from chemistrySolver/canteraChemistrySolvers.C:27:
In file included from lnInclude/canteraChemistryModel.H:209:
In file included from lnInclude/canteraChemistryModelI.H:35:
In file included from /work/09629/m_hland10/ls6/cantera/include/cantera/kinetics/Kinetics.h:14:
In file included from /work/09629/m_hland10/ls6/cantera/include/cantera/kinetics/StoichManager.h:11:
In file included from /work/09629/m_hland10/ls6/cantera/include/cantera/numerics/eigen_sparse.h:12:
In file included from /scratch/tacc/apps/intel19/eigen/3.4.0/include/eigen3/Eigen/Sparse:26:
In file included from /scratch/tacc/apps/intel19/eigen/3.4.0/include/eigen3/Eigen/SparseCore:11:
In file included from /scratch/tacc/apps/intel19/eigen/3.4.0/include/eigen3/Eigen/Core:322:
/scratch/tacc/apps/intel19/eigen/3.4.0/include/eigen3/Eigen/src/Core/GeneralProduct.h:226:46: warning: use of old-style cast [-Wold-style-cast]
  226 |     typedef Map<Matrix<ResScalar,Dynamic,1>, EIGEN_PLAIN_ENUM_MIN(AlignedMax,internal::packet_traits<ResScalar>::size)> MappedDest;
      |                                              ^                               ~~~~~~~~~~~~~~~~~~~~~~~~~~~~~~~~~~~~~~~~
/scratch/tacc/apps/intel19/eigen/3.4.0/include/eigen3/Eigen/src/Core/util/Macros.h:1288:47: note: expanded from macro 'EIGEN_PLAIN_ENUM_MIN'
 1288 | #define EIGEN_PLAIN_ENUM_MIN(a,b) (((int)a <= (int)b) ? (int)a : (int)b)
      |                                               ^    ~
In file included from chemistrySolver/canteraChemistrySolvers.C:27:
In file included from lnInclude/canteraChemistryModel.H:209:
In file included from lnInclude/canteraChemistryModelI.H:35:
In file included from /work/09629/m_hland10/ls6/cantera/include/cantera/kinetics/Kinetics.h:14:
In file included from /work/09629/m_hland10/ls6/cantera/include/cantera/kinetics/StoichManager.h:11:
In file included from /work/09629/m_hland10/ls6/cantera/include/cantera/numerics/eigen_sparse.h:12:
In file included from /scratch/tacc/apps/intel19/eigen/3.4.0/include/eigen3/Eigen/Sparse:26:
In file included from /scratch/tacc/apps/intel19/eigen/3.4.0/include/eigen3/Eigen/SparseCore:11:
In file included from /scratch/tacc/apps/intel19/eigen/3.4.0/include/eigen3/Eigen/Core:322:
/scratch/tacc/apps/intel19/eigen/3.4.0/include/eigen3/Eigen/src/Core/GeneralProduct.h:226:46: warning: use of old-style cast [-Wold-style-cast]
  226 |     typedef Map<Matrix<ResScalar,Dynamic,1>, EIGEN_PLAIN_ENUM_MIN(AlignedMax,internal::packet_traits<ResScalar>::size)> MappedDest;
      |                                              ^                    ~~~~~~~~~~
/scratch/tacc/apps/intel19/eigen/3.4.0/include/eigen3/Eigen/src/Core/util/Macros.h:1288:57: note: expanded from macro 'EIGEN_PLAIN_ENUM_MIN'
 1288 | #define EIGEN_PLAIN_ENUM_MIN(a,b) (((int)a <= (int)b) ? (int)a : (int)b)
      |                                                         ^    ~
In file included from chemistrySolver/canteraChemistrySolvers.C:27:
In file included from lnInclude/canteraChemistryModel.H:209:
In file included from lnInclude/canteraChemistryModelI.H:35:
In file included from /work/09629/m_hland10/ls6/cantera/include/cantera/kinetics/Kinetics.h:14:
In file included from /work/09629/m_hland10/ls6/cantera/include/cantera/kinetics/StoichManager.h:11:
In file included from /work/09629/m_hland10/ls6/cantera/include/cantera/numerics/eigen_sparse.h:12:
In file included from /scratch/tacc/apps/intel19/eigen/3.4.0/include/eigen3/Eigen/Sparse:26:
In file included from /scratch/tacc/apps/intel19/eigen/3.4.0/include/eigen3/Eigen/SparseCore:11:
In file included from /scratch/tacc/apps/intel19/eigen/3.4.0/include/eigen3/Eigen/Core:322:
/scratch/tacc/apps/intel19/eigen/3.4.0/include/eigen3/Eigen/src/Core/GeneralProduct.h:226:46: warning: use of old-style cast [-Wold-style-cast]
  226 |     typedef Map<Matrix<ResScalar,Dynamic,1>, EIGEN_PLAIN_ENUM_MIN(AlignedMax,internal::packet_traits<ResScalar>::size)> MappedDest;
      |                                              ^                               ~~~~~~~~~~~~~~~~~~~~~~~~~~~~~~~~~~~~~~~~
/scratch/tacc/apps/intel19/eigen/3.4.0/include/eigen3/Eigen/src/Core/util/Macros.h:1288:66: note: expanded from macro 'EIGEN_PLAIN_ENUM_MIN'
 1288 | #define EIGEN_PLAIN_ENUM_MIN(a,b) (((int)a <= (int)b) ? (int)a : (int)b)
      |                                                                  ^    ~
In file included from chemistrySolver/canteraChemistrySolvers.C:27:
In file included from lnInclude/canteraChemistryModel.H:209:
In file included from lnInclude/canteraChemistryModelI.H:35:
In file included from /work/09629/m_hland10/ls6/cantera/include/cantera/kinetics/Kinetics.h:14:
In file included from /work/09629/m_hland10/ls6/cantera/include/cantera/kinetics/StoichManager.h:11:
In file included from /work/09629/m_hland10/ls6/cantera/include/cantera/numerics/eigen_sparse.h:12:
In file included from /scratch/tacc/apps/intel19/eigen/3.4.0/include/eigen3/Eigen/Sparse:26:
In file included from /scratch/tacc/apps/intel19/eigen/3.4.0/include/eigen3/Eigen/SparseCore:11:
In file included from /scratch/tacc/apps/intel19/eigen/3.4.0/include/eigen3/Eigen/Core:330:
/scratch/tacc/apps/intel19/eigen/3.4.0/include/eigen3/Eigen/src/Core/products/GeneralBlockPanelKernel.h:443:19: warning: use of old-style cast [-Wold-style-cast]
  443 |     default_mr = (EIGEN_PLAIN_ENUM_MIN(16,NumberOfRegisters)/2/nr)*LhsPacketSize,
      |                   ^                    ~~
/scratch/tacc/apps/intel19/eigen/3.4.0/include/eigen3/Eigen/src/Core/util/Macros.h:1288:37: note: expanded from macro 'EIGEN_PLAIN_ENUM_MIN'
 1288 | #define EIGEN_PLAIN_ENUM_MIN(a,b) (((int)a <= (int)b) ? (int)a : (int)b)
      |                                     ^    ~
In file included from chemistrySolver/canteraChemistrySolvers.C:27:
In file included from lnInclude/canteraChemistryModel.H:209:
In file included from lnInclude/canteraChemistryModelI.H:35:
In file included from /work/09629/m_hland10/ls6/cantera/include/cantera/kinetics/Kinetics.h:14:
In file included from /work/09629/m_hland10/ls6/cantera/include/cantera/kinetics/StoichManager.h:11:
In file included from /work/09629/m_hland10/ls6/cantera/include/cantera/numerics/eigen_sparse.h:12:
In file included from /scratch/tacc/apps/intel19/eigen/3.4.0/include/eigen3/Eigen/Sparse:26:
In file included from /scratch/tacc/apps/intel19/eigen/3.4.0/include/eigen3/Eigen/SparseCore:11:
In file included from /scratch/tacc/apps/intel19/eigen/3.4.0/include/eigen3/Eigen/Core:330:
/scratch/tacc/apps/intel19/eigen/3.4.0/include/eigen3/Eigen/src/Core/products/GeneralBlockPanelKernel.h:443:19: warning: use of old-style cast [-Wold-style-cast]
  443 |     default_mr = (EIGEN_PLAIN_ENUM_MIN(16,NumberOfRegisters)/2/nr)*LhsPacketSize,
      |                   ^                       ~~~~~~~~~~~~~~~~~
/scratch/tacc/apps/intel19/eigen/3.4.0/include/eigen3/Eigen/src/Core/util/Macros.h:1288:47: note: expanded from macro 'EIGEN_PLAIN_ENUM_MIN'
 1288 | #define EIGEN_PLAIN_ENUM_MIN(a,b) (((int)a <= (int)b) ? (int)a : (int)b)
      |                                               ^    ~
In file included from chemistrySolver/canteraChemistrySolvers.C:27:
In file included from lnInclude/canteraChemistryModel.H:209:
In file included from lnInclude/canteraChemistryModelI.H:35:
In file included from /work/09629/m_hland10/ls6/cantera/include/cantera/kinetics/Kinetics.h:14:
In file included from /work/09629/m_hland10/ls6/cantera/include/cantera/kinetics/StoichManager.h:11:
In file included from /work/09629/m_hland10/ls6/cantera/include/cantera/numerics/eigen_sparse.h:12:
In file included from /scratch/tacc/apps/intel19/eigen/3.4.0/include/eigen3/Eigen/Sparse:26:
In file included from /scratch/tacc/apps/intel19/eigen/3.4.0/include/eigen3/Eigen/SparseCore:11:
In file included from /scratch/tacc/apps/intel19/eigen/3.4.0/include/eigen3/Eigen/Core:330:
/scratch/tacc/apps/intel19/eigen/3.4.0/include/eigen3/Eigen/src/Core/products/GeneralBlockPanelKernel.h:443:19: warning: use of old-style cast [-Wold-style-cast]
  443 |     default_mr = (EIGEN_PLAIN_ENUM_MIN(16,NumberOfRegisters)/2/nr)*LhsPacketSize,
      |                   ^                    ~~
/scratch/tacc/apps/intel19/eigen/3.4.0/include/eigen3/Eigen/src/Core/util/Macros.h:1288:57: note: expanded from macro 'EIGEN_PLAIN_ENUM_MIN'
 1288 | #define EIGEN_PLAIN_ENUM_MIN(a,b) (((int)a <= (int)b) ? (int)a : (int)b)
      |                                                         ^    ~
In file included from chemistrySolver/canteraChemistrySolvers.C:27:
In file included from lnInclude/canteraChemistryModel.H:209:
In file included from lnInclude/canteraChemistryModelI.H:35:
In file included from /work/09629/m_hland10/ls6/cantera/include/cantera/kinetics/Kinetics.h:14:
In file included from /work/09629/m_hland10/ls6/cantera/include/cantera/kinetics/StoichManager.h:11:
In file included from /work/09629/m_hland10/ls6/cantera/include/cantera/numerics/eigen_sparse.h:12:
In file included from /scratch/tacc/apps/intel19/eigen/3.4.0/include/eigen3/Eigen/Sparse:26:
In file included from /scratch/tacc/apps/intel19/eigen/3.4.0/include/eigen3/Eigen/SparseCore:11:
In file included from /scratch/tacc/apps/intel19/eigen/3.4.0/include/eigen3/Eigen/Core:330:
/scratch/tacc/apps/intel19/eigen/3.4.0/include/eigen3/Eigen/src/Core/products/GeneralBlockPanelKernel.h:443:19: warning: use of old-style cast [-Wold-style-cast]
  443 |     default_mr = (EIGEN_PLAIN_ENUM_MIN(16,NumberOfRegisters)/2/nr)*LhsPacketSize,
      |                   ^                       ~~~~~~~~~~~~~~~~~
/scratch/tacc/apps/intel19/eigen/3.4.0/include/eigen3/Eigen/src/Core/util/Macros.h:1288:66: note: expanded from macro 'EIGEN_PLAIN_ENUM_MIN'
 1288 | #define EIGEN_PLAIN_ENUM_MIN(a,b) (((int)a <= (int)b) ? (int)a : (int)b)
      |                                                                  ^    ~
In file included from chemistrySolver/canteraChemistrySolvers.C:27:
In file included from lnInclude/canteraChemistryModel.H:209:
In file included from lnInclude/canteraChemistryModelI.H:35:
In file included from /work/09629/m_hland10/ls6/cantera/include/cantera/kinetics/Kinetics.h:14:
In file included from /work/09629/m_hland10/ls6/cantera/include/cantera/kinetics/StoichManager.h:11:
In file included from /work/09629/m_hland10/ls6/cantera/include/cantera/numerics/eigen_sparse.h:12:
In file included from /scratch/tacc/apps/intel19/eigen/3.4.0/include/eigen3/Eigen/Sparse:26:
In file included from /scratch/tacc/apps/intel19/eigen/3.4.0/include/eigen3/Eigen/SparseCore:11:
In file included from /scratch/tacc/apps/intel19/eigen/3.4.0/include/eigen3/Eigen/Core:330:
/scratch/tacc/apps/intel19/eigen/3.4.0/include/eigen3/Eigen/src/Core/products/GeneralBlockPanelKernel.h:572:11: warning: use of old-style cast [-Wold-style-cast]
  572 |     mr = (EIGEN_PLAIN_ENUM_MIN(16,NumberOfRegisters)/2/nr)*LhsPacketSize,
      |           ^                    ~~
/scratch/tacc/apps/intel19/eigen/3.4.0/include/eigen3/Eigen/src/Core/util/Macros.h:1288:37: note: expanded from macro 'EIGEN_PLAIN_ENUM_MIN'
 1288 | #define EIGEN_PLAIN_ENUM_MIN(a,b) (((int)a <= (int)b) ? (int)a : (int)b)
      |                                     ^    ~
In file included from chemistrySolver/canteraChemistrySolvers.C:27:
In file included from lnInclude/canteraChemistryModel.H:209:
In file included from lnInclude/canteraChemistryModelI.H:35:
In file included from /work/09629/m_hland10/ls6/cantera/include/cantera/kinetics/Kinetics.h:14:
In file included from /work/09629/m_hland10/ls6/cantera/include/cantera/kinetics/StoichManager.h:11:
In file included from /work/09629/m_hland10/ls6/cantera/include/cantera/numerics/eigen_sparse.h:12:
In file included from /scratch/tacc/apps/intel19/eigen/3.4.0/include/eigen3/Eigen/Sparse:26:
In file included from /scratch/tacc/apps/intel19/eigen/3.4.0/include/eigen3/Eigen/SparseCore:11:
In file included from /scratch/tacc/apps/intel19/eigen/3.4.0/include/eigen3/Eigen/Core:330:
/scratch/tacc/apps/intel19/eigen/3.4.0/include/eigen3/Eigen/src/Core/products/GeneralBlockPanelKernel.h:572:11: warning: use of old-style cast [-Wold-style-cast]
  572 |     mr = (EIGEN_PLAIN_ENUM_MIN(16,NumberOfRegisters)/2/nr)*LhsPacketSize,
      |           ^                       ~~~~~~~~~~~~~~~~~
/scratch/tacc/apps/intel19/eigen/3.4.0/include/eigen3/Eigen/src/Core/util/Macros.h:1288:47: note: expanded from macro 'EIGEN_PLAIN_ENUM_MIN'
 1288 | #define EIGEN_PLAIN_ENUM_MIN(a,b) (((int)a <= (int)b) ? (int)a : (int)b)
      |                                               ^    ~
In file included from chemistrySolver/canteraChemistrySolvers.C:27:
In file included from lnInclude/canteraChemistryModel.H:209:
In file included from lnInclude/canteraChemistryModelI.H:35:
In file included from /work/09629/m_hland10/ls6/cantera/include/cantera/kinetics/Kinetics.h:14:
In file included from /work/09629/m_hland10/ls6/cantera/include/cantera/kinetics/StoichManager.h:11:
In file included from /work/09629/m_hland10/ls6/cantera/include/cantera/numerics/eigen_sparse.h:12:
In file included from /scratch/tacc/apps/intel19/eigen/3.4.0/include/eigen3/Eigen/Sparse:26:
In file included from /scratch/tacc/apps/intel19/eigen/3.4.0/include/eigen3/Eigen/SparseCore:11:
In file included from /scratch/tacc/apps/intel19/eigen/3.4.0/include/eigen3/Eigen/Core:330:
/scratch/tacc/apps/intel19/eigen/3.4.0/include/eigen3/Eigen/src/Core/products/GeneralBlockPanelKernel.h:572:11: warning: use of old-style cast [-Wold-style-cast]
  572 |     mr = (EIGEN_PLAIN_ENUM_MIN(16,NumberOfRegisters)/2/nr)*LhsPacketSize,
      |           ^                    ~~
/scratch/tacc/apps/intel19/eigen/3.4.0/include/eigen3/Eigen/src/Core/util/Macros.h:1288:57: note: expanded from macro 'EIGEN_PLAIN_ENUM_MIN'
 1288 | #define EIGEN_PLAIN_ENUM_MIN(a,b) (((int)a <= (int)b) ? (int)a : (int)b)
      |                                                         ^    ~
In file included from chemistrySolver/canteraChemistrySolvers.C:27:
In file included from lnInclude/canteraChemistryModel.H:209:
In file included from lnInclude/canteraChemistryModelI.H:35:
In file included from /work/09629/m_hland10/ls6/cantera/include/cantera/kinetics/Kinetics.h:14:
In file included from /work/09629/m_hland10/ls6/cantera/include/cantera/kinetics/StoichManager.h:11:
In file included from /work/09629/m_hland10/ls6/cantera/include/cantera/numerics/eigen_sparse.h:12:
In file included from /scratch/tacc/apps/intel19/eigen/3.4.0/include/eigen3/Eigen/Sparse:26:
In file included from /scratch/tacc/apps/intel19/eigen/3.4.0/include/eigen3/Eigen/SparseCore:11:
In file included from /scratch/tacc/apps/intel19/eigen/3.4.0/include/eigen3/Eigen/Core:330:
/scratch/tacc/apps/intel19/eigen/3.4.0/include/eigen3/Eigen/src/Core/products/GeneralBlockPanelKernel.h:572:11: warning: use of old-style cast [-Wold-style-cast]
  572 |     mr = (EIGEN_PLAIN_ENUM_MIN(16,NumberOfRegisters)/2/nr)*LhsPacketSize,
      |           ^                       ~~~~~~~~~~~~~~~~~
/scratch/tacc/apps/intel19/eigen/3.4.0/include/eigen3/Eigen/src/Core/util/Macros.h:1288:66: note: expanded from macro 'EIGEN_PLAIN_ENUM_MIN'
 1288 | #define EIGEN_PLAIN_ENUM_MIN(a,b) (((int)a <= (int)b) ? (int)a : (int)b)
      |                                                                  ^    ~
In file included from chemistrySolver/canteraChemistrySolvers.C:27:
In file included from lnInclude/canteraChemistryModel.H:209:
In file included from lnInclude/canteraChemistryModelI.H:35:
In file included from /work/09629/m_hland10/ls6/cantera/include/cantera/kinetics/Kinetics.h:14:
In file included from /work/09629/m_hland10/ls6/cantera/include/cantera/kinetics/StoichManager.h:11:
In file included from /work/09629/m_hland10/ls6/cantera/include/cantera/numerics/eigen_sparse.h:12:
In file included from /scratch/tacc/apps/intel19/eigen/3.4.0/include/eigen3/Eigen/Sparse:26:
In file included from /scratch/tacc/apps/intel19/eigen/3.4.0/include/eigen3/Eigen/SparseCore:11:
In file included from /scratch/tacc/apps/intel19/eigen/3.4.0/include/eigen3/Eigen/Core:330:
/scratch/tacc/apps/intel19/eigen/3.4.0/include/eigen3/Eigen/src/Core/products/GeneralBlockPanelKernel.h:858:29: warning: use of old-style cast [-Wold-style-cast]
  858 |     dest = pload<LhsPacket>((const typename unpacket_traits<LhsPacket>::type*)(a));
      |                             ^                                                 ~~~
/scratch/tacc/apps/intel19/eigen/3.4.0/include/eigen3/Eigen/src/Core/products/GeneralBlockPanelKernel.h:864:34: warning: use of old-style cast [-Wold-style-cast]
  864 |     dest = ploadu<LhsPacketType>((const typename unpacket_traits<LhsPacketType>::type*)(a));
      |                                  ^                                                     ~~~
/scratch/tacc/apps/intel19/eigen/3.4.0/include/eigen3/Eigen/src/Core/products/GeneralBlockPanelKernel.h:955:11: warning: use of old-style cast [-Wold-style-cast]
  955 |     mr = (EIGEN_PLAIN_ENUM_MIN(16,NumberOfRegisters)/2/nr)*ResPacketSize,
      |           ^                    ~~
/scratch/tacc/apps/intel19/eigen/3.4.0/include/eigen3/Eigen/src/Core/util/Macros.h:1288:37: note: expanded from macro 'EIGEN_PLAIN_ENUM_MIN'
 1288 | #define EIGEN_PLAIN_ENUM_MIN(a,b) (((int)a <= (int)b) ? (int)a : (int)b)
      |                                     ^    ~
In file included from chemistrySolver/canteraChemistrySolvers.C:27:
In file included from lnInclude/canteraChemistryModel.H:209:
In file included from lnInclude/canteraChemistryModelI.H:35:
In file included from /work/09629/m_hland10/ls6/cantera/include/cantera/kinetics/Kinetics.h:14:
In file included from /work/09629/m_hland10/ls6/cantera/include/cantera/kinetics/StoichManager.h:11:
In file included from /work/09629/m_hland10/ls6/cantera/include/cantera/numerics/eigen_sparse.h:12:
In file included from /scratch/tacc/apps/intel19/eigen/3.4.0/include/eigen3/Eigen/Sparse:26:
In file included from /scratch/tacc/apps/intel19/eigen/3.4.0/include/eigen3/Eigen/SparseCore:11:
In file included from /scratch/tacc/apps/intel19/eigen/3.4.0/include/eigen3/Eigen/Core:330:
/scratch/tacc/apps/intel19/eigen/3.4.0/include/eigen3/Eigen/src/Core/products/GeneralBlockPanelKernel.h:955:11: warning: use of old-style cast [-Wold-style-cast]
  955 |     mr = (EIGEN_PLAIN_ENUM_MIN(16,NumberOfRegisters)/2/nr)*ResPacketSize,
      |           ^                       ~~~~~~~~~~~~~~~~~
/scratch/tacc/apps/intel19/eigen/3.4.0/include/eigen3/Eigen/src/Core/util/Macros.h:1288:47: note: expanded from macro 'EIGEN_PLAIN_ENUM_MIN'
 1288 | #define EIGEN_PLAIN_ENUM_MIN(a,b) (((int)a <= (int)b) ? (int)a : (int)b)
      |                                               ^    ~
In file included from chemistrySolver/canteraChemistrySolvers.C:27:
In file included from lnInclude/canteraChemistryModel.H:209:
In file included from lnInclude/canteraChemistryModelI.H:35:
In file included from /work/09629/m_hland10/ls6/cantera/include/cantera/kinetics/Kinetics.h:14:
In file included from /work/09629/m_hland10/ls6/cantera/include/cantera/kinetics/StoichManager.h:11:
In file included from /work/09629/m_hland10/ls6/cantera/include/cantera/numerics/eigen_sparse.h:12:
In file included from /scratch/tacc/apps/intel19/eigen/3.4.0/include/eigen3/Eigen/Sparse:26:
In file included from /scratch/tacc/apps/intel19/eigen/3.4.0/include/eigen3/Eigen/SparseCore:11:
In file included from /scratch/tacc/apps/intel19/eigen/3.4.0/include/eigen3/Eigen/Core:330:
/scratch/tacc/apps/intel19/eigen/3.4.0/include/eigen3/Eigen/src/Core/products/GeneralBlockPanelKernel.h:955:11: warning: use of old-style cast [-Wold-style-cast]
  955 |     mr = (EIGEN_PLAIN_ENUM_MIN(16,NumberOfRegisters)/2/nr)*ResPacketSize,
      |           ^                    ~~
/scratch/tacc/apps/intel19/eigen/3.4.0/include/eigen3/Eigen/src/Core/util/Macros.h:1288:57: note: expanded from macro 'EIGEN_PLAIN_ENUM_MIN'
 1288 | #define EIGEN_PLAIN_ENUM_MIN(a,b) (((int)a <= (int)b) ? (int)a : (int)b)
      |                                                         ^    ~
In file included from chemistrySolver/canteraChemistrySolvers.C:27:
In file included from lnInclude/canteraChemistryModel.H:209:
In file included from lnInclude/canteraChemistryModelI.H:35:
In file included from /work/09629/m_hland10/ls6/cantera/include/cantera/kinetics/Kinetics.h:14:
In file included from /work/09629/m_hland10/ls6/cantera/include/cantera/kinetics/StoichManager.h:11:
In file included from /work/09629/m_hland10/ls6/cantera/include/cantera/numerics/eigen_sparse.h:12:
In file included from /scratch/tacc/apps/intel19/eigen/3.4.0/include/eigen3/Eigen/Sparse:26:
In file included from /scratch/tacc/apps/intel19/eigen/3.4.0/include/eigen3/Eigen/SparseCore:11:
In file included from /scratch/tacc/apps/intel19/eigen/3.4.0/include/eigen3/Eigen/Core:330:
/scratch/tacc/apps/intel19/eigen/3.4.0/include/eigen3/Eigen/src/Core/products/GeneralBlockPanelKernel.h:955:11: warning: use of old-style cast [-Wold-style-cast]
  955 |     mr = (EIGEN_PLAIN_ENUM_MIN(16,NumberOfRegisters)/2/nr)*ResPacketSize,
      |           ^                       ~~~~~~~~~~~~~~~~~
/scratch/tacc/apps/intel19/eigen/3.4.0/include/eigen3/Eigen/src/Core/util/Macros.h:1288:66: note: expanded from macro 'EIGEN_PLAIN_ENUM_MIN'
 1288 | #define EIGEN_PLAIN_ENUM_MIN(a,b) (((int)a <= (int)b) ? (int)a : (int)b)
      |                                                                  ^    ~
In file included from chemistrySolver/canteraChemistrySolvers.C:27:
In file included from lnInclude/canteraChemistryModel.H:209:
In file included from lnInclude/canteraChemistryModelI.H:35:
In file included from /work/09629/m_hland10/ls6/cantera/include/cantera/kinetics/Kinetics.h:14:
In file included from /work/09629/m_hland10/ls6/cantera/include/cantera/kinetics/StoichManager.h:11:
In file included from /work/09629/m_hland10/ls6/cantera/include/cantera/numerics/eigen_sparse.h:12:
In file included from /scratch/tacc/apps/intel19/eigen/3.4.0/include/eigen3/Eigen/Sparse:26:
In file included from /scratch/tacc/apps/intel19/eigen/3.4.0/include/eigen3/Eigen/SparseCore:11:
In file included from /scratch/tacc/apps/intel19/eigen/3.4.0/include/eigen3/Eigen/Core:330:
/scratch/tacc/apps/intel19/eigen/3.4.0/include/eigen3/Eigen/src/Core/products/GeneralBlockPanelKernel.h:2104:20: warning: use of old-style cast [-Wold-style-cast]
 2104 |          HasHalf = (int)HalfPacketSize < (int)PacketSize,
      |                    ^    ~~~~~~~~~~~~~~
/scratch/tacc/apps/intel19/eigen/3.4.0/include/eigen3/Eigen/src/Core/products/GeneralBlockPanelKernel.h:2104:42: warning: use of old-style cast [-Wold-style-cast]
 2104 |          HasHalf = (int)HalfPacketSize < (int)PacketSize,
      |                                          ^    ~~~~~~~~~~
/scratch/tacc/apps/intel19/eigen/3.4.0/include/eigen3/Eigen/src/Core/products/GeneralBlockPanelKernel.h:2105:23: warning: use of old-style cast [-Wold-style-cast]
 2105 |          HasQuarter = (int)QuarterPacketSize < (int)HalfPacketSize};
      |                       ^    ~~~~~~~~~~~~~~~~~
/scratch/tacc/apps/intel19/eigen/3.4.0/include/eigen3/Eigen/src/Core/products/GeneralBlockPanelKernel.h:2105:48: warning: use of old-style cast [-Wold-style-cast]
 2105 |          HasQuarter = (int)QuarterPacketSize < (int)HalfPacketSize};
      |                                                ^    ~~~~~~~~~~~~~~
/scratch/tacc/apps/intel19/eigen/3.4.0/include/eigen3/Eigen/src/Core/products/GeneralBlockPanelKernel.h:2260:20: warning: use of old-style cast [-Wold-style-cast]
 2260 |          HasHalf = (int)HalfPacketSize < (int)PacketSize,
      |                    ^    ~~~~~~~~~~~~~~
/scratch/tacc/apps/intel19/eigen/3.4.0/include/eigen3/Eigen/src/Core/products/GeneralBlockPanelKernel.h:2260:42: warning: use of old-style cast [-Wold-style-cast]
 2260 |          HasHalf = (int)HalfPacketSize < (int)PacketSize,
      |                                          ^    ~~~~~~~~~~
/scratch/tacc/apps/intel19/eigen/3.4.0/include/eigen3/Eigen/src/Core/products/GeneralBlockPanelKernel.h:2261:23: warning: use of old-style cast [-Wold-style-cast]
 2261 |          HasQuarter = (int)QuarterPacketSize < (int)HalfPacketSize};
      |                       ^    ~~~~~~~~~~~~~~~~~
/scratch/tacc/apps/intel19/eigen/3.4.0/include/eigen3/Eigen/src/Core/products/GeneralBlockPanelKernel.h:2261:48: warning: use of old-style cast [-Wold-style-cast]
 2261 |          HasQuarter = (int)QuarterPacketSize < (int)HalfPacketSize};
      |                                                ^    ~~~~~~~~~~~~~~
/scratch/tacc/apps/intel19/eigen/3.4.0/include/eigen3/Eigen/src/Core/products/GeneralBlockPanelKernel.h:2516:26: warning: use of old-style cast [-Wold-style-cast]
 2516 |     const bool HasHalf = (int)HalfPacketSize < (int)PacketSize;
      |                          ^    ~~~~~~~~~~~~~~
/scratch/tacc/apps/intel19/eigen/3.4.0/include/eigen3/Eigen/src/Core/products/GeneralBlockPanelKernel.h:2516:48: warning: use of old-style cast [-Wold-style-cast]
 2516 |     const bool HasHalf = (int)HalfPacketSize < (int)PacketSize;
      |                                                ^    ~~~~~~~~~~
/scratch/tacc/apps/intel19/eigen/3.4.0/include/eigen3/Eigen/src/Core/products/GeneralBlockPanelKernel.h:2517:29: warning: use of old-style cast [-Wold-style-cast]
 2517 |     const bool HasQuarter = (int)QuarterPacketSize < (int)HalfPacketSize;
      |                             ^    ~~~~~~~~~~~~~~~~~
/scratch/tacc/apps/intel19/eigen/3.4.0/include/eigen3/Eigen/src/Core/products/GeneralBlockPanelKernel.h:2517:54: warning: use of old-style cast [-Wold-style-cast]
 2517 |     const bool HasQuarter = (int)QuarterPacketSize < (int)HalfPacketSize;
      |                                                      ^    ~~~~~~~~~~~~~~
In file included from chemistrySolver/canteraChemistrySolvers.C:27:
In file included from lnInclude/canteraChemistryModel.H:209:
In file included from lnInclude/canteraChemistryModelI.H:35:
In file included from /work/09629/m_hland10/ls6/cantera/include/cantera/kinetics/Kinetics.h:14:
In file included from /work/09629/m_hland10/ls6/cantera/include/cantera/kinetics/StoichManager.h:11:
In file included from /work/09629/m_hland10/ls6/cantera/include/cantera/numerics/eigen_sparse.h:12:
In file included from /scratch/tacc/apps/intel19/eigen/3.4.0/include/eigen3/Eigen/Sparse:26:
In file included from /scratch/tacc/apps/intel19/eigen/3.4.0/include/eigen3/Eigen/SparseCore:11:
In file included from /scratch/tacc/apps/intel19/eigen/3.4.0/include/eigen3/Eigen/Core:332:
/scratch/tacc/apps/intel19/eigen/3.4.0/include/eigen3/Eigen/src/Core/ProductEvaluators.h:538:17: warning: use of old-style cast [-Wold-style-cast]
  538 |     InnerSize = EIGEN_SIZE_MIN_PREFER_FIXED(LhsNestedCleaned::ColsAtCompileTime, RhsNestedCleaned::RowsAtCompileTime),
      |                 ^                           ~~~~~~~~~~~~~~~~~~~~~~~~~~~~~~~~~~~
/scratch/tacc/apps/intel19/eigen/3.4.0/include/eigen3/Eigen/src/Core/util/Macros.h:1302:45: note: expanded from macro 'EIGEN_SIZE_MIN_PREFER_FIXED'
 1302 | #define EIGEN_SIZE_MIN_PREFER_FIXED(a,b)  (((int)a == 0 || (int)b == 0) ? 0 \
      |                                             ^    ~
In file included from chemistrySolver/canteraChemistrySolvers.C:27:
In file included from lnInclude/canteraChemistryModel.H:209:
In file included from lnInclude/canteraChemistryModelI.H:35:
In file included from /work/09629/m_hland10/ls6/cantera/include/cantera/kinetics/Kinetics.h:14:
In file included from /work/09629/m_hland10/ls6/cantera/include/cantera/kinetics/StoichManager.h:11:
In file included from /work/09629/m_hland10/ls6/cantera/include/cantera/numerics/eigen_sparse.h:12:
In file included from /scratch/tacc/apps/intel19/eigen/3.4.0/include/eigen3/Eigen/Sparse:26:
In file included from /scratch/tacc/apps/intel19/eigen/3.4.0/include/eigen3/Eigen/SparseCore:11:
In file included from /scratch/tacc/apps/intel19/eigen/3.4.0/include/eigen3/Eigen/Core:332:
/scratch/tacc/apps/intel19/eigen/3.4.0/include/eigen3/Eigen/src/Core/ProductEvaluators.h:538:17: warning: use of old-style cast [-Wold-style-cast]
  538 |     InnerSize = EIGEN_SIZE_MIN_PREFER_FIXED(LhsNestedCleaned::ColsAtCompileTime, RhsNestedCleaned::RowsAtCompileTime),
      |                 ^                                                                ~~~~~~~~~~~~~~~~~~~~~~~~~~~~~~~~~~~
/scratch/tacc/apps/intel19/eigen/3.4.0/include/eigen3/Eigen/src/Core/util/Macros.h:1302:60: note: expanded from macro 'EIGEN_SIZE_MIN_PREFER_FIXED'
 1302 | #define EIGEN_SIZE_MIN_PREFER_FIXED(a,b)  (((int)a == 0 || (int)b == 0) ? 0 \
      |                                                            ^    ~
In file included from chemistrySolver/canteraChemistrySolvers.C:27:
In file included from lnInclude/canteraChemistryModel.H:209:
In file included from lnInclude/canteraChemistryModelI.H:35:
In file included from /work/09629/m_hland10/ls6/cantera/include/cantera/kinetics/Kinetics.h:14:
In file included from /work/09629/m_hland10/ls6/cantera/include/cantera/kinetics/StoichManager.h:11:
In file included from /work/09629/m_hland10/ls6/cantera/include/cantera/numerics/eigen_sparse.h:12:
In file included from /scratch/tacc/apps/intel19/eigen/3.4.0/include/eigen3/Eigen/Sparse:26:
In file included from /scratch/tacc/apps/intel19/eigen/3.4.0/include/eigen3/Eigen/SparseCore:11:
In file included from /scratch/tacc/apps/intel19/eigen/3.4.0/include/eigen3/Eigen/Core:332:
/scratch/tacc/apps/intel19/eigen/3.4.0/include/eigen3/Eigen/src/Core/ProductEvaluators.h:538:17: warning: use of old-style cast [-Wold-style-cast]
  538 |     InnerSize = EIGEN_SIZE_MIN_PREFER_FIXED(LhsNestedCleaned::ColsAtCompileTime, RhsNestedCleaned::RowsAtCompileTime),
      |                 ^                           ~~~~~~~~~~~~~~~~~~~~~~~~~~~~~~~~~~~
/scratch/tacc/apps/intel19/eigen/3.4.0/include/eigen3/Eigen/src/Core/util/Macros.h:1303:31: note: expanded from macro 'EIGEN_SIZE_MIN_PREFER_FIXED'
 1303 |                            : ((int)a == 1 || (int)b == 1) ? 1 \
      |                               ^    ~
In file included from chemistrySolver/canteraChemistrySolvers.C:27:
In file included from lnInclude/canteraChemistryModel.H:209:
In file included from lnInclude/canteraChemistryModelI.H:35:
In file included from /work/09629/m_hland10/ls6/cantera/include/cantera/kinetics/Kinetics.h:14:
In file included from /work/09629/m_hland10/ls6/cantera/include/cantera/kinetics/StoichManager.h:11:
In file included from /work/09629/m_hland10/ls6/cantera/include/cantera/numerics/eigen_sparse.h:12:
In file included from /scratch/tacc/apps/intel19/eigen/3.4.0/include/eigen3/Eigen/Sparse:26:
In file included from /scratch/tacc/apps/intel19/eigen/3.4.0/include/eigen3/Eigen/SparseCore:11:
In file included from /scratch/tacc/apps/intel19/eigen/3.4.0/include/eigen3/Eigen/Core:332:
/scratch/tacc/apps/intel19/eigen/3.4.0/include/eigen3/Eigen/src/Core/ProductEvaluators.h:538:17: warning: use of old-style cast [-Wold-style-cast]
  538 |     InnerSize = EIGEN_SIZE_MIN_PREFER_FIXED(LhsNestedCleaned::ColsAtCompileTime, RhsNestedCleaned::RowsAtCompileTime),
      |                 ^                                                                ~~~~~~~~~~~~~~~~~~~~~~~~~~~~~~~~~~~
/scratch/tacc/apps/intel19/eigen/3.4.0/include/eigen3/Eigen/src/Core/util/Macros.h:1303:46: note: expanded from macro 'EIGEN_SIZE_MIN_PREFER_FIXED'
 1303 |                            : ((int)a == 1 || (int)b == 1) ? 1 \
      |                                              ^    ~
In file included from chemistrySolver/canteraChemistrySolvers.C:27:
In file included from lnInclude/canteraChemistryModel.H:209:
In file included from lnInclude/canteraChemistryModelI.H:35:
In file included from /work/09629/m_hland10/ls6/cantera/include/cantera/kinetics/Kinetics.h:14:
In file included from /work/09629/m_hland10/ls6/cantera/include/cantera/kinetics/StoichManager.h:11:
In file included from /work/09629/m_hland10/ls6/cantera/include/cantera/numerics/eigen_sparse.h:12:
In file included from /scratch/tacc/apps/intel19/eigen/3.4.0/include/eigen3/Eigen/Sparse:26:
In file included from /scratch/tacc/apps/intel19/eigen/3.4.0/include/eigen3/Eigen/SparseCore:11:
In file included from /scratch/tacc/apps/intel19/eigen/3.4.0/include/eigen3/Eigen/Core:332:
/scratch/tacc/apps/intel19/eigen/3.4.0/include/eigen3/Eigen/src/Core/ProductEvaluators.h:538:17: warning: use of old-style cast [-Wold-style-cast]
  538 |     InnerSize = EIGEN_SIZE_MIN_PREFER_FIXED(LhsNestedCleaned::ColsAtCompileTime, RhsNestedCleaned::RowsAtCompileTime),
      |                 ^                           ~~~~~~~~~~~~~~~~~~~~~~~~~~~~~~~~~~~
/scratch/tacc/apps/intel19/eigen/3.4.0/include/eigen3/Eigen/src/Core/util/Macros.h:1304:31: note: expanded from macro 'EIGEN_SIZE_MIN_PREFER_FIXED'
 1304 |                            : ((int)a == Dynamic && (int)b == Dynamic) ? Dynamic \
      |                               ^    ~
In file included from chemistrySolver/canteraChemistrySolvers.C:27:
In file included from lnInclude/canteraChemistryModel.H:209:
In file included from lnInclude/canteraChemistryModelI.H:35:
In file included from /work/09629/m_hland10/ls6/cantera/include/cantera/kinetics/Kinetics.h:14:
In file included from /work/09629/m_hland10/ls6/cantera/include/cantera/kinetics/StoichManager.h:11:
In file included from /work/09629/m_hland10/ls6/cantera/include/cantera/numerics/eigen_sparse.h:12:
In file included from /scratch/tacc/apps/intel19/eigen/3.4.0/include/eigen3/Eigen/Sparse:26:
In file included from /scratch/tacc/apps/intel19/eigen/3.4.0/include/eigen3/Eigen/SparseCore:11:
In file included from /scratch/tacc/apps/intel19/eigen/3.4.0/include/eigen3/Eigen/Core:332:
/scratch/tacc/apps/intel19/eigen/3.4.0/include/eigen3/Eigen/src/Core/ProductEvaluators.h:538:17: warning: use of old-style cast [-Wold-style-cast]
  538 |     InnerSize = EIGEN_SIZE_MIN_PREFER_FIXED(LhsNestedCleaned::ColsAtCompileTime, RhsNestedCleaned::RowsAtCompileTime),
      |                 ^                                                                ~~~~~~~~~~~~~~~~~~~~~~~~~~~~~~~~~~~
/scratch/tacc/apps/intel19/eigen/3.4.0/include/eigen3/Eigen/src/Core/util/Macros.h:1304:52: note: expanded from macro 'EIGEN_SIZE_MIN_PREFER_FIXED'
 1304 |                            : ((int)a == Dynamic && (int)b == Dynamic) ? Dynamic \
      |                                                    ^    ~
In file included from chemistrySolver/canteraChemistrySolvers.C:27:
In file included from lnInclude/canteraChemistryModel.H:209:
In file included from lnInclude/canteraChemistryModelI.H:35:
In file included from /work/09629/m_hland10/ls6/cantera/include/cantera/kinetics/Kinetics.h:14:
In file included from /work/09629/m_hland10/ls6/cantera/include/cantera/kinetics/StoichManager.h:11:
In file included from /work/09629/m_hland10/ls6/cantera/include/cantera/numerics/eigen_sparse.h:12:
In file included from /scratch/tacc/apps/intel19/eigen/3.4.0/include/eigen3/Eigen/Sparse:26:
In file included from /scratch/tacc/apps/intel19/eigen/3.4.0/include/eigen3/Eigen/SparseCore:11:
In file included from /scratch/tacc/apps/intel19/eigen/3.4.0/include/eigen3/Eigen/Core:332:
/scratch/tacc/apps/intel19/eigen/3.4.0/include/eigen3/Eigen/src/Core/ProductEvaluators.h:538:17: warning: use of old-style cast [-Wold-style-cast]
  538 |     InnerSize = EIGEN_SIZE_MIN_PREFER_FIXED(LhsNestedCleaned::ColsAtCompileTime, RhsNestedCleaned::RowsAtCompileTime),
      |                 ^                           ~~~~~~~~~~~~~~~~~~~~~~~~~~~~~~~~~~~
/scratch/tacc/apps/intel19/eigen/3.4.0/include/eigen3/Eigen/src/Core/util/Macros.h:1305:31: note: expanded from macro 'EIGEN_SIZE_MIN_PREFER_FIXED'
 1305 |                            : ((int)a == Dynamic) ? (int)b \
      |                               ^    ~
In file included from chemistrySolver/canteraChemistrySolvers.C:27:
In file included from lnInclude/canteraChemistryModel.H:209:
In file included from lnInclude/canteraChemistryModelI.H:35:
In file included from /work/09629/m_hland10/ls6/cantera/include/cantera/kinetics/Kinetics.h:14:
In file included from /work/09629/m_hland10/ls6/cantera/include/cantera/kinetics/StoichManager.h:11:
In file included from /work/09629/m_hland10/ls6/cantera/include/cantera/numerics/eigen_sparse.h:12:
In file included from /scratch/tacc/apps/intel19/eigen/3.4.0/include/eigen3/Eigen/Sparse:26:
In file included from /scratch/tacc/apps/intel19/eigen/3.4.0/include/eigen3/Eigen/SparseCore:11:
In file included from /scratch/tacc/apps/intel19/eigen/3.4.0/include/eigen3/Eigen/Core:332:
/scratch/tacc/apps/intel19/eigen/3.4.0/include/eigen3/Eigen/src/Core/ProductEvaluators.h:538:17: warning: use of old-style cast [-Wold-style-cast]
  538 |     InnerSize = EIGEN_SIZE_MIN_PREFER_FIXED(LhsNestedCleaned::ColsAtCompileTime, RhsNestedCleaned::RowsAtCompileTime),
      |                 ^                                                                ~~~~~~~~~~~~~~~~~~~~~~~~~~~~~~~~~~~
/scratch/tacc/apps/intel19/eigen/3.4.0/include/eigen3/Eigen/src/Core/util/Macros.h:1305:52: note: expanded from macro 'EIGEN_SIZE_MIN_PREFER_FIXED'
 1305 |                            : ((int)a == Dynamic) ? (int)b \
      |                                                    ^    ~
In file included from chemistrySolver/canteraChemistrySolvers.C:27:
In file included from lnInclude/canteraChemistryModel.H:209:
In file included from lnInclude/canteraChemistryModelI.H:35:
In file included from /work/09629/m_hland10/ls6/cantera/include/cantera/kinetics/Kinetics.h:14:
In file included from /work/09629/m_hland10/ls6/cantera/include/cantera/kinetics/StoichManager.h:11:
In file included from /work/09629/m_hland10/ls6/cantera/include/cantera/numerics/eigen_sparse.h:12:
In file included from /scratch/tacc/apps/intel19/eigen/3.4.0/include/eigen3/Eigen/Sparse:26:
In file included from /scratch/tacc/apps/intel19/eigen/3.4.0/include/eigen3/Eigen/SparseCore:11:
In file included from /scratch/tacc/apps/intel19/eigen/3.4.0/include/eigen3/Eigen/Core:332:
/scratch/tacc/apps/intel19/eigen/3.4.0/include/eigen3/Eigen/src/Core/ProductEvaluators.h:538:17: warning: use of old-style cast [-Wold-style-cast]
  538 |     InnerSize = EIGEN_SIZE_MIN_PREFER_FIXED(LhsNestedCleaned::ColsAtCompileTime, RhsNestedCleaned::RowsAtCompileTime),
      |                 ^                                                                ~~~~~~~~~~~~~~~~~~~~~~~~~~~~~~~~~~~
/scratch/tacc/apps/intel19/eigen/3.4.0/include/eigen3/Eigen/src/Core/util/Macros.h:1306:31: note: expanded from macro 'EIGEN_SIZE_MIN_PREFER_FIXED'
 1306 |                            : ((int)b == Dynamic) ? (int)a \
      |                               ^    ~
In file included from chemistrySolver/canteraChemistrySolvers.C:27:
In file included from lnInclude/canteraChemistryModel.H:209:
In file included from lnInclude/canteraChemistryModelI.H:35:
In file included from /work/09629/m_hland10/ls6/cantera/include/cantera/kinetics/Kinetics.h:14:
In file included from /work/09629/m_hland10/ls6/cantera/include/cantera/kinetics/StoichManager.h:11:
In file included from /work/09629/m_hland10/ls6/cantera/include/cantera/numerics/eigen_sparse.h:12:
In file included from /scratch/tacc/apps/intel19/eigen/3.4.0/include/eigen3/Eigen/Sparse:26:
In file included from /scratch/tacc/apps/intel19/eigen/3.4.0/include/eigen3/Eigen/SparseCore:11:
In file included from /scratch/tacc/apps/intel19/eigen/3.4.0/include/eigen3/Eigen/Core:332:
/scratch/tacc/apps/intel19/eigen/3.4.0/include/eigen3/Eigen/src/Core/ProductEvaluators.h:538:17: warning: use of old-style cast [-Wold-style-cast]
  538 |     InnerSize = EIGEN_SIZE_MIN_PREFER_FIXED(LhsNestedCleaned::ColsAtCompileTime, RhsNestedCleaned::RowsAtCompileTime),
      |                 ^                           ~~~~~~~~~~~~~~~~~~~~~~~~~~~~~~~~~~~
/scratch/tacc/apps/intel19/eigen/3.4.0/include/eigen3/Eigen/src/Core/util/Macros.h:1306:52: note: expanded from macro 'EIGEN_SIZE_MIN_PREFER_FIXED'
 1306 |                            : ((int)b == Dynamic) ? (int)a \
      |                                                    ^    ~
In file included from chemistrySolver/canteraChemistrySolvers.C:27:
In file included from lnInclude/canteraChemistryModel.H:209:
In file included from lnInclude/canteraChemistryModelI.H:35:
In file included from /work/09629/m_hland10/ls6/cantera/include/cantera/kinetics/Kinetics.h:14:
In file included from /work/09629/m_hland10/ls6/cantera/include/cantera/kinetics/StoichManager.h:11:
In file included from /work/09629/m_hland10/ls6/cantera/include/cantera/numerics/eigen_sparse.h:12:
In file included from /scratch/tacc/apps/intel19/eigen/3.4.0/include/eigen3/Eigen/Sparse:26:
In file included from /scratch/tacc/apps/intel19/eigen/3.4.0/include/eigen3/Eigen/SparseCore:11:
In file included from /scratch/tacc/apps/intel19/eigen/3.4.0/include/eigen3/Eigen/Core:332:
/scratch/tacc/apps/intel19/eigen/3.4.0/include/eigen3/Eigen/src/Core/ProductEvaluators.h:538:17: warning: use of old-style cast [-Wold-style-cast]
  538 |     InnerSize = EIGEN_SIZE_MIN_PREFER_FIXED(LhsNestedCleaned::ColsAtCompileTime, RhsNestedCleaned::RowsAtCompileTime),
      |                 ^                           ~~~~~~~~~~~~~~~~~~~~~~~~~~~~~~~~~~~
/scratch/tacc/apps/intel19/eigen/3.4.0/include/eigen3/Eigen/src/Core/util/Macros.h:1307:31: note: expanded from macro 'EIGEN_SIZE_MIN_PREFER_FIXED'
 1307 |                            : ((int)a <= (int)b) ? (int)a : (int)b)
      |                               ^    ~
In file included from chemistrySolver/canteraChemistrySolvers.C:27:
In file included from lnInclude/canteraChemistryModel.H:209:
In file included from lnInclude/canteraChemistryModelI.H:35:
In file included from /work/09629/m_hland10/ls6/cantera/include/cantera/kinetics/Kinetics.h:14:
In file included from /work/09629/m_hland10/ls6/cantera/include/cantera/kinetics/StoichManager.h:11:
In file included from /work/09629/m_hland10/ls6/cantera/include/cantera/numerics/eigen_sparse.h:12:
In file included from /scratch/tacc/apps/intel19/eigen/3.4.0/include/eigen3/Eigen/Sparse:26:
In file included from /scratch/tacc/apps/intel19/eigen/3.4.0/include/eigen3/Eigen/SparseCore:11:
In file included from /scratch/tacc/apps/intel19/eigen/3.4.0/include/eigen3/Eigen/Core:332:
/scratch/tacc/apps/intel19/eigen/3.4.0/include/eigen3/Eigen/src/Core/ProductEvaluators.h:538:17: warning: use of old-style cast [-Wold-style-cast]
  538 |     InnerSize = EIGEN_SIZE_MIN_PREFER_FIXED(LhsNestedCleaned::ColsAtCompileTime, RhsNestedCleaned::RowsAtCompileTime),
      |                 ^                                                                ~~~~~~~~~~~~~~~~~~~~~~~~~~~~~~~~~~~
/scratch/tacc/apps/intel19/eigen/3.4.0/include/eigen3/Eigen/src/Core/util/Macros.h:1307:41: note: expanded from macro 'EIGEN_SIZE_MIN_PREFER_FIXED'
 1307 |                            : ((int)a <= (int)b) ? (int)a : (int)b)
      |                                         ^    ~
In file included from chemistrySolver/canteraChemistrySolvers.C:27:
In file included from lnInclude/canteraChemistryModel.H:209:
In file included from lnInclude/canteraChemistryModelI.H:35:
In file included from /work/09629/m_hland10/ls6/cantera/include/cantera/kinetics/Kinetics.h:14:
In file included from /work/09629/m_hland10/ls6/cantera/include/cantera/kinetics/StoichManager.h:11:
In file included from /work/09629/m_hland10/ls6/cantera/include/cantera/numerics/eigen_sparse.h:12:
In file included from /scratch/tacc/apps/intel19/eigen/3.4.0/include/eigen3/Eigen/Sparse:26:
In file included from /scratch/tacc/apps/intel19/eigen/3.4.0/include/eigen3/Eigen/SparseCore:11:
In file included from /scratch/tacc/apps/intel19/eigen/3.4.0/include/eigen3/Eigen/Core:332:
/scratch/tacc/apps/intel19/eigen/3.4.0/include/eigen3/Eigen/src/Core/ProductEvaluators.h:538:17: warning: use of old-style cast [-Wold-style-cast]
  538 |     InnerSize = EIGEN_SIZE_MIN_PREFER_FIXED(LhsNestedCleaned::ColsAtCompileTime, RhsNestedCleaned::RowsAtCompileTime),
      |                 ^                           ~~~~~~~~~~~~~~~~~~~~~~~~~~~~~~~~~~~
/scratch/tacc/apps/intel19/eigen/3.4.0/include/eigen3/Eigen/src/Core/util/Macros.h:1307:51: note: expanded from macro 'EIGEN_SIZE_MIN_PREFER_FIXED'
 1307 |                            : ((int)a <= (int)b) ? (int)a : (int)b)
      |                                                   ^    ~
In file included from chemistrySolver/canteraChemistrySolvers.C:27:
In file included from lnInclude/canteraChemistryModel.H:209:
In file included from lnInclude/canteraChemistryModelI.H:35:
In file included from /work/09629/m_hland10/ls6/cantera/include/cantera/kinetics/Kinetics.h:14:
In file included from /work/09629/m_hland10/ls6/cantera/include/cantera/kinetics/StoichManager.h:11:
In file included from /work/09629/m_hland10/ls6/cantera/include/cantera/numerics/eigen_sparse.h:12:
In file included from /scratch/tacc/apps/intel19/eigen/3.4.0/include/eigen3/Eigen/Sparse:26:
In file included from /scratch/tacc/apps/intel19/eigen/3.4.0/include/eigen3/Eigen/SparseCore:11:
In file included from /scratch/tacc/apps/intel19/eigen/3.4.0/include/eigen3/Eigen/Core:332:
/scratch/tacc/apps/intel19/eigen/3.4.0/include/eigen3/Eigen/src/Core/ProductEvaluators.h:538:17: warning: use of old-style cast [-Wold-style-cast]
  538 |     InnerSize = EIGEN_SIZE_MIN_PREFER_FIXED(LhsNestedCleaned::ColsAtCompileTime, RhsNestedCleaned::RowsAtCompileTime),
      |                 ^                                                                ~~~~~~~~~~~~~~~~~~~~~~~~~~~~~~~~~~~
/scratch/tacc/apps/intel19/eigen/3.4.0/include/eigen3/Eigen/src/Core/util/Macros.h:1307:60: note: expanded from macro 'EIGEN_SIZE_MIN_PREFER_FIXED'
 1307 |                            : ((int)a <= (int)b) ? (int)a : (int)b)
      |                                                            ^    ~
In file included from chemistrySolver/canteraChemistrySolvers.C:27:
In file included from lnInclude/canteraChemistryModel.H:209:
In file included from lnInclude/canteraChemistryModelI.H:35:
In file included from /work/09629/m_hland10/ls6/cantera/include/cantera/kinetics/Kinetics.h:14:
In file included from /work/09629/m_hland10/ls6/cantera/include/cantera/kinetics/StoichManager.h:11:
In file included from /work/09629/m_hland10/ls6/cantera/include/cantera/numerics/eigen_sparse.h:12:
In file included from /scratch/tacc/apps/intel19/eigen/3.4.0/include/eigen3/Eigen/Sparse:26:
In file included from /scratch/tacc/apps/intel19/eigen/3.4.0/include/eigen3/Eigen/SparseCore:11:
In file included from /scratch/tacc/apps/intel19/eigen/3.4.0/include/eigen3/Eigen/Core:332:
/scratch/tacc/apps/intel19/eigen/3.4.0/include/eigen3/Eigen/src/Core/ProductEvaluators.h:567:20: warning: use of old-style cast [-Wold-style-cast]
  567 |     LhsAlignment = EIGEN_PLAIN_ENUM_MIN(LhsEtorType::Alignment,LhsVecPacketSize*int(sizeof(typename LhsNestedCleaned::Scalar))),
      |                    ^                    ~~~~~~~~~~~~~~~~~~~~~~
/scratch/tacc/apps/intel19/eigen/3.4.0/include/eigen3/Eigen/src/Core/util/Macros.h:1288:37: note: expanded from macro 'EIGEN_PLAIN_ENUM_MIN'
 1288 | #define EIGEN_PLAIN_ENUM_MIN(a,b) (((int)a <= (int)b) ? (int)a : (int)b)
      |                                     ^    ~
In file included from chemistrySolver/canteraChemistrySolvers.C:27:
In file included from lnInclude/canteraChemistryModel.H:209:
In file included from lnInclude/canteraChemistryModelI.H:35:
In file included from /work/09629/m_hland10/ls6/cantera/include/cantera/kinetics/Kinetics.h:14:
In file included from /work/09629/m_hland10/ls6/cantera/include/cantera/kinetics/StoichManager.h:11:
In file included from /work/09629/m_hland10/ls6/cantera/include/cantera/numerics/eigen_sparse.h:12:
In file included from /scratch/tacc/apps/intel19/eigen/3.4.0/include/eigen3/Eigen/Sparse:26:
In file included from /scratch/tacc/apps/intel19/eigen/3.4.0/include/eigen3/Eigen/SparseCore:11:
In file included from /scratch/tacc/apps/intel19/eigen/3.4.0/include/eigen3/Eigen/Core:332:
/scratch/tacc/apps/intel19/eigen/3.4.0/include/eigen3/Eigen/src/Core/ProductEvaluators.h:567:20: warning: use of old-style cast [-Wold-style-cast]
  567 |     LhsAlignment = EIGEN_PLAIN_ENUM_MIN(LhsEtorType::Alignment,LhsVecPacketSize*int(sizeof(typename LhsNestedCleaned::Scalar))),
      |                    ^                                           ~~~~~~~~~~~~~~~~
/scratch/tacc/apps/intel19/eigen/3.4.0/include/eigen3/Eigen/src/Core/util/Macros.h:1288:47: note: expanded from macro 'EIGEN_PLAIN_ENUM_MIN'
 1288 | #define EIGEN_PLAIN_ENUM_MIN(a,b) (((int)a <= (int)b) ? (int)a : (int)b)
      |                                               ^    ~
In file included from chemistrySolver/canteraChemistrySolvers.C:27:
In file included from lnInclude/canteraChemistryModel.H:209:
In file included from lnInclude/canteraChemistryModelI.H:35:
In file included from /work/09629/m_hland10/ls6/cantera/include/cantera/kinetics/Kinetics.h:14:
In file included from /work/09629/m_hland10/ls6/cantera/include/cantera/kinetics/StoichManager.h:11:
In file included from /work/09629/m_hland10/ls6/cantera/include/cantera/numerics/eigen_sparse.h:12:
In file included from /scratch/tacc/apps/intel19/eigen/3.4.0/include/eigen3/Eigen/Sparse:26:
In file included from /scratch/tacc/apps/intel19/eigen/3.4.0/include/eigen3/Eigen/SparseCore:11:
In file included from /scratch/tacc/apps/intel19/eigen/3.4.0/include/eigen3/Eigen/Core:332:
/scratch/tacc/apps/intel19/eigen/3.4.0/include/eigen3/Eigen/src/Core/ProductEvaluators.h:567:20: warning: use of old-style cast [-Wold-style-cast]
  567 |     LhsAlignment = EIGEN_PLAIN_ENUM_MIN(LhsEtorType::Alignment,LhsVecPacketSize*int(sizeof(typename LhsNestedCleaned::Scalar))),
      |                    ^                    ~~~~~~~~~~~~~~~~~~~~~~
/scratch/tacc/apps/intel19/eigen/3.4.0/include/eigen3/Eigen/src/Core/util/Macros.h:1288:57: note: expanded from macro 'EIGEN_PLAIN_ENUM_MIN'
 1288 | #define EIGEN_PLAIN_ENUM_MIN(a,b) (((int)a <= (int)b) ? (int)a : (int)b)
      |                                                         ^    ~
In file included from chemistrySolver/canteraChemistrySolvers.C:27:
In file included from lnInclude/canteraChemistryModel.H:209:
In file included from lnInclude/canteraChemistryModelI.H:35:
In file included from /work/09629/m_hland10/ls6/cantera/include/cantera/kinetics/Kinetics.h:14:
In file included from /work/09629/m_hland10/ls6/cantera/include/cantera/kinetics/StoichManager.h:11:
In file included from /work/09629/m_hland10/ls6/cantera/include/cantera/numerics/eigen_sparse.h:12:
In file included from /scratch/tacc/apps/intel19/eigen/3.4.0/include/eigen3/Eigen/Sparse:26:
In file included from /scratch/tacc/apps/intel19/eigen/3.4.0/include/eigen3/Eigen/SparseCore:11:
In file included from /scratch/tacc/apps/intel19/eigen/3.4.0/include/eigen3/Eigen/Core:332:
/scratch/tacc/apps/intel19/eigen/3.4.0/include/eigen3/Eigen/src/Core/ProductEvaluators.h:567:20: warning: use of old-style cast [-Wold-style-cast]
  567 |     LhsAlignment = EIGEN_PLAIN_ENUM_MIN(LhsEtorType::Alignment,LhsVecPacketSize*int(sizeof(typename LhsNestedCleaned::Scalar))),
      |                    ^                                           ~~~~~~~~~~~~~~~~
/scratch/tacc/apps/intel19/eigen/3.4.0/include/eigen3/Eigen/src/Core/util/Macros.h:1288:66: note: expanded from macro 'EIGEN_PLAIN_ENUM_MIN'
 1288 | #define EIGEN_PLAIN_ENUM_MIN(a,b) (((int)a <= (int)b) ? (int)a : (int)b)
      |                                                                  ^    ~
In file included from chemistrySolver/canteraChemistrySolvers.C:27:
In file included from lnInclude/canteraChemistryModel.H:209:
In file included from lnInclude/canteraChemistryModelI.H:35:
In file included from /work/09629/m_hland10/ls6/cantera/include/cantera/kinetics/Kinetics.h:14:
In file included from /work/09629/m_hland10/ls6/cantera/include/cantera/kinetics/StoichManager.h:11:
In file included from /work/09629/m_hland10/ls6/cantera/include/cantera/numerics/eigen_sparse.h:12:
In file included from /scratch/tacc/apps/intel19/eigen/3.4.0/include/eigen3/Eigen/Sparse:26:
In file included from /scratch/tacc/apps/intel19/eigen/3.4.0/include/eigen3/Eigen/SparseCore:11:
In file included from /scratch/tacc/apps/intel19/eigen/3.4.0/include/eigen3/Eigen/Core:332:
/scratch/tacc/apps/intel19/eigen/3.4.0/include/eigen3/Eigen/src/Core/ProductEvaluators.h:568:20: warning: use of old-style cast [-Wold-style-cast]
  568 |     RhsAlignment = EIGEN_PLAIN_ENUM_MIN(RhsEtorType::Alignment,RhsVecPacketSize*int(sizeof(typename RhsNestedCleaned::Scalar))),
      |                    ^                    ~~~~~~~~~~~~~~~~~~~~~~
/scratch/tacc/apps/intel19/eigen/3.4.0/include/eigen3/Eigen/src/Core/util/Macros.h:1288:37: note: expanded from macro 'EIGEN_PLAIN_ENUM_MIN'
 1288 | #define EIGEN_PLAIN_ENUM_MIN(a,b) (((int)a <= (int)b) ? (int)a : (int)b)
      |                                     ^    ~
In file included from chemistrySolver/canteraChemistrySolvers.C:27:
In file included from lnInclude/canteraChemistryModel.H:209:
In file included from lnInclude/canteraChemistryModelI.H:35:
In file included from /work/09629/m_hland10/ls6/cantera/include/cantera/kinetics/Kinetics.h:14:
In file included from /work/09629/m_hland10/ls6/cantera/include/cantera/kinetics/StoichManager.h:11:
In file included from /work/09629/m_hland10/ls6/cantera/include/cantera/numerics/eigen_sparse.h:12:
In file included from /scratch/tacc/apps/intel19/eigen/3.4.0/include/eigen3/Eigen/Sparse:26:
In file included from /scratch/tacc/apps/intel19/eigen/3.4.0/include/eigen3/Eigen/SparseCore:11:
In file included from /scratch/tacc/apps/intel19/eigen/3.4.0/include/eigen3/Eigen/Core:332:
/scratch/tacc/apps/intel19/eigen/3.4.0/include/eigen3/Eigen/src/Core/ProductEvaluators.h:568:20: warning: use of old-style cast [-Wold-style-cast]
  568 |     RhsAlignment = EIGEN_PLAIN_ENUM_MIN(RhsEtorType::Alignment,RhsVecPacketSize*int(sizeof(typename RhsNestedCleaned::Scalar))),
      |                    ^                                           ~~~~~~~~~~~~~~~~
/scratch/tacc/apps/intel19/eigen/3.4.0/include/eigen3/Eigen/src/Core/util/Macros.h:1288:47: note: expanded from macro 'EIGEN_PLAIN_ENUM_MIN'
 1288 | #define EIGEN_PLAIN_ENUM_MIN(a,b) (((int)a <= (int)b) ? (int)a : (int)b)
      |                                               ^    ~
In file included from chemistrySolver/canteraChemistrySolvers.C:27:
In file included from lnInclude/canteraChemistryModel.H:209:
In file included from lnInclude/canteraChemistryModelI.H:35:
In file included from /work/09629/m_hland10/ls6/cantera/include/cantera/kinetics/Kinetics.h:14:
In file included from /work/09629/m_hland10/ls6/cantera/include/cantera/kinetics/StoichManager.h:11:
In file included from /work/09629/m_hland10/ls6/cantera/include/cantera/numerics/eigen_sparse.h:12:
In file included from /scratch/tacc/apps/intel19/eigen/3.4.0/include/eigen3/Eigen/Sparse:26:
In file included from /scratch/tacc/apps/intel19/eigen/3.4.0/include/eigen3/Eigen/SparseCore:11:
In file included from /scratch/tacc/apps/intel19/eigen/3.4.0/include/eigen3/Eigen/Core:332:
/scratch/tacc/apps/intel19/eigen/3.4.0/include/eigen3/Eigen/src/Core/ProductEvaluators.h:568:20: warning: use of old-style cast [-Wold-style-cast]
  568 |     RhsAlignment = EIGEN_PLAIN_ENUM_MIN(RhsEtorType::Alignment,RhsVecPacketSize*int(sizeof(typename RhsNestedCleaned::Scalar))),
      |                    ^                    ~~~~~~~~~~~~~~~~~~~~~~
/scratch/tacc/apps/intel19/eigen/3.4.0/include/eigen3/Eigen/src/Core/util/Macros.h:1288:57: note: expanded from macro 'EIGEN_PLAIN_ENUM_MIN'
 1288 | #define EIGEN_PLAIN_ENUM_MIN(a,b) (((int)a <= (int)b) ? (int)a : (int)b)
      |                                                         ^    ~
In file included from chemistrySolver/canteraChemistrySolvers.C:27:
In file included from lnInclude/canteraChemistryModel.H:209:
In file included from lnInclude/canteraChemistryModelI.H:35:
In file included from /work/09629/m_hland10/ls6/cantera/include/cantera/kinetics/Kinetics.h:14:
In file included from /work/09629/m_hland10/ls6/cantera/include/cantera/kinetics/StoichManager.h:11:
In file included from /work/09629/m_hland10/ls6/cantera/include/cantera/numerics/eigen_sparse.h:12:
In file included from /scratch/tacc/apps/intel19/eigen/3.4.0/include/eigen3/Eigen/Sparse:26:
In file included from /scratch/tacc/apps/intel19/eigen/3.4.0/include/eigen3/Eigen/SparseCore:11:
In file included from /scratch/tacc/apps/intel19/eigen/3.4.0/include/eigen3/Eigen/Core:332:
/scratch/tacc/apps/intel19/eigen/3.4.0/include/eigen3/Eigen/src/Core/ProductEvaluators.h:568:20: warning: use of old-style cast [-Wold-style-cast]
  568 |     RhsAlignment = EIGEN_PLAIN_ENUM_MIN(RhsEtorType::Alignment,RhsVecPacketSize*int(sizeof(typename RhsNestedCleaned::Scalar))),
      |                    ^                                           ~~~~~~~~~~~~~~~~
/scratch/tacc/apps/intel19/eigen/3.4.0/include/eigen3/Eigen/src/Core/util/Macros.h:1288:66: note: expanded from macro 'EIGEN_PLAIN_ENUM_MIN'
 1288 | #define EIGEN_PLAIN_ENUM_MIN(a,b) (((int)a <= (int)b) ? (int)a : (int)b)
      |                                                                  ^    ~
In file included from chemistrySolver/canteraChemistrySolvers.C:27:
In file included from lnInclude/canteraChemistryModel.H:209:
In file included from lnInclude/canteraChemistryModelI.H:35:
In file included from /work/09629/m_hland10/ls6/cantera/include/cantera/kinetics/Kinetics.h:14:
In file included from /work/09629/m_hland10/ls6/cantera/include/cantera/kinetics/StoichManager.h:11:
In file included from /work/09629/m_hland10/ls6/cantera/include/cantera/numerics/eigen_sparse.h:12:
In file included from /scratch/tacc/apps/intel19/eigen/3.4.0/include/eigen3/Eigen/Sparse:26:
In file included from /scratch/tacc/apps/intel19/eigen/3.4.0/include/eigen3/Eigen/SparseCore:11:
In file included from /scratch/tacc/apps/intel19/eigen/3.4.0/include/eigen3/Eigen/Core:332:
/scratch/tacc/apps/intel19/eigen/3.4.0/include/eigen3/Eigen/src/Core/ProductEvaluators.h:588:96: warning: use of old-style cast [-Wold-style-cast]
  588 |     Alignment = bool(CanVectorizeLhs) ? (LhsOuterStrideBytes<=0 || (int(LhsOuterStrideBytes) % EIGEN_PLAIN_ENUM_MAX(1,LhsAlignment))!=0 ? 0 : LhsAlignment)
      |                                                                                                ^                    ~
/scratch/tacc/apps/intel19/eigen/3.4.0/include/eigen3/Eigen/src/Core/util/Macros.h:1289:37: note: expanded from macro 'EIGEN_PLAIN_ENUM_MAX'
 1289 | #define EIGEN_PLAIN_ENUM_MAX(a,b) (((int)a >= (int)b) ? (int)a : (int)b)
      |                                     ^    ~
In file included from chemistrySolver/canteraChemistrySolvers.C:27:
In file included from lnInclude/canteraChemistryModel.H:209:
In file included from lnInclude/canteraChemistryModelI.H:35:
In file included from /work/09629/m_hland10/ls6/cantera/include/cantera/kinetics/Kinetics.h:14:
In file included from /work/09629/m_hland10/ls6/cantera/include/cantera/kinetics/StoichManager.h:11:
In file included from /work/09629/m_hland10/ls6/cantera/include/cantera/numerics/eigen_sparse.h:12:
In file included from /scratch/tacc/apps/intel19/eigen/3.4.0/include/eigen3/Eigen/Sparse:26:
In file included from /scratch/tacc/apps/intel19/eigen/3.4.0/include/eigen3/Eigen/SparseCore:11:
In file included from /scratch/tacc/apps/intel19/eigen/3.4.0/include/eigen3/Eigen/Core:332:
/scratch/tacc/apps/intel19/eigen/3.4.0/include/eigen3/Eigen/src/Core/ProductEvaluators.h:588:96: warning: use of old-style cast [-Wold-style-cast]
  588 |     Alignment = bool(CanVectorizeLhs) ? (LhsOuterStrideBytes<=0 || (int(LhsOuterStrideBytes) % EIGEN_PLAIN_ENUM_MAX(1,LhsAlignment))!=0 ? 0 : LhsAlignment)
      |                                                                                                ^                      ~~~~~~~~~~~~
/scratch/tacc/apps/intel19/eigen/3.4.0/include/eigen3/Eigen/src/Core/util/Macros.h:1289:47: note: expanded from macro 'EIGEN_PLAIN_ENUM_MAX'
 1289 | #define EIGEN_PLAIN_ENUM_MAX(a,b) (((int)a >= (int)b) ? (int)a : (int)b)
      |                                               ^    ~
In file included from chemistrySolver/canteraChemistrySolvers.C:27:
In file included from lnInclude/canteraChemistryModel.H:209:
In file included from lnInclude/canteraChemistryModelI.H:35:
In file included from /work/09629/m_hland10/ls6/cantera/include/cantera/kinetics/Kinetics.h:14:
In file included from /work/09629/m_hland10/ls6/cantera/include/cantera/kinetics/StoichManager.h:11:
In file included from /work/09629/m_hland10/ls6/cantera/include/cantera/numerics/eigen_sparse.h:12:
In file included from /scratch/tacc/apps/intel19/eigen/3.4.0/include/eigen3/Eigen/Sparse:26:
In file included from /scratch/tacc/apps/intel19/eigen/3.4.0/include/eigen3/Eigen/SparseCore:11:
In file included from /scratch/tacc/apps/intel19/eigen/3.4.0/include/eigen3/Eigen/Core:332:
/scratch/tacc/apps/intel19/eigen/3.4.0/include/eigen3/Eigen/src/Core/ProductEvaluators.h:588:96: warning: use of old-style cast [-Wold-style-cast]
  588 |     Alignment = bool(CanVectorizeLhs) ? (LhsOuterStrideBytes<=0 || (int(LhsOuterStrideBytes) % EIGEN_PLAIN_ENUM_MAX(1,LhsAlignment))!=0 ? 0 : LhsAlignment)
      |                                                                                                ^                    ~
/scratch/tacc/apps/intel19/eigen/3.4.0/include/eigen3/Eigen/src/Core/util/Macros.h:1289:57: note: expanded from macro 'EIGEN_PLAIN_ENUM_MAX'
 1289 | #define EIGEN_PLAIN_ENUM_MAX(a,b) (((int)a >= (int)b) ? (int)a : (int)b)
      |                                                         ^    ~
In file included from chemistrySolver/canteraChemistrySolvers.C:27:
In file included from lnInclude/canteraChemistryModel.H:209:
In file included from lnInclude/canteraChemistryModelI.H:35:
In file included from /work/09629/m_hland10/ls6/cantera/include/cantera/kinetics/Kinetics.h:14:
In file included from /work/09629/m_hland10/ls6/cantera/include/cantera/kinetics/StoichManager.h:11:
In file included from /work/09629/m_hland10/ls6/cantera/include/cantera/numerics/eigen_sparse.h:12:
In file included from /scratch/tacc/apps/intel19/eigen/3.4.0/include/eigen3/Eigen/Sparse:26:
In file included from /scratch/tacc/apps/intel19/eigen/3.4.0/include/eigen3/Eigen/SparseCore:11:
In file included from /scratch/tacc/apps/intel19/eigen/3.4.0/include/eigen3/Eigen/Core:332:
/scratch/tacc/apps/intel19/eigen/3.4.0/include/eigen3/Eigen/src/Core/ProductEvaluators.h:588:96: warning: use of old-style cast [-Wold-style-cast]
  588 |     Alignment = bool(CanVectorizeLhs) ? (LhsOuterStrideBytes<=0 || (int(LhsOuterStrideBytes) % EIGEN_PLAIN_ENUM_MAX(1,LhsAlignment))!=0 ? 0 : LhsAlignment)
      |                                                                                                ^                      ~~~~~~~~~~~~
/scratch/tacc/apps/intel19/eigen/3.4.0/include/eigen3/Eigen/src/Core/util/Macros.h:1289:66: note: expanded from macro 'EIGEN_PLAIN_ENUM_MAX'
 1289 | #define EIGEN_PLAIN_ENUM_MAX(a,b) (((int)a >= (int)b) ? (int)a : (int)b)
      |                                                                  ^    ~
In file included from chemistrySolver/canteraChemistrySolvers.C:27:
In file included from lnInclude/canteraChemistryModel.H:209:
In file included from lnInclude/canteraChemistryModelI.H:35:
In file included from /work/09629/m_hland10/ls6/cantera/include/cantera/kinetics/Kinetics.h:14:
In file included from /work/09629/m_hland10/ls6/cantera/include/cantera/kinetics/StoichManager.h:11:
In file included from /work/09629/m_hland10/ls6/cantera/include/cantera/numerics/eigen_sparse.h:12:
In file included from /scratch/tacc/apps/intel19/eigen/3.4.0/include/eigen3/Eigen/Sparse:26:
In file included from /scratch/tacc/apps/intel19/eigen/3.4.0/include/eigen3/Eigen/SparseCore:11:
In file included from /scratch/tacc/apps/intel19/eigen/3.4.0/include/eigen3/Eigen/Core:332:
/scratch/tacc/apps/intel19/eigen/3.4.0/include/eigen3/Eigen/src/Core/ProductEvaluators.h:589:96: warning: use of old-style cast [-Wold-style-cast]
  589 |               : bool(CanVectorizeRhs) ? (RhsOuterStrideBytes<=0 || (int(RhsOuterStrideBytes) % EIGEN_PLAIN_ENUM_MAX(1,RhsAlignment))!=0 ? 0 : RhsAlignment)
      |                                                                                                ^                    ~
/scratch/tacc/apps/intel19/eigen/3.4.0/include/eigen3/Eigen/src/Core/util/Macros.h:1289:37: note: expanded from macro 'EIGEN_PLAIN_ENUM_MAX'
 1289 | #define EIGEN_PLAIN_ENUM_MAX(a,b) (((int)a >= (int)b) ? (int)a : (int)b)
      |                                     ^    ~
In file included from chemistrySolver/canteraChemistrySolvers.C:27:
In file included from lnInclude/canteraChemistryModel.H:209:
In file included from lnInclude/canteraChemistryModelI.H:35:
In file included from /work/09629/m_hland10/ls6/cantera/include/cantera/kinetics/Kinetics.h:14:
In file included from /work/09629/m_hland10/ls6/cantera/include/cantera/kinetics/StoichManager.h:11:
In file included from /work/09629/m_hland10/ls6/cantera/include/cantera/numerics/eigen_sparse.h:12:
In file included from /scratch/tacc/apps/intel19/eigen/3.4.0/include/eigen3/Eigen/Sparse:26:
In file included from /scratch/tacc/apps/intel19/eigen/3.4.0/include/eigen3/Eigen/SparseCore:11:
In file included from /scratch/tacc/apps/intel19/eigen/3.4.0/include/eigen3/Eigen/Core:332:
/scratch/tacc/apps/intel19/eigen/3.4.0/include/eigen3/Eigen/src/Core/ProductEvaluators.h:589:96: warning: use of old-style cast [-Wold-style-cast]
  589 |               : bool(CanVectorizeRhs) ? (RhsOuterStrideBytes<=0 || (int(RhsOuterStrideBytes) % EIGEN_PLAIN_ENUM_MAX(1,RhsAlignment))!=0 ? 0 : RhsAlignment)
      |                                                                                                ^                      ~~~~~~~~~~~~
/scratch/tacc/apps/intel19/eigen/3.4.0/include/eigen3/Eigen/src/Core/util/Macros.h:1289:47: note: expanded from macro 'EIGEN_PLAIN_ENUM_MAX'
 1289 | #define EIGEN_PLAIN_ENUM_MAX(a,b) (((int)a >= (int)b) ? (int)a : (int)b)
      |                                               ^    ~
In file included from chemistrySolver/canteraChemistrySolvers.C:27:
In file included from lnInclude/canteraChemistryModel.H:209:
In file included from lnInclude/canteraChemistryModelI.H:35:
In file included from /work/09629/m_hland10/ls6/cantera/include/cantera/kinetics/Kinetics.h:14:
In file included from /work/09629/m_hland10/ls6/cantera/include/cantera/kinetics/StoichManager.h:11:
In file included from /work/09629/m_hland10/ls6/cantera/include/cantera/numerics/eigen_sparse.h:12:
In file included from /scratch/tacc/apps/intel19/eigen/3.4.0/include/eigen3/Eigen/Sparse:26:
In file included from /scratch/tacc/apps/intel19/eigen/3.4.0/include/eigen3/Eigen/SparseCore:11:
In file included from /scratch/tacc/apps/intel19/eigen/3.4.0/include/eigen3/Eigen/Core:332:
/scratch/tacc/apps/intel19/eigen/3.4.0/include/eigen3/Eigen/src/Core/ProductEvaluators.h:589:96: warning: use of old-style cast [-Wold-style-cast]
  589 |               : bool(CanVectorizeRhs) ? (RhsOuterStrideBytes<=0 || (int(RhsOuterStrideBytes) % EIGEN_PLAIN_ENUM_MAX(1,RhsAlignment))!=0 ? 0 : RhsAlignment)
      |                                                                                                ^                    ~
/scratch/tacc/apps/intel19/eigen/3.4.0/include/eigen3/Eigen/src/Core/util/Macros.h:1289:57: note: expanded from macro 'EIGEN_PLAIN_ENUM_MAX'
 1289 | #define EIGEN_PLAIN_ENUM_MAX(a,b) (((int)a >= (int)b) ? (int)a : (int)b)
      |                                                         ^    ~
In file included from chemistrySolver/canteraChemistrySolvers.C:27:
In file included from lnInclude/canteraChemistryModel.H:209:
In file included from lnInclude/canteraChemistryModelI.H:35:
In file included from /work/09629/m_hland10/ls6/cantera/include/cantera/kinetics/Kinetics.h:14:
In file included from /work/09629/m_hland10/ls6/cantera/include/cantera/kinetics/StoichManager.h:11:
In file included from /work/09629/m_hland10/ls6/cantera/include/cantera/numerics/eigen_sparse.h:12:
In file included from /scratch/tacc/apps/intel19/eigen/3.4.0/include/eigen3/Eigen/Sparse:26:
In file included from /scratch/tacc/apps/intel19/eigen/3.4.0/include/eigen3/Eigen/SparseCore:11:
In file included from /scratch/tacc/apps/intel19/eigen/3.4.0/include/eigen3/Eigen/Core:332:
/scratch/tacc/apps/intel19/eigen/3.4.0/include/eigen3/Eigen/src/Core/ProductEvaluators.h:589:96: warning: use of old-style cast [-Wold-style-cast]
  589 |               : bool(CanVectorizeRhs) ? (RhsOuterStrideBytes<=0 || (int(RhsOuterStrideBytes) % EIGEN_PLAIN_ENUM_MAX(1,RhsAlignment))!=0 ? 0 : RhsAlignment)
      |                                                                                                ^                      ~~~~~~~~~~~~
/scratch/tacc/apps/intel19/eigen/3.4.0/include/eigen3/Eigen/src/Core/util/Macros.h:1289:66: note: expanded from macro 'EIGEN_PLAIN_ENUM_MAX'
 1289 | #define EIGEN_PLAIN_ENUM_MAX(a,b) (((int)a >= (int)b) ? (int)a : (int)b)
      |                                                                  ^    ~
In file included from chemistrySolver/canteraChemistrySolvers.C:27:
In file included from lnInclude/canteraChemistryModel.H:209:
In file included from lnInclude/canteraChemistryModelI.H:35:
In file included from /work/09629/m_hland10/ls6/cantera/include/cantera/kinetics/Kinetics.h:14:
In file included from /work/09629/m_hland10/ls6/cantera/include/cantera/kinetics/StoichManager.h:11:
In file included from /work/09629/m_hland10/ls6/cantera/include/cantera/numerics/eigen_sparse.h:12:
In file included from /scratch/tacc/apps/intel19/eigen/3.4.0/include/eigen3/Eigen/Sparse:26:
In file included from /scratch/tacc/apps/intel19/eigen/3.4.0/include/eigen3/Eigen/SparseCore:11:
In file included from /scratch/tacc/apps/intel19/eigen/3.4.0/include/eigen3/Eigen/Core:332:
/scratch/tacc/apps/intel19/eigen/3.4.0/include/eigen3/Eigen/src/Core/ProductEvaluators.h:854:51: warning: use of old-style cast [-Wold-style-cast]
  854 |     Flags = ((HereditaryBits|_LinearAccessMask) & (unsigned int)(MatrixFlags)) | (_Vectorizable ? PacketAccessBit : 0),
      |                                                   ^             ~~~~~~~~~~~~~
/scratch/tacc/apps/intel19/eigen/3.4.0/include/eigen3/Eigen/src/Core/ProductEvaluators.h:890:32: warning: use of old-style cast [-Wold-style-cast]
  890 |       DiagonalPacketLoadMode = EIGEN_PLAIN_ENUM_MIN(LoadMode,((InnerSize%16) == 0) ? int(Aligned16) : int(evaluator<DiagonalType>::Alignment)) // FIXME hardcoded 16!!
      |                                ^                    ~~~~~~~~
/scratch/tacc/apps/intel19/eigen/3.4.0/include/eigen3/Eigen/src/Core/util/Macros.h:1288:37: note: expanded from macro 'EIGEN_PLAIN_ENUM_MIN'
 1288 | #define EIGEN_PLAIN_ENUM_MIN(a,b) (((int)a <= (int)b) ? (int)a : (int)b)
      |                                     ^    ~
In file included from chemistrySolver/canteraChemistrySolvers.C:27:
In file included from lnInclude/canteraChemistryModel.H:209:
In file included from lnInclude/canteraChemistryModelI.H:35:
In file included from /work/09629/m_hland10/ls6/cantera/include/cantera/kinetics/Kinetics.h:14:
In file included from /work/09629/m_hland10/ls6/cantera/include/cantera/kinetics/StoichManager.h:11:
In file included from /work/09629/m_hland10/ls6/cantera/include/cantera/numerics/eigen_sparse.h:12:
In file included from /scratch/tacc/apps/intel19/eigen/3.4.0/include/eigen3/Eigen/Sparse:26:
In file included from /scratch/tacc/apps/intel19/eigen/3.4.0/include/eigen3/Eigen/SparseCore:11:
In file included from /scratch/tacc/apps/intel19/eigen/3.4.0/include/eigen3/Eigen/Core:332:
/scratch/tacc/apps/intel19/eigen/3.4.0/include/eigen3/Eigen/src/Core/ProductEvaluators.h:890:32: warning: use of old-style cast [-Wold-style-cast]
  890 |       DiagonalPacketLoadMode = EIGEN_PLAIN_ENUM_MIN(LoadMode,((InnerSize%16) == 0) ? int(Aligned16) : int(evaluator<DiagonalType>::Alignment)) // FIXME hardcoded 16!!
      |                                ^                             ~~~~~~~~~~~~~~~~~~~~~
/scratch/tacc/apps/intel19/eigen/3.4.0/include/eigen3/Eigen/src/Core/util/Macros.h:1288:47: note: expanded from macro 'EIGEN_PLAIN_ENUM_MIN'
 1288 | #define EIGEN_PLAIN_ENUM_MIN(a,b) (((int)a <= (int)b) ? (int)a : (int)b)
      |                                               ^    ~
In file included from chemistrySolver/canteraChemistrySolvers.C:27:
In file included from lnInclude/canteraChemistryModel.H:209:
In file included from lnInclude/canteraChemistryModelI.H:35:
In file included from /work/09629/m_hland10/ls6/cantera/include/cantera/kinetics/Kinetics.h:14:
In file included from /work/09629/m_hland10/ls6/cantera/include/cantera/kinetics/StoichManager.h:11:
In file included from /work/09629/m_hland10/ls6/cantera/include/cantera/numerics/eigen_sparse.h:12:
In file included from /scratch/tacc/apps/intel19/eigen/3.4.0/include/eigen3/Eigen/Sparse:26:
In file included from /scratch/tacc/apps/intel19/eigen/3.4.0/include/eigen3/Eigen/SparseCore:11:
In file included from /scratch/tacc/apps/intel19/eigen/3.4.0/include/eigen3/Eigen/Core:332:
/scratch/tacc/apps/intel19/eigen/3.4.0/include/eigen3/Eigen/src/Core/ProductEvaluators.h:890:32: warning: use of old-style cast [-Wold-style-cast]
  890 |       DiagonalPacketLoadMode = EIGEN_PLAIN_ENUM_MIN(LoadMode,((InnerSize%16) == 0) ? int(Aligned16) : int(evaluator<DiagonalType>::Alignment)) // FIXME hardcoded 16!!
      |                                ^                    ~~~~~~~~
/scratch/tacc/apps/intel19/eigen/3.4.0/include/eigen3/Eigen/src/Core/util/Macros.h:1288:57: note: expanded from macro 'EIGEN_PLAIN_ENUM_MIN'
 1288 | #define EIGEN_PLAIN_ENUM_MIN(a,b) (((int)a <= (int)b) ? (int)a : (int)b)
      |                                                         ^    ~
In file included from chemistrySolver/canteraChemistrySolvers.C:27:
In file included from lnInclude/canteraChemistryModel.H:209:
In file included from lnInclude/canteraChemistryModelI.H:35:
In file included from /work/09629/m_hland10/ls6/cantera/include/cantera/kinetics/Kinetics.h:14:
In file included from /work/09629/m_hland10/ls6/cantera/include/cantera/kinetics/StoichManager.h:11:
In file included from /work/09629/m_hland10/ls6/cantera/include/cantera/numerics/eigen_sparse.h:12:
In file included from /scratch/tacc/apps/intel19/eigen/3.4.0/include/eigen3/Eigen/Sparse:26:
In file included from /scratch/tacc/apps/intel19/eigen/3.4.0/include/eigen3/Eigen/SparseCore:11:
In file included from /scratch/tacc/apps/intel19/eigen/3.4.0/include/eigen3/Eigen/Core:332:
/scratch/tacc/apps/intel19/eigen/3.4.0/include/eigen3/Eigen/src/Core/ProductEvaluators.h:890:32: warning: use of old-style cast [-Wold-style-cast]
  890 |       DiagonalPacketLoadMode = EIGEN_PLAIN_ENUM_MIN(LoadMode,((InnerSize%16) == 0) ? int(Aligned16) : int(evaluator<DiagonalType>::Alignment)) // FIXME hardcoded 16!!
      |                                ^                             ~~~~~~~~~~~~~~~~~~~~~
/scratch/tacc/apps/intel19/eigen/3.4.0/include/eigen3/Eigen/src/Core/util/Macros.h:1288:66: note: expanded from macro 'EIGEN_PLAIN_ENUM_MIN'
 1288 | #define EIGEN_PLAIN_ENUM_MIN(a,b) (((int)a <= (int)b) ? (int)a : (int)b)
      |                                                                  ^    ~
In file included from chemistrySolver/canteraChemistrySolvers.C:27:
In file included from lnInclude/canteraChemistryModel.H:209:
In file included from lnInclude/canteraChemistryModelI.H:35:
In file included from /work/09629/m_hland10/ls6/cantera/include/cantera/kinetics/Kinetics.h:14:
In file included from /work/09629/m_hland10/ls6/cantera/include/cantera/kinetics/StoichManager.h:11:
In file included from /work/09629/m_hland10/ls6/cantera/include/cantera/numerics/eigen_sparse.h:12:
In file included from /scratch/tacc/apps/intel19/eigen/3.4.0/include/eigen3/Eigen/Sparse:26:
In file included from /scratch/tacc/apps/intel19/eigen/3.4.0/include/eigen3/Eigen/SparseCore:11:
In file included from /scratch/tacc/apps/intel19/eigen/3.4.0/include/eigen3/Eigen/Core:333:
/scratch/tacc/apps/intel19/eigen/3.4.0/include/eigen3/Eigen/src/Core/products/GeneralMatrixVector.h:134:20: warning: use of old-style cast [-Wold-style-cast]
  134 |          HasHalf = (int)ResPacketSizeHalf < (int)ResPacketSize,
      |                    ^    ~~~~~~~~~~~~~~~~~
/scratch/tacc/apps/intel19/eigen/3.4.0/include/eigen3/Eigen/src/Core/products/GeneralMatrixVector.h:134:45: warning: use of old-style cast [-Wold-style-cast]
  134 |          HasHalf = (int)ResPacketSizeHalf < (int)ResPacketSize,
      |                                             ^    ~~~~~~~~~~~~~
/scratch/tacc/apps/intel19/eigen/3.4.0/include/eigen3/Eigen/src/Core/products/GeneralMatrixVector.h:135:23: warning: use of old-style cast [-Wold-style-cast]
  135 |          HasQuarter = (int)ResPacketSizeQuarter < (int)ResPacketSizeHalf
      |                       ^    ~~~~~~~~~~~~~~~~~~~~
/scratch/tacc/apps/intel19/eigen/3.4.0/include/eigen3/Eigen/src/Core/products/GeneralMatrixVector.h:135:51: warning: use of old-style cast [-Wold-style-cast]
  135 |          HasQuarter = (int)ResPacketSizeQuarter < (int)ResPacketSizeHalf
      |                                                   ^    ~~~~~~~~~~~~~~~~~
/scratch/tacc/apps/intel19/eigen/3.4.0/include/eigen3/Eigen/src/Core/products/GeneralMatrixVector.h:358:20: warning: use of old-style cast [-Wold-style-cast]
  358 |          HasHalf = (int)ResPacketSizeHalf < (int)ResPacketSize,
      |                    ^    ~~~~~~~~~~~~~~~~~
/scratch/tacc/apps/intel19/eigen/3.4.0/include/eigen3/Eigen/src/Core/products/GeneralMatrixVector.h:358:45: warning: use of old-style cast [-Wold-style-cast]
  358 |          HasHalf = (int)ResPacketSizeHalf < (int)ResPacketSize,
      |                                             ^    ~~~~~~~~~~~~~
/scratch/tacc/apps/intel19/eigen/3.4.0/include/eigen3/Eigen/src/Core/products/GeneralMatrixVector.h:359:23: warning: use of old-style cast [-Wold-style-cast]
  359 |          HasQuarter = (int)ResPacketSizeQuarter < (int)ResPacketSizeHalf
      |                       ^    ~~~~~~~~~~~~~~~~~~~~
/scratch/tacc/apps/intel19/eigen/3.4.0/include/eigen3/Eigen/src/Core/products/GeneralMatrixVector.h:359:51: warning: use of old-style cast [-Wold-style-cast]
  359 |          HasQuarter = (int)ResPacketSizeQuarter < (int)ResPacketSizeHalf
      |                                                   ^    ~~~~~~~~~~~~~~~~~
In file included from chemistrySolver/canteraChemistrySolvers.C:27:
In file included from lnInclude/canteraChemistryModel.H:209:
In file included from lnInclude/canteraChemistryModelI.H:35:
In file included from /work/09629/m_hland10/ls6/cantera/include/cantera/kinetics/Kinetics.h:14:
In file included from /work/09629/m_hland10/ls6/cantera/include/cantera/kinetics/StoichManager.h:11:
In file included from /work/09629/m_hland10/ls6/cantera/include/cantera/numerics/eigen_sparse.h:12:
In file included from /scratch/tacc/apps/intel19/eigen/3.4.0/include/eigen3/Eigen/Sparse:26:
In file included from /scratch/tacc/apps/intel19/eigen/3.4.0/include/eigen3/Eigen/SparseCore:11:
In file included from /scratch/tacc/apps/intel19/eigen/3.4.0/include/eigen3/Eigen/Core:334:
/scratch/tacc/apps/intel19/eigen/3.4.0/include/eigen3/Eigen/src/Core/products/GeneralMatrixMatrix.h:233:15: warning: use of old-style cast [-Wold-style-cast]
  233 |               (Scalar*)&(m_dest.coeffRef(row,col)), m_dest.innerStride(), m_dest.outerStride(),
      |               ^        ~~~~~~~~~~~~~~~~~~~~~~~~~~~
/scratch/tacc/apps/intel19/eigen/3.4.0/include/eigen3/Eigen/src/Core/products/GeneralMatrixMatrix.h:426:29: warning: use of old-style cast [-Wold-style-cast]
  426 |     MaxDepthAtCompileTime = EIGEN_SIZE_MIN_PREFER_FIXED(Lhs::MaxColsAtCompileTime,Rhs::MaxRowsAtCompileTime)
      |                             ^                           ~~~~~~~~~~~~~~~~~~~~~~~~~
/scratch/tacc/apps/intel19/eigen/3.4.0/include/eigen3/Eigen/src/Core/util/Macros.h:1302:45: note: expanded from macro 'EIGEN_SIZE_MIN_PREFER_FIXED'
 1302 | #define EIGEN_SIZE_MIN_PREFER_FIXED(a,b)  (((int)a == 0 || (int)b == 0) ? 0 \
      |                                             ^    ~
In file included from chemistrySolver/canteraChemistrySolvers.C:27:
In file included from lnInclude/canteraChemistryModel.H:209:
In file included from lnInclude/canteraChemistryModelI.H:35:
In file included from /work/09629/m_hland10/ls6/cantera/include/cantera/kinetics/Kinetics.h:14:
In file included from /work/09629/m_hland10/ls6/cantera/include/cantera/kinetics/StoichManager.h:11:
In file included from /work/09629/m_hland10/ls6/cantera/include/cantera/numerics/eigen_sparse.h:12:
In file included from /scratch/tacc/apps/intel19/eigen/3.4.0/include/eigen3/Eigen/Sparse:26:
In file included from /scratch/tacc/apps/intel19/eigen/3.4.0/include/eigen3/Eigen/SparseCore:11:
In file included from /scratch/tacc/apps/intel19/eigen/3.4.0/include/eigen3/Eigen/Core:334:
/scratch/tacc/apps/intel19/eigen/3.4.0/include/eigen3/Eigen/src/Core/products/GeneralMatrixMatrix.h:426:29: warning: use of old-style cast [-Wold-style-cast]
  426 |     MaxDepthAtCompileTime = EIGEN_SIZE_MIN_PREFER_FIXED(Lhs::MaxColsAtCompileTime,Rhs::MaxRowsAtCompileTime)
      |                             ^                                                     ~~~~~~~~~~~~~~~~~~~~~~~~~
/scratch/tacc/apps/intel19/eigen/3.4.0/include/eigen3/Eigen/src/Core/util/Macros.h:1302:60: note: expanded from macro 'EIGEN_SIZE_MIN_PREFER_FIXED'
 1302 | #define EIGEN_SIZE_MIN_PREFER_FIXED(a,b)  (((int)a == 0 || (int)b == 0) ? 0 \
      |                                                            ^    ~
In file included from chemistrySolver/canteraChemistrySolvers.C:27:
In file included from lnInclude/canteraChemistryModel.H:209:
In file included from lnInclude/canteraChemistryModelI.H:35:
In file included from /work/09629/m_hland10/ls6/cantera/include/cantera/kinetics/Kinetics.h:14:
In file included from /work/09629/m_hland10/ls6/cantera/include/cantera/kinetics/StoichManager.h:11:
In file included from /work/09629/m_hland10/ls6/cantera/include/cantera/numerics/eigen_sparse.h:12:
In file included from /scratch/tacc/apps/intel19/eigen/3.4.0/include/eigen3/Eigen/Sparse:26:
In file included from /scratch/tacc/apps/intel19/eigen/3.4.0/include/eigen3/Eigen/SparseCore:11:
In file included from /scratch/tacc/apps/intel19/eigen/3.4.0/include/eigen3/Eigen/Core:334:
/scratch/tacc/apps/intel19/eigen/3.4.0/include/eigen3/Eigen/src/Core/products/GeneralMatrixMatrix.h:426:29: warning: use of old-style cast [-Wold-style-cast]
  426 |     MaxDepthAtCompileTime = EIGEN_SIZE_MIN_PREFER_FIXED(Lhs::MaxColsAtCompileTime,Rhs::MaxRowsAtCompileTime)
      |                             ^                           ~~~~~~~~~~~~~~~~~~~~~~~~~
/scratch/tacc/apps/intel19/eigen/3.4.0/include/eigen3/Eigen/src/Core/util/Macros.h:1303:31: note: expanded from macro 'EIGEN_SIZE_MIN_PREFER_FIXED'
 1303 |                            : ((int)a == 1 || (int)b == 1) ? 1 \
      |                               ^    ~
In file included from chemistrySolver/canteraChemistrySolvers.C:27:
In file included from lnInclude/canteraChemistryModel.H:209:
In file included from lnInclude/canteraChemistryModelI.H:35:
In file included from /work/09629/m_hland10/ls6/cantera/include/cantera/kinetics/Kinetics.h:14:
In file included from /work/09629/m_hland10/ls6/cantera/include/cantera/kinetics/StoichManager.h:11:
In file included from /work/09629/m_hland10/ls6/cantera/include/cantera/numerics/eigen_sparse.h:12:
In file included from /scratch/tacc/apps/intel19/eigen/3.4.0/include/eigen3/Eigen/Sparse:26:
In file included from /scratch/tacc/apps/intel19/eigen/3.4.0/include/eigen3/Eigen/SparseCore:11:
In file included from /scratch/tacc/apps/intel19/eigen/3.4.0/include/eigen3/Eigen/Core:334:
/scratch/tacc/apps/intel19/eigen/3.4.0/include/eigen3/Eigen/src/Core/products/GeneralMatrixMatrix.h:426:29: warning: use of old-style cast [-Wold-style-cast]
  426 |     MaxDepthAtCompileTime = EIGEN_SIZE_MIN_PREFER_FIXED(Lhs::MaxColsAtCompileTime,Rhs::MaxRowsAtCompileTime)
      |                             ^                                                     ~~~~~~~~~~~~~~~~~~~~~~~~~
/scratch/tacc/apps/intel19/eigen/3.4.0/include/eigen3/Eigen/src/Core/util/Macros.h:1303:46: note: expanded from macro 'EIGEN_SIZE_MIN_PREFER_FIXED'
 1303 |                            : ((int)a == 1 || (int)b == 1) ? 1 \
      |                                              ^    ~
In file included from chemistrySolver/canteraChemistrySolvers.C:27:
In file included from lnInclude/canteraChemistryModel.H:209:
In file included from lnInclude/canteraChemistryModelI.H:35:
In file included from /work/09629/m_hland10/ls6/cantera/include/cantera/kinetics/Kinetics.h:14:
In file included from /work/09629/m_hland10/ls6/cantera/include/cantera/kinetics/StoichManager.h:11:
In file included from /work/09629/m_hland10/ls6/cantera/include/cantera/numerics/eigen_sparse.h:12:
In file included from /scratch/tacc/apps/intel19/eigen/3.4.0/include/eigen3/Eigen/Sparse:26:
In file included from /scratch/tacc/apps/intel19/eigen/3.4.0/include/eigen3/Eigen/SparseCore:11:
In file included from /scratch/tacc/apps/intel19/eigen/3.4.0/include/eigen3/Eigen/Core:334:
/scratch/tacc/apps/intel19/eigen/3.4.0/include/eigen3/Eigen/src/Core/products/GeneralMatrixMatrix.h:426:29: warning: use of old-style cast [-Wold-style-cast]
  426 |     MaxDepthAtCompileTime = EIGEN_SIZE_MIN_PREFER_FIXED(Lhs::MaxColsAtCompileTime,Rhs::MaxRowsAtCompileTime)
      |                             ^                           ~~~~~~~~~~~~~~~~~~~~~~~~~
/scratch/tacc/apps/intel19/eigen/3.4.0/include/eigen3/Eigen/src/Core/util/Macros.h:1304:31: note: expanded from macro 'EIGEN_SIZE_MIN_PREFER_FIXED'
 1304 |                            : ((int)a == Dynamic && (int)b == Dynamic) ? Dynamic \
      |                               ^    ~
In file included from chemistrySolver/canteraChemistrySolvers.C:27:
In file included from lnInclude/canteraChemistryModel.H:209:
In file included from lnInclude/canteraChemistryModelI.H:35:
In file included from /work/09629/m_hland10/ls6/cantera/include/cantera/kinetics/Kinetics.h:14:
In file included from /work/09629/m_hland10/ls6/cantera/include/cantera/kinetics/StoichManager.h:11:
In file included from /work/09629/m_hland10/ls6/cantera/include/cantera/numerics/eigen_sparse.h:12:
In file included from /scratch/tacc/apps/intel19/eigen/3.4.0/include/eigen3/Eigen/Sparse:26:
In file included from /scratch/tacc/apps/intel19/eigen/3.4.0/include/eigen3/Eigen/SparseCore:11:
In file included from /scratch/tacc/apps/intel19/eigen/3.4.0/include/eigen3/Eigen/Core:334:
/scratch/tacc/apps/intel19/eigen/3.4.0/include/eigen3/Eigen/src/Core/products/GeneralMatrixMatrix.h:426:29: warning: use of old-style cast [-Wold-style-cast]
  426 |     MaxDepthAtCompileTime = EIGEN_SIZE_MIN_PREFER_FIXED(Lhs::MaxColsAtCompileTime,Rhs::MaxRowsAtCompileTime)
      |                             ^                                                     ~~~~~~~~~~~~~~~~~~~~~~~~~
/scratch/tacc/apps/intel19/eigen/3.4.0/include/eigen3/Eigen/src/Core/util/Macros.h:1304:52: note: expanded from macro 'EIGEN_SIZE_MIN_PREFER_FIXED'
 1304 |                            : ((int)a == Dynamic && (int)b == Dynamic) ? Dynamic \
      |                                                    ^    ~
In file included from chemistrySolver/canteraChemistrySolvers.C:27:
In file included from lnInclude/canteraChemistryModel.H:209:
In file included from lnInclude/canteraChemistryModelI.H:35:
In file included from /work/09629/m_hland10/ls6/cantera/include/cantera/kinetics/Kinetics.h:14:
In file included from /work/09629/m_hland10/ls6/cantera/include/cantera/kinetics/StoichManager.h:11:
In file included from /work/09629/m_hland10/ls6/cantera/include/cantera/numerics/eigen_sparse.h:12:
In file included from /scratch/tacc/apps/intel19/eigen/3.4.0/include/eigen3/Eigen/Sparse:26:
In file included from /scratch/tacc/apps/intel19/eigen/3.4.0/include/eigen3/Eigen/SparseCore:11:
In file included from /scratch/tacc/apps/intel19/eigen/3.4.0/include/eigen3/Eigen/Core:334:
/scratch/tacc/apps/intel19/eigen/3.4.0/include/eigen3/Eigen/src/Core/products/GeneralMatrixMatrix.h:426:29: warning: use of old-style cast [-Wold-style-cast]
  426 |     MaxDepthAtCompileTime = EIGEN_SIZE_MIN_PREFER_FIXED(Lhs::MaxColsAtCompileTime,Rhs::MaxRowsAtCompileTime)
      |                             ^                           ~~~~~~~~~~~~~~~~~~~~~~~~~
/scratch/tacc/apps/intel19/eigen/3.4.0/include/eigen3/Eigen/src/Core/util/Macros.h:1305:31: note: expanded from macro 'EIGEN_SIZE_MIN_PREFER_FIXED'
 1305 |                            : ((int)a == Dynamic) ? (int)b \
      |                               ^    ~
In file included from chemistrySolver/canteraChemistrySolvers.C:27:
In file included from lnInclude/canteraChemistryModel.H:209:
In file included from lnInclude/canteraChemistryModelI.H:35:
In file included from /work/09629/m_hland10/ls6/cantera/include/cantera/kinetics/Kinetics.h:14:
In file included from /work/09629/m_hland10/ls6/cantera/include/cantera/kinetics/StoichManager.h:11:
In file included from /work/09629/m_hland10/ls6/cantera/include/cantera/numerics/eigen_sparse.h:12:
In file included from /scratch/tacc/apps/intel19/eigen/3.4.0/include/eigen3/Eigen/Sparse:26:
In file included from /scratch/tacc/apps/intel19/eigen/3.4.0/include/eigen3/Eigen/SparseCore:11:
In file included from /scratch/tacc/apps/intel19/eigen/3.4.0/include/eigen3/Eigen/Core:334:
/scratch/tacc/apps/intel19/eigen/3.4.0/include/eigen3/Eigen/src/Core/products/GeneralMatrixMatrix.h:426:29: warning: use of old-style cast [-Wold-style-cast]
  426 |     MaxDepthAtCompileTime = EIGEN_SIZE_MIN_PREFER_FIXED(Lhs::MaxColsAtCompileTime,Rhs::MaxRowsAtCompileTime)
      |                             ^                                                     ~~~~~~~~~~~~~~~~~~~~~~~~~
/scratch/tacc/apps/intel19/eigen/3.4.0/include/eigen3/Eigen/src/Core/util/Macros.h:1305:52: note: expanded from macro 'EIGEN_SIZE_MIN_PREFER_FIXED'
 1305 |                            : ((int)a == Dynamic) ? (int)b \
      |                                                    ^    ~
In file included from chemistrySolver/canteraChemistrySolvers.C:27:
In file included from lnInclude/canteraChemistryModel.H:209:
In file included from lnInclude/canteraChemistryModelI.H:35:
In file included from /work/09629/m_hland10/ls6/cantera/include/cantera/kinetics/Kinetics.h:14:
In file included from /work/09629/m_hland10/ls6/cantera/include/cantera/kinetics/StoichManager.h:11:
In file included from /work/09629/m_hland10/ls6/cantera/include/cantera/numerics/eigen_sparse.h:12:
In file included from /scratch/tacc/apps/intel19/eigen/3.4.0/include/eigen3/Eigen/Sparse:26:
In file included from /scratch/tacc/apps/intel19/eigen/3.4.0/include/eigen3/Eigen/SparseCore:11:
In file included from /scratch/tacc/apps/intel19/eigen/3.4.0/include/eigen3/Eigen/Core:334:
/scratch/tacc/apps/intel19/eigen/3.4.0/include/eigen3/Eigen/src/Core/products/GeneralMatrixMatrix.h:426:29: warning: use of old-style cast [-Wold-style-cast]
  426 |     MaxDepthAtCompileTime = EIGEN_SIZE_MIN_PREFER_FIXED(Lhs::MaxColsAtCompileTime,Rhs::MaxRowsAtCompileTime)
      |                             ^                                                     ~~~~~~~~~~~~~~~~~~~~~~~~~
/scratch/tacc/apps/intel19/eigen/3.4.0/include/eigen3/Eigen/src/Core/util/Macros.h:1306:31: note: expanded from macro 'EIGEN_SIZE_MIN_PREFER_FIXED'
 1306 |                            : ((int)b == Dynamic) ? (int)a \
      |                               ^    ~
In file included from chemistrySolver/canteraChemistrySolvers.C:27:
In file included from lnInclude/canteraChemistryModel.H:209:
In file included from lnInclude/canteraChemistryModelI.H:35:
In file included from /work/09629/m_hland10/ls6/cantera/include/cantera/kinetics/Kinetics.h:14:
In file included from /work/09629/m_hland10/ls6/cantera/include/cantera/kinetics/StoichManager.h:11:
In file included from /work/09629/m_hland10/ls6/cantera/include/cantera/numerics/eigen_sparse.h:12:
In file included from /scratch/tacc/apps/intel19/eigen/3.4.0/include/eigen3/Eigen/Sparse:26:
In file included from /scratch/tacc/apps/intel19/eigen/3.4.0/include/eigen3/Eigen/SparseCore:11:
In file included from /scratch/tacc/apps/intel19/eigen/3.4.0/include/eigen3/Eigen/Core:334:
/scratch/tacc/apps/intel19/eigen/3.4.0/include/eigen3/Eigen/src/Core/products/GeneralMatrixMatrix.h:426:29: warning: use of old-style cast [-Wold-style-cast]
  426 |     MaxDepthAtCompileTime = EIGEN_SIZE_MIN_PREFER_FIXED(Lhs::MaxColsAtCompileTime,Rhs::MaxRowsAtCompileTime)
      |                             ^                           ~~~~~~~~~~~~~~~~~~~~~~~~~
/scratch/tacc/apps/intel19/eigen/3.4.0/include/eigen3/Eigen/src/Core/util/Macros.h:1306:52: note: expanded from macro 'EIGEN_SIZE_MIN_PREFER_FIXED'
 1306 |                            : ((int)b == Dynamic) ? (int)a \
      |                                                    ^    ~
In file included from chemistrySolver/canteraChemistrySolvers.C:27:
In file included from lnInclude/canteraChemistryModel.H:209:
In file included from lnInclude/canteraChemistryModelI.H:35:
In file included from /work/09629/m_hland10/ls6/cantera/include/cantera/kinetics/Kinetics.h:14:
In file included from /work/09629/m_hland10/ls6/cantera/include/cantera/kinetics/StoichManager.h:11:
In file included from /work/09629/m_hland10/ls6/cantera/include/cantera/numerics/eigen_sparse.h:12:
In file included from /scratch/tacc/apps/intel19/eigen/3.4.0/include/eigen3/Eigen/Sparse:26:
In file included from /scratch/tacc/apps/intel19/eigen/3.4.0/include/eigen3/Eigen/SparseCore:11:
In file included from /scratch/tacc/apps/intel19/eigen/3.4.0/include/eigen3/Eigen/Core:334:
/scratch/tacc/apps/intel19/eigen/3.4.0/include/eigen3/Eigen/src/Core/products/GeneralMatrixMatrix.h:426:29: warning: use of old-style cast [-Wold-style-cast]
  426 |     MaxDepthAtCompileTime = EIGEN_SIZE_MIN_PREFER_FIXED(Lhs::MaxColsAtCompileTime,Rhs::MaxRowsAtCompileTime)
      |                             ^                           ~~~~~~~~~~~~~~~~~~~~~~~~~
/scratch/tacc/apps/intel19/eigen/3.4.0/include/eigen3/Eigen/src/Core/util/Macros.h:1307:31: note: expanded from macro 'EIGEN_SIZE_MIN_PREFER_FIXED'
 1307 |                            : ((int)a <= (int)b) ? (int)a : (int)b)
      |                               ^    ~
In file included from chemistrySolver/canteraChemistrySolvers.C:27:
In file included from lnInclude/canteraChemistryModel.H:209:
In file included from lnInclude/canteraChemistryModelI.H:35:
In file included from /work/09629/m_hland10/ls6/cantera/include/cantera/kinetics/Kinetics.h:14:
In file included from /work/09629/m_hland10/ls6/cantera/include/cantera/kinetics/StoichManager.h:11:
In file included from /work/09629/m_hland10/ls6/cantera/include/cantera/numerics/eigen_sparse.h:12:
In file included from /scratch/tacc/apps/intel19/eigen/3.4.0/include/eigen3/Eigen/Sparse:26:
In file included from /scratch/tacc/apps/intel19/eigen/3.4.0/include/eigen3/Eigen/SparseCore:11:
In file included from /scratch/tacc/apps/intel19/eigen/3.4.0/include/eigen3/Eigen/Core:334:
/scratch/tacc/apps/intel19/eigen/3.4.0/include/eigen3/Eigen/src/Core/products/GeneralMatrixMatrix.h:426:29: warning: use of old-style cast [-Wold-style-cast]
  426 |     MaxDepthAtCompileTime = EIGEN_SIZE_MIN_PREFER_FIXED(Lhs::MaxColsAtCompileTime,Rhs::MaxRowsAtCompileTime)
      |                             ^                                                     ~~~~~~~~~~~~~~~~~~~~~~~~~
/scratch/tacc/apps/intel19/eigen/3.4.0/include/eigen3/Eigen/src/Core/util/Macros.h:1307:41: note: expanded from macro 'EIGEN_SIZE_MIN_PREFER_FIXED'
 1307 |                            : ((int)a <= (int)b) ? (int)a : (int)b)
      |                                         ^    ~
In file included from chemistrySolver/canteraChemistrySolvers.C:27:
In file included from lnInclude/canteraChemistryModel.H:209:
In file included from lnInclude/canteraChemistryModelI.H:35:
In file included from /work/09629/m_hland10/ls6/cantera/include/cantera/kinetics/Kinetics.h:14:
In file included from /work/09629/m_hland10/ls6/cantera/include/cantera/kinetics/StoichManager.h:11:
In file included from /work/09629/m_hland10/ls6/cantera/include/cantera/numerics/eigen_sparse.h:12:
In file included from /scratch/tacc/apps/intel19/eigen/3.4.0/include/eigen3/Eigen/Sparse:26:
In file included from /scratch/tacc/apps/intel19/eigen/3.4.0/include/eigen3/Eigen/SparseCore:11:
In file included from /scratch/tacc/apps/intel19/eigen/3.4.0/include/eigen3/Eigen/Core:334:
/scratch/tacc/apps/intel19/eigen/3.4.0/include/eigen3/Eigen/src/Core/products/GeneralMatrixMatrix.h:426:29: warning: use of old-style cast [-Wold-style-cast]
  426 |     MaxDepthAtCompileTime = EIGEN_SIZE_MIN_PREFER_FIXED(Lhs::MaxColsAtCompileTime,Rhs::MaxRowsAtCompileTime)
      |                             ^                           ~~~~~~~~~~~~~~~~~~~~~~~~~
/scratch/tacc/apps/intel19/eigen/3.4.0/include/eigen3/Eigen/src/Core/util/Macros.h:1307:51: note: expanded from macro 'EIGEN_SIZE_MIN_PREFER_FIXED'
 1307 |                            : ((int)a <= (int)b) ? (int)a : (int)b)
      |                                                   ^    ~
In file included from chemistrySolver/canteraChemistrySolvers.C:27:
In file included from lnInclude/canteraChemistryModel.H:209:
In file included from lnInclude/canteraChemistryModelI.H:35:
In file included from /work/09629/m_hland10/ls6/cantera/include/cantera/kinetics/Kinetics.h:14:
In file included from /work/09629/m_hland10/ls6/cantera/include/cantera/kinetics/StoichManager.h:11:
In file included from /work/09629/m_hland10/ls6/cantera/include/cantera/numerics/eigen_sparse.h:12:
In file included from /scratch/tacc/apps/intel19/eigen/3.4.0/include/eigen3/Eigen/Sparse:26:
In file included from /scratch/tacc/apps/intel19/eigen/3.4.0/include/eigen3/Eigen/SparseCore:11:
In file included from /scratch/tacc/apps/intel19/eigen/3.4.0/include/eigen3/Eigen/Core:334:
/scratch/tacc/apps/intel19/eigen/3.4.0/include/eigen3/Eigen/src/Core/products/GeneralMatrixMatrix.h:426:29: warning: use of old-style cast [-Wold-style-cast]
  426 |     MaxDepthAtCompileTime = EIGEN_SIZE_MIN_PREFER_FIXED(Lhs::MaxColsAtCompileTime,Rhs::MaxRowsAtCompileTime)
      |                             ^                                                     ~~~~~~~~~~~~~~~~~~~~~~~~~
/scratch/tacc/apps/intel19/eigen/3.4.0/include/eigen3/Eigen/src/Core/util/Macros.h:1307:60: note: expanded from macro 'EIGEN_SIZE_MIN_PREFER_FIXED'
 1307 |                            : ((int)a <= (int)b) ? (int)a : (int)b)
      |                                                            ^    ~
In file included from chemistrySolver/canteraChemistrySolvers.C:27:
In file included from lnInclude/canteraChemistryModel.H:209:
In file included from lnInclude/canteraChemistryModelI.H:35:
In file included from /work/09629/m_hland10/ls6/cantera/include/cantera/kinetics/Kinetics.h:14:
In file included from /work/09629/m_hland10/ls6/cantera/include/cantera/kinetics/StoichManager.h:11:
In file included from /work/09629/m_hland10/ls6/cantera/include/cantera/numerics/eigen_sparse.h:12:
In file included from /scratch/tacc/apps/intel19/eigen/3.4.0/include/eigen3/Eigen/Sparse:26:
In file included from /scratch/tacc/apps/intel19/eigen/3.4.0/include/eigen3/Eigen/SparseCore:11:
In file included from /scratch/tacc/apps/intel19/eigen/3.4.0/include/eigen3/Eigen/Core:336:
/scratch/tacc/apps/intel19/eigen/3.4.0/include/eigen3/Eigen/src/Core/products/GeneralMatrixMatrixTriangular.h:145:45: warning: use of old-style cast [-Wold-style-cast]
  145 |     BlockSize  = meta_least_common_multiple<EIGEN_PLAIN_ENUM_MAX(mr,nr),EIGEN_PLAIN_ENUM_MIN(mr,nr)>::ret
      |                                             ^                    ~~
/scratch/tacc/apps/intel19/eigen/3.4.0/include/eigen3/Eigen/src/Core/util/Macros.h:1289:37: note: expanded from macro 'EIGEN_PLAIN_ENUM_MAX'
 1289 | #define EIGEN_PLAIN_ENUM_MAX(a,b) (((int)a >= (int)b) ? (int)a : (int)b)
      |                                     ^    ~
In file included from chemistrySolver/canteraChemistrySolvers.C:27:
In file included from lnInclude/canteraChemistryModel.H:209:
In file included from lnInclude/canteraChemistryModelI.H:35:
In file included from /work/09629/m_hland10/ls6/cantera/include/cantera/kinetics/Kinetics.h:14:
In file included from /work/09629/m_hland10/ls6/cantera/include/cantera/kinetics/StoichManager.h:11:
In file included from /work/09629/m_hland10/ls6/cantera/include/cantera/numerics/eigen_sparse.h:12:
In file included from /scratch/tacc/apps/intel19/eigen/3.4.0/include/eigen3/Eigen/Sparse:26:
In file included from /scratch/tacc/apps/intel19/eigen/3.4.0/include/eigen3/Eigen/SparseCore:11:
In file included from /scratch/tacc/apps/intel19/eigen/3.4.0/include/eigen3/Eigen/Core:336:
/scratch/tacc/apps/intel19/eigen/3.4.0/include/eigen3/Eigen/src/Core/products/GeneralMatrixMatrixTriangular.h:145:45: warning: use of old-style cast [-Wold-style-cast]
  145 |     BlockSize  = meta_least_common_multiple<EIGEN_PLAIN_ENUM_MAX(mr,nr),EIGEN_PLAIN_ENUM_MIN(mr,nr)>::ret
      |                                             ^                       ~~
/scratch/tacc/apps/intel19/eigen/3.4.0/include/eigen3/Eigen/src/Core/util/Macros.h:1289:47: note: expanded from macro 'EIGEN_PLAIN_ENUM_MAX'
 1289 | #define EIGEN_PLAIN_ENUM_MAX(a,b) (((int)a >= (int)b) ? (int)a : (int)b)
      |                                               ^    ~
In file included from chemistrySolver/canteraChemistrySolvers.C:27:
In file included from lnInclude/canteraChemistryModel.H:209:
In file included from lnInclude/canteraChemistryModelI.H:35:
In file included from /work/09629/m_hland10/ls6/cantera/include/cantera/kinetics/Kinetics.h:14:
In file included from /work/09629/m_hland10/ls6/cantera/include/cantera/kinetics/StoichManager.h:11:
In file included from /work/09629/m_hland10/ls6/cantera/include/cantera/numerics/eigen_sparse.h:12:
In file included from /scratch/tacc/apps/intel19/eigen/3.4.0/include/eigen3/Eigen/Sparse:26:
In file included from /scratch/tacc/apps/intel19/eigen/3.4.0/include/eigen3/Eigen/SparseCore:11:
In file included from /scratch/tacc/apps/intel19/eigen/3.4.0/include/eigen3/Eigen/Core:336:
/scratch/tacc/apps/intel19/eigen/3.4.0/include/eigen3/Eigen/src/Core/products/GeneralMatrixMatrixTriangular.h:145:45: warning: use of old-style cast [-Wold-style-cast]
  145 |     BlockSize  = meta_least_common_multiple<EIGEN_PLAIN_ENUM_MAX(mr,nr),EIGEN_PLAIN_ENUM_MIN(mr,nr)>::ret
      |                                             ^                    ~~
/scratch/tacc/apps/intel19/eigen/3.4.0/include/eigen3/Eigen/src/Core/util/Macros.h:1289:57: note: expanded from macro 'EIGEN_PLAIN_ENUM_MAX'
 1289 | #define EIGEN_PLAIN_ENUM_MAX(a,b) (((int)a >= (int)b) ? (int)a : (int)b)
      |                                                         ^    ~
In file included from chemistrySolver/canteraChemistrySolvers.C:27:
In file included from lnInclude/canteraChemistryModel.H:209:
In file included from lnInclude/canteraChemistryModelI.H:35:
In file included from /work/09629/m_hland10/ls6/cantera/include/cantera/kinetics/Kinetics.h:14:
In file included from /work/09629/m_hland10/ls6/cantera/include/cantera/kinetics/StoichManager.h:11:
In file included from /work/09629/m_hland10/ls6/cantera/include/cantera/numerics/eigen_sparse.h:12:
In file included from /scratch/tacc/apps/intel19/eigen/3.4.0/include/eigen3/Eigen/Sparse:26:
In file included from /scratch/tacc/apps/intel19/eigen/3.4.0/include/eigen3/Eigen/SparseCore:11:
In file included from /scratch/tacc/apps/intel19/eigen/3.4.0/include/eigen3/Eigen/Core:336:
/scratch/tacc/apps/intel19/eigen/3.4.0/include/eigen3/Eigen/src/Core/products/GeneralMatrixMatrixTriangular.h:145:45: warning: use of old-style cast [-Wold-style-cast]
  145 |     BlockSize  = meta_least_common_multiple<EIGEN_PLAIN_ENUM_MAX(mr,nr),EIGEN_PLAIN_ENUM_MIN(mr,nr)>::ret
      |                                             ^                       ~~
/scratch/tacc/apps/intel19/eigen/3.4.0/include/eigen3/Eigen/src/Core/util/Macros.h:1289:66: note: expanded from macro 'EIGEN_PLAIN_ENUM_MAX'
 1289 | #define EIGEN_PLAIN_ENUM_MAX(a,b) (((int)a >= (int)b) ? (int)a : (int)b)
      |                                                                  ^    ~
In file included from chemistrySolver/canteraChemistrySolvers.C:27:
In file included from lnInclude/canteraChemistryModel.H:209:
In file included from lnInclude/canteraChemistryModelI.H:35:
In file included from /work/09629/m_hland10/ls6/cantera/include/cantera/kinetics/Kinetics.h:14:
In file included from /work/09629/m_hland10/ls6/cantera/include/cantera/kinetics/StoichManager.h:11:
In file included from /work/09629/m_hland10/ls6/cantera/include/cantera/numerics/eigen_sparse.h:12:
In file included from /scratch/tacc/apps/intel19/eigen/3.4.0/include/eigen3/Eigen/Sparse:26:
In file included from /scratch/tacc/apps/intel19/eigen/3.4.0/include/eigen3/Eigen/SparseCore:11:
In file included from /scratch/tacc/apps/intel19/eigen/3.4.0/include/eigen3/Eigen/Core:336:
/scratch/tacc/apps/intel19/eigen/3.4.0/include/eigen3/Eigen/src/Core/products/GeneralMatrixMatrixTriangular.h:145:73: warning: use of old-style cast [-Wold-style-cast]
  145 |     BlockSize  = meta_least_common_multiple<EIGEN_PLAIN_ENUM_MAX(mr,nr),EIGEN_PLAIN_ENUM_MIN(mr,nr)>::ret
      |                                                                         ^                    ~~
/scratch/tacc/apps/intel19/eigen/3.4.0/include/eigen3/Eigen/src/Core/util/Macros.h:1288:37: note: expanded from macro 'EIGEN_PLAIN_ENUM_MIN'
 1288 | #define EIGEN_PLAIN_ENUM_MIN(a,b) (((int)a <= (int)b) ? (int)a : (int)b)
      |                                     ^    ~
In file included from chemistrySolver/canteraChemistrySolvers.C:27:
In file included from lnInclude/canteraChemistryModel.H:209:
In file included from lnInclude/canteraChemistryModelI.H:35:
In file included from /work/09629/m_hland10/ls6/cantera/include/cantera/kinetics/Kinetics.h:14:
In file included from /work/09629/m_hland10/ls6/cantera/include/cantera/kinetics/StoichManager.h:11:
In file included from /work/09629/m_hland10/ls6/cantera/include/cantera/numerics/eigen_sparse.h:12:
In file included from /scratch/tacc/apps/intel19/eigen/3.4.0/include/eigen3/Eigen/Sparse:26:
In file included from /scratch/tacc/apps/intel19/eigen/3.4.0/include/eigen3/Eigen/SparseCore:11:
In file included from /scratch/tacc/apps/intel19/eigen/3.4.0/include/eigen3/Eigen/Core:336:
/scratch/tacc/apps/intel19/eigen/3.4.0/include/eigen3/Eigen/src/Core/products/GeneralMatrixMatrixTriangular.h:145:73: warning: use of old-style cast [-Wold-style-cast]
  145 |     BlockSize  = meta_least_common_multiple<EIGEN_PLAIN_ENUM_MAX(mr,nr),EIGEN_PLAIN_ENUM_MIN(mr,nr)>::ret
      |                                                                         ^                       ~~
/scratch/tacc/apps/intel19/eigen/3.4.0/include/eigen3/Eigen/src/Core/util/Macros.h:1288:47: note: expanded from macro 'EIGEN_PLAIN_ENUM_MIN'
 1288 | #define EIGEN_PLAIN_ENUM_MIN(a,b) (((int)a <= (int)b) ? (int)a : (int)b)
      |                                               ^    ~
In file included from chemistrySolver/canteraChemistrySolvers.C:27:
In file included from lnInclude/canteraChemistryModel.H:209:
In file included from lnInclude/canteraChemistryModelI.H:35:
In file included from /work/09629/m_hland10/ls6/cantera/include/cantera/kinetics/Kinetics.h:14:
In file included from /work/09629/m_hland10/ls6/cantera/include/cantera/kinetics/StoichManager.h:11:
In file included from /work/09629/m_hland10/ls6/cantera/include/cantera/numerics/eigen_sparse.h:12:
In file included from /scratch/tacc/apps/intel19/eigen/3.4.0/include/eigen3/Eigen/Sparse:26:
In file included from /scratch/tacc/apps/intel19/eigen/3.4.0/include/eigen3/Eigen/SparseCore:11:
In file included from /scratch/tacc/apps/intel19/eigen/3.4.0/include/eigen3/Eigen/Core:336:
/scratch/tacc/apps/intel19/eigen/3.4.0/include/eigen3/Eigen/src/Core/products/GeneralMatrixMatrixTriangular.h:145:73: warning: use of old-style cast [-Wold-style-cast]
  145 |     BlockSize  = meta_least_common_multiple<EIGEN_PLAIN_ENUM_MAX(mr,nr),EIGEN_PLAIN_ENUM_MIN(mr,nr)>::ret
      |                                                                         ^                    ~~
/scratch/tacc/apps/intel19/eigen/3.4.0/include/eigen3/Eigen/src/Core/util/Macros.h:1288:57: note: expanded from macro 'EIGEN_PLAIN_ENUM_MIN'
 1288 | #define EIGEN_PLAIN_ENUM_MIN(a,b) (((int)a <= (int)b) ? (int)a : (int)b)
      |                                                         ^    ~
In file included from chemistrySolver/canteraChemistrySolvers.C:27:
In file included from lnInclude/canteraChemistryModel.H:209:
In file included from lnInclude/canteraChemistryModelI.H:35:
In file included from /work/09629/m_hland10/ls6/cantera/include/cantera/kinetics/Kinetics.h:14:
In file included from /work/09629/m_hland10/ls6/cantera/include/cantera/kinetics/StoichManager.h:11:
In file included from /work/09629/m_hland10/ls6/cantera/include/cantera/numerics/eigen_sparse.h:12:
In file included from /scratch/tacc/apps/intel19/eigen/3.4.0/include/eigen3/Eigen/Sparse:26:
In file included from /scratch/tacc/apps/intel19/eigen/3.4.0/include/eigen3/Eigen/SparseCore:11:
In file included from /scratch/tacc/apps/intel19/eigen/3.4.0/include/eigen3/Eigen/Core:336:
/scratch/tacc/apps/intel19/eigen/3.4.0/include/eigen3/Eigen/src/Core/products/GeneralMatrixMatrixTriangular.h:145:73: warning: use of old-style cast [-Wold-style-cast]
  145 |     BlockSize  = meta_least_common_multiple<EIGEN_PLAIN_ENUM_MAX(mr,nr),EIGEN_PLAIN_ENUM_MIN(mr,nr)>::ret
      |                                                                         ^                       ~~
/scratch/tacc/apps/intel19/eigen/3.4.0/include/eigen3/Eigen/src/Core/util/Macros.h:1288:66: note: expanded from macro 'EIGEN_PLAIN_ENUM_MIN'
 1288 | #define EIGEN_PLAIN_ENUM_MIN(a,b) (((int)a <= (int)b) ? (int)a : (int)b)
      |                                                                  ^    ~
In file included from chemistrySolver/canteraChemistrySolvers.C:27:
In file included from lnInclude/canteraChemistryModel.H:209:
In file included from lnInclude/canteraChemistryModelI.H:35:
In file included from /work/09629/m_hland10/ls6/cantera/include/cantera/kinetics/Kinetics.h:14:
In file included from /work/09629/m_hland10/ls6/cantera/include/cantera/kinetics/StoichManager.h:11:
In file included from /work/09629/m_hland10/ls6/cantera/include/cantera/numerics/eigen_sparse.h:12:
In file included from /scratch/tacc/apps/intel19/eigen/3.4.0/include/eigen3/Eigen/Sparse:26:
In file included from /scratch/tacc/apps/intel19/eigen/3.4.0/include/eigen3/Eigen/SparseCore:11:
In file included from /scratch/tacc/apps/intel19/eigen/3.4.0/include/eigen3/Eigen/Core:337:
/scratch/tacc/apps/intel19/eigen/3.4.0/include/eigen3/Eigen/src/Core/products/SelfadjointMatrixVector.h:184:46: warning: use of old-style cast [-Wold-style-cast]
  184 |     typedef Map<Matrix<ResScalar,Dynamic,1>, EIGEN_PLAIN_ENUM_MIN(AlignedMax,internal::packet_traits<ResScalar>::size)> MappedDest;
      |                                              ^                    ~~~~~~~~~~
/scratch/tacc/apps/intel19/eigen/3.4.0/include/eigen3/Eigen/src/Core/util/Macros.h:1288:37: note: expanded from macro 'EIGEN_PLAIN_ENUM_MIN'
 1288 | #define EIGEN_PLAIN_ENUM_MIN(a,b) (((int)a <= (int)b) ? (int)a : (int)b)
      |                                     ^    ~
In file included from chemistrySolver/canteraChemistrySolvers.C:27:
In file included from lnInclude/canteraChemistryModel.H:209:
In file included from lnInclude/canteraChemistryModelI.H:35:
In file included from /work/09629/m_hland10/ls6/cantera/include/cantera/kinetics/Kinetics.h:14:
In file included from /work/09629/m_hland10/ls6/cantera/include/cantera/kinetics/StoichManager.h:11:
In file included from /work/09629/m_hland10/ls6/cantera/include/cantera/numerics/eigen_sparse.h:12:
In file included from /scratch/tacc/apps/intel19/eigen/3.4.0/include/eigen3/Eigen/Sparse:26:
In file included from /scratch/tacc/apps/intel19/eigen/3.4.0/include/eigen3/Eigen/SparseCore:11:
In file included from /scratch/tacc/apps/intel19/eigen/3.4.0/include/eigen3/Eigen/Core:337:
/scratch/tacc/apps/intel19/eigen/3.4.0/include/eigen3/Eigen/src/Core/products/SelfadjointMatrixVector.h:184:46: warning: use of old-style cast [-Wold-style-cast]
  184 |     typedef Map<Matrix<ResScalar,Dynamic,1>, EIGEN_PLAIN_ENUM_MIN(AlignedMax,internal::packet_traits<ResScalar>::size)> MappedDest;
      |                                              ^                               ~~~~~~~~~~~~~~~~~~~~~~~~~~~~~~~~~~~~~~~~
/scratch/tacc/apps/intel19/eigen/3.4.0/include/eigen3/Eigen/src/Core/util/Macros.h:1288:47: note: expanded from macro 'EIGEN_PLAIN_ENUM_MIN'
 1288 | #define EIGEN_PLAIN_ENUM_MIN(a,b) (((int)a <= (int)b) ? (int)a : (int)b)
      |                                               ^    ~
In file included from chemistrySolver/canteraChemistrySolvers.C:27:
In file included from lnInclude/canteraChemistryModel.H:209:
In file included from lnInclude/canteraChemistryModelI.H:35:
In file included from /work/09629/m_hland10/ls6/cantera/include/cantera/kinetics/Kinetics.h:14:
In file included from /work/09629/m_hland10/ls6/cantera/include/cantera/kinetics/StoichManager.h:11:
In file included from /work/09629/m_hland10/ls6/cantera/include/cantera/numerics/eigen_sparse.h:12:
In file included from /scratch/tacc/apps/intel19/eigen/3.4.0/include/eigen3/Eigen/Sparse:26:
In file included from /scratch/tacc/apps/intel19/eigen/3.4.0/include/eigen3/Eigen/SparseCore:11:
In file included from /scratch/tacc/apps/intel19/eigen/3.4.0/include/eigen3/Eigen/Core:337:
/scratch/tacc/apps/intel19/eigen/3.4.0/include/eigen3/Eigen/src/Core/products/SelfadjointMatrixVector.h:184:46: warning: use of old-style cast [-Wold-style-cast]
  184 |     typedef Map<Matrix<ResScalar,Dynamic,1>, EIGEN_PLAIN_ENUM_MIN(AlignedMax,internal::packet_traits<ResScalar>::size)> MappedDest;
      |                                              ^                    ~~~~~~~~~~
/scratch/tacc/apps/intel19/eigen/3.4.0/include/eigen3/Eigen/src/Core/util/Macros.h:1288:57: note: expanded from macro 'EIGEN_PLAIN_ENUM_MIN'
 1288 | #define EIGEN_PLAIN_ENUM_MIN(a,b) (((int)a <= (int)b) ? (int)a : (int)b)
      |                                                         ^    ~
In file included from chemistrySolver/canteraChemistrySolvers.C:27:
In file included from lnInclude/canteraChemistryModel.H:209:
In file included from lnInclude/canteraChemistryModelI.H:35:
In file included from /work/09629/m_hland10/ls6/cantera/include/cantera/kinetics/Kinetics.h:14:
In file included from /work/09629/m_hland10/ls6/cantera/include/cantera/kinetics/StoichManager.h:11:
In file included from /work/09629/m_hland10/ls6/cantera/include/cantera/numerics/eigen_sparse.h:12:
In file included from /scratch/tacc/apps/intel19/eigen/3.4.0/include/eigen3/Eigen/Sparse:26:
In file included from /scratch/tacc/apps/intel19/eigen/3.4.0/include/eigen3/Eigen/SparseCore:11:
In file included from /scratch/tacc/apps/intel19/eigen/3.4.0/include/eigen3/Eigen/Core:337:
/scratch/tacc/apps/intel19/eigen/3.4.0/include/eigen3/Eigen/src/Core/products/SelfadjointMatrixVector.h:184:46: warning: use of old-style cast [-Wold-style-cast]
  184 |     typedef Map<Matrix<ResScalar,Dynamic,1>, EIGEN_PLAIN_ENUM_MIN(AlignedMax,internal::packet_traits<ResScalar>::size)> MappedDest;
      |                                              ^                               ~~~~~~~~~~~~~~~~~~~~~~~~~~~~~~~~~~~~~~~~
/scratch/tacc/apps/intel19/eigen/3.4.0/include/eigen3/Eigen/src/Core/util/Macros.h:1288:66: note: expanded from macro 'EIGEN_PLAIN_ENUM_MIN'
 1288 | #define EIGEN_PLAIN_ENUM_MIN(a,b) (((int)a <= (int)b) ? (int)a : (int)b)
      |                                                                  ^    ~
In file included from chemistrySolver/canteraChemistrySolvers.C:27:
In file included from lnInclude/canteraChemistryModel.H:209:
In file included from lnInclude/canteraChemistryModelI.H:35:
In file included from /work/09629/m_hland10/ls6/cantera/include/cantera/kinetics/Kinetics.h:14:
In file included from /work/09629/m_hland10/ls6/cantera/include/cantera/kinetics/StoichManager.h:11:
In file included from /work/09629/m_hland10/ls6/cantera/include/cantera/numerics/eigen_sparse.h:12:
In file included from /scratch/tacc/apps/intel19/eigen/3.4.0/include/eigen3/Eigen/Sparse:26:
In file included from /scratch/tacc/apps/intel19/eigen/3.4.0/include/eigen3/Eigen/SparseCore:11:
In file included from /scratch/tacc/apps/intel19/eigen/3.4.0/include/eigen3/Eigen/Core:338:
/scratch/tacc/apps/intel19/eigen/3.4.0/include/eigen3/Eigen/src/Core/products/SelfadjointMatrixMatrix.h:53:22: warning: use of old-style cast [-Wold-style-cast]
   53 |            HasHalf = (int)HalfPacketSize < (int)PacketSize,
      |                      ^    ~~~~~~~~~~~~~~
/scratch/tacc/apps/intel19/eigen/3.4.0/include/eigen3/Eigen/src/Core/products/SelfadjointMatrixMatrix.h:53:44: warning: use of old-style cast [-Wold-style-cast]
   53 |            HasHalf = (int)HalfPacketSize < (int)PacketSize,
      |                                            ^    ~~~~~~~~~~
/scratch/tacc/apps/intel19/eigen/3.4.0/include/eigen3/Eigen/src/Core/products/SelfadjointMatrixMatrix.h:54:25: warning: use of old-style cast [-Wold-style-cast]
   54 |            HasQuarter = (int)QuarterPacketSize < (int)HalfPacketSize};
      |                         ^    ~~~~~~~~~~~~~~~~~
/scratch/tacc/apps/intel19/eigen/3.4.0/include/eigen3/Eigen/src/Core/products/SelfadjointMatrixMatrix.h:54:50: warning: use of old-style cast [-Wold-style-cast]
   54 |            HasQuarter = (int)QuarterPacketSize < (int)HalfPacketSize};
      |                                                  ^    ~~~~~~~~~~~~~~
In file included from chemistrySolver/canteraChemistrySolvers.C:27:
In file included from lnInclude/canteraChemistryModel.H:209:
In file included from lnInclude/canteraChemistryModelI.H:35:
In file included from /work/09629/m_hland10/ls6/cantera/include/cantera/kinetics/Kinetics.h:14:
In file included from /work/09629/m_hland10/ls6/cantera/include/cantera/kinetics/StoichManager.h:11:
In file included from /work/09629/m_hland10/ls6/cantera/include/cantera/numerics/eigen_sparse.h:12:
In file included from /scratch/tacc/apps/intel19/eigen/3.4.0/include/eigen3/Eigen/Sparse:26:
In file included from /scratch/tacc/apps/intel19/eigen/3.4.0/include/eigen3/Eigen/SparseCore:11:
In file included from /scratch/tacc/apps/intel19/eigen/3.4.0/include/eigen3/Eigen/Core:341:
/scratch/tacc/apps/intel19/eigen/3.4.0/include/eigen3/Eigen/src/Core/products/TriangularMatrixVector.h:219:46: warning: use of old-style cast [-Wold-style-cast]
  219 |     typedef Map<Matrix<ResScalar,Dynamic,1>, EIGEN_PLAIN_ENUM_MIN(AlignedMax,internal::packet_traits<ResScalar>::size)> MappedDest;
      |                                              ^                    ~~~~~~~~~~
/scratch/tacc/apps/intel19/eigen/3.4.0/include/eigen3/Eigen/src/Core/util/Macros.h:1288:37: note: expanded from macro 'EIGEN_PLAIN_ENUM_MIN'
 1288 | #define EIGEN_PLAIN_ENUM_MIN(a,b) (((int)a <= (int)b) ? (int)a : (int)b)
      |                                     ^    ~
In file included from chemistrySolver/canteraChemistrySolvers.C:27:
In file included from lnInclude/canteraChemistryModel.H:209:
In file included from lnInclude/canteraChemistryModelI.H:35:
In file included from /work/09629/m_hland10/ls6/cantera/include/cantera/kinetics/Kinetics.h:14:
In file included from /work/09629/m_hland10/ls6/cantera/include/cantera/kinetics/StoichManager.h:11:
In file included from /work/09629/m_hland10/ls6/cantera/include/cantera/numerics/eigen_sparse.h:12:
In file included from /scratch/tacc/apps/intel19/eigen/3.4.0/include/eigen3/Eigen/Sparse:26:
In file included from /scratch/tacc/apps/intel19/eigen/3.4.0/include/eigen3/Eigen/SparseCore:11:
In file included from /scratch/tacc/apps/intel19/eigen/3.4.0/include/eigen3/Eigen/Core:341:
/scratch/tacc/apps/intel19/eigen/3.4.0/include/eigen3/Eigen/src/Core/products/TriangularMatrixVector.h:219:46: warning: use of old-style cast [-Wold-style-cast]
  219 |     typedef Map<Matrix<ResScalar,Dynamic,1>, EIGEN_PLAIN_ENUM_MIN(AlignedMax,internal::packet_traits<ResScalar>::size)> MappedDest;
      |                                              ^                               ~~~~~~~~~~~~~~~~~~~~~~~~~~~~~~~~~~~~~~~~
/scratch/tacc/apps/intel19/eigen/3.4.0/include/eigen3/Eigen/src/Core/util/Macros.h:1288:47: note: expanded from macro 'EIGEN_PLAIN_ENUM_MIN'
 1288 | #define EIGEN_PLAIN_ENUM_MIN(a,b) (((int)a <= (int)b) ? (int)a : (int)b)
      |                                               ^    ~
In file included from chemistrySolver/canteraChemistrySolvers.C:27:
In file included from lnInclude/canteraChemistryModel.H:209:
In file included from lnInclude/canteraChemistryModelI.H:35:
In file included from /work/09629/m_hland10/ls6/cantera/include/cantera/kinetics/Kinetics.h:14:
In file included from /work/09629/m_hland10/ls6/cantera/include/cantera/kinetics/StoichManager.h:11:
In file included from /work/09629/m_hland10/ls6/cantera/include/cantera/numerics/eigen_sparse.h:12:
In file included from /scratch/tacc/apps/intel19/eigen/3.4.0/include/eigen3/Eigen/Sparse:26:
In file included from /scratch/tacc/apps/intel19/eigen/3.4.0/include/eigen3/Eigen/SparseCore:11:
In file included from /scratch/tacc/apps/intel19/eigen/3.4.0/include/eigen3/Eigen/Core:341:
/scratch/tacc/apps/intel19/eigen/3.4.0/include/eigen3/Eigen/src/Core/products/TriangularMatrixVector.h:219:46: warning: use of old-style cast [-Wold-style-cast]
  219 |     typedef Map<Matrix<ResScalar,Dynamic,1>, EIGEN_PLAIN_ENUM_MIN(AlignedMax,internal::packet_traits<ResScalar>::size)> MappedDest;
      |                                              ^                    ~~~~~~~~~~
/scratch/tacc/apps/intel19/eigen/3.4.0/include/eigen3/Eigen/src/Core/util/Macros.h:1288:57: note: expanded from macro 'EIGEN_PLAIN_ENUM_MIN'
 1288 | #define EIGEN_PLAIN_ENUM_MIN(a,b) (((int)a <= (int)b) ? (int)a : (int)b)
      |                                                         ^    ~
In file included from chemistrySolver/canteraChemistrySolvers.C:27:
In file included from lnInclude/canteraChemistryModel.H:209:
In file included from lnInclude/canteraChemistryModelI.H:35:
In file included from /work/09629/m_hland10/ls6/cantera/include/cantera/kinetics/Kinetics.h:14:
In file included from /work/09629/m_hland10/ls6/cantera/include/cantera/kinetics/StoichManager.h:11:
In file included from /work/09629/m_hland10/ls6/cantera/include/cantera/numerics/eigen_sparse.h:12:
In file included from /scratch/tacc/apps/intel19/eigen/3.4.0/include/eigen3/Eigen/Sparse:26:
In file included from /scratch/tacc/apps/intel19/eigen/3.4.0/include/eigen3/Eigen/SparseCore:11:
In file included from /scratch/tacc/apps/intel19/eigen/3.4.0/include/eigen3/Eigen/Core:341:
/scratch/tacc/apps/intel19/eigen/3.4.0/include/eigen3/Eigen/src/Core/products/TriangularMatrixVector.h:219:46: warning: use of old-style cast [-Wold-style-cast]
  219 |     typedef Map<Matrix<ResScalar,Dynamic,1>, EIGEN_PLAIN_ENUM_MIN(AlignedMax,internal::packet_traits<ResScalar>::size)> MappedDest;
      |                                              ^                               ~~~~~~~~~~~~~~~~~~~~~~~~~~~~~~~~~~~~~~~~
/scratch/tacc/apps/intel19/eigen/3.4.0/include/eigen3/Eigen/src/Core/util/Macros.h:1288:66: note: expanded from macro 'EIGEN_PLAIN_ENUM_MIN'
 1288 | #define EIGEN_PLAIN_ENUM_MIN(a,b) (((int)a <= (int)b) ? (int)a : (int)b)
      |                                                                  ^    ~
In file included from chemistrySolver/canteraChemistrySolvers.C:27:
In file included from lnInclude/canteraChemistryModel.H:209:
In file included from lnInclude/canteraChemistryModelI.H:35:
In file included from /work/09629/m_hland10/ls6/cantera/include/cantera/kinetics/Kinetics.h:14:
In file included from /work/09629/m_hland10/ls6/cantera/include/cantera/kinetics/StoichManager.h:11:
In file included from /work/09629/m_hland10/ls6/cantera/include/cantera/numerics/eigen_sparse.h:12:
In file included from /scratch/tacc/apps/intel19/eigen/3.4.0/include/eigen3/Eigen/Sparse:26:
In file included from /scratch/tacc/apps/intel19/eigen/3.4.0/include/eigen3/Eigen/SparseCore:11:
In file included from /scratch/tacc/apps/intel19/eigen/3.4.0/include/eigen3/Eigen/Core:342:
/scratch/tacc/apps/intel19/eigen/3.4.0/include/eigen3/Eigen/src/Core/products/TriangularMatrixMatrix.h:92:29: warning: use of old-style cast [-Wold-style-cast]
   92 |     SmallPanelWidth   = 2 * EIGEN_PLAIN_ENUM_MAX(Traits::mr,Traits::nr),
      |                             ^                    ~~~~~~~~~~
/scratch/tacc/apps/intel19/eigen/3.4.0/include/eigen3/Eigen/src/Core/util/Macros.h:1289:37: note: expanded from macro 'EIGEN_PLAIN_ENUM_MAX'
 1289 | #define EIGEN_PLAIN_ENUM_MAX(a,b) (((int)a >= (int)b) ? (int)a : (int)b)
      |                                     ^    ~
In file included from chemistrySolver/canteraChemistrySolvers.C:27:
In file included from lnInclude/canteraChemistryModel.H:209:
In file included from lnInclude/canteraChemistryModelI.H:35:
In file included from /work/09629/m_hland10/ls6/cantera/include/cantera/kinetics/Kinetics.h:14:
In file included from /work/09629/m_hland10/ls6/cantera/include/cantera/kinetics/StoichManager.h:11:
In file included from /work/09629/m_hland10/ls6/cantera/include/cantera/numerics/eigen_sparse.h:12:
In file included from /scratch/tacc/apps/intel19/eigen/3.4.0/include/eigen3/Eigen/Sparse:26:
In file included from /scratch/tacc/apps/intel19/eigen/3.4.0/include/eigen3/Eigen/SparseCore:11:
In file included from /scratch/tacc/apps/intel19/eigen/3.4.0/include/eigen3/Eigen/Core:342:
/scratch/tacc/apps/intel19/eigen/3.4.0/include/eigen3/Eigen/src/Core/products/TriangularMatrixMatrix.h:92:29: warning: use of old-style cast [-Wold-style-cast]
   92 |     SmallPanelWidth   = 2 * EIGEN_PLAIN_ENUM_MAX(Traits::mr,Traits::nr),
      |                             ^                               ~~~~~~~~~~
/scratch/tacc/apps/intel19/eigen/3.4.0/include/eigen3/Eigen/src/Core/util/Macros.h:1289:47: note: expanded from macro 'EIGEN_PLAIN_ENUM_MAX'
 1289 | #define EIGEN_PLAIN_ENUM_MAX(a,b) (((int)a >= (int)b) ? (int)a : (int)b)
      |                                               ^    ~
In file included from chemistrySolver/canteraChemistrySolvers.C:27:
In file included from lnInclude/canteraChemistryModel.H:209:
In file included from lnInclude/canteraChemistryModelI.H:35:
In file included from /work/09629/m_hland10/ls6/cantera/include/cantera/kinetics/Kinetics.h:14:
In file included from /work/09629/m_hland10/ls6/cantera/include/cantera/kinetics/StoichManager.h:11:
In file included from /work/09629/m_hland10/ls6/cantera/include/cantera/numerics/eigen_sparse.h:12:
In file included from /scratch/tacc/apps/intel19/eigen/3.4.0/include/eigen3/Eigen/Sparse:26:
In file included from /scratch/tacc/apps/intel19/eigen/3.4.0/include/eigen3/Eigen/SparseCore:11:
In file included from /scratch/tacc/apps/intel19/eigen/3.4.0/include/eigen3/Eigen/Core:342:
/scratch/tacc/apps/intel19/eigen/3.4.0/include/eigen3/Eigen/src/Core/products/TriangularMatrixMatrix.h:92:29: warning: use of old-style cast [-Wold-style-cast]
   92 |     SmallPanelWidth   = 2 * EIGEN_PLAIN_ENUM_MAX(Traits::mr,Traits::nr),
      |                             ^                    ~~~~~~~~~~
/scratch/tacc/apps/intel19/eigen/3.4.0/include/eigen3/Eigen/src/Core/util/Macros.h:1289:57: note: expanded from macro 'EIGEN_PLAIN_ENUM_MAX'
 1289 | #define EIGEN_PLAIN_ENUM_MAX(a,b) (((int)a >= (int)b) ? (int)a : (int)b)
      |                                                         ^    ~
In file included from chemistrySolver/canteraChemistrySolvers.C:27:
In file included from lnInclude/canteraChemistryModel.H:209:
In file included from lnInclude/canteraChemistryModelI.H:35:
In file included from /work/09629/m_hland10/ls6/cantera/include/cantera/kinetics/Kinetics.h:14:
In file included from /work/09629/m_hland10/ls6/cantera/include/cantera/kinetics/StoichManager.h:11:
In file included from /work/09629/m_hland10/ls6/cantera/include/cantera/numerics/eigen_sparse.h:12:
In file included from /scratch/tacc/apps/intel19/eigen/3.4.0/include/eigen3/Eigen/Sparse:26:
In file included from /scratch/tacc/apps/intel19/eigen/3.4.0/include/eigen3/Eigen/SparseCore:11:
In file included from /scratch/tacc/apps/intel19/eigen/3.4.0/include/eigen3/Eigen/Core:342:
/scratch/tacc/apps/intel19/eigen/3.4.0/include/eigen3/Eigen/src/Core/products/TriangularMatrixMatrix.h:92:29: warning: use of old-style cast [-Wold-style-cast]
   92 |     SmallPanelWidth   = 2 * EIGEN_PLAIN_ENUM_MAX(Traits::mr,Traits::nr),
      |                             ^                               ~~~~~~~~~~
/scratch/tacc/apps/intel19/eigen/3.4.0/include/eigen3/Eigen/src/Core/util/Macros.h:1289:66: note: expanded from macro 'EIGEN_PLAIN_ENUM_MAX'
 1289 | #define EIGEN_PLAIN_ENUM_MAX(a,b) (((int)a >= (int)b) ? (int)a : (int)b)
      |                                                                  ^    ~
In file included from chemistrySolver/canteraChemistrySolvers.C:27:
In file included from lnInclude/canteraChemistryModel.H:209:
In file included from lnInclude/canteraChemistryModelI.H:35:
In file included from /work/09629/m_hland10/ls6/cantera/include/cantera/kinetics/Kinetics.h:14:
In file included from /work/09629/m_hland10/ls6/cantera/include/cantera/kinetics/StoichManager.h:11:
In file included from /work/09629/m_hland10/ls6/cantera/include/cantera/numerics/eigen_sparse.h:12:
In file included from /scratch/tacc/apps/intel19/eigen/3.4.0/include/eigen3/Eigen/Sparse:26:
In file included from /scratch/tacc/apps/intel19/eigen/3.4.0/include/eigen3/Eigen/SparseCore:11:
In file included from /scratch/tacc/apps/intel19/eigen/3.4.0/include/eigen3/Eigen/Core:342:
/scratch/tacc/apps/intel19/eigen/3.4.0/include/eigen3/Eigen/src/Core/products/TriangularMatrixMatrix.h:250:25: warning: use of old-style cast [-Wold-style-cast]
  250 |     SmallPanelWidth   = EIGEN_PLAIN_ENUM_MAX(Traits::mr,Traits::nr),
      |                         ^                    ~~~~~~~~~~
/scratch/tacc/apps/intel19/eigen/3.4.0/include/eigen3/Eigen/src/Core/util/Macros.h:1289:37: note: expanded from macro 'EIGEN_PLAIN_ENUM_MAX'
 1289 | #define EIGEN_PLAIN_ENUM_MAX(a,b) (((int)a >= (int)b) ? (int)a : (int)b)
      |                                     ^    ~
In file included from chemistrySolver/canteraChemistrySolvers.C:27:
In file included from lnInclude/canteraChemistryModel.H:209:
In file included from lnInclude/canteraChemistryModelI.H:35:
In file included from /work/09629/m_hland10/ls6/cantera/include/cantera/kinetics/Kinetics.h:14:
In file included from /work/09629/m_hland10/ls6/cantera/include/cantera/kinetics/StoichManager.h:11:
In file included from /work/09629/m_hland10/ls6/cantera/include/cantera/numerics/eigen_sparse.h:12:
In file included from /scratch/tacc/apps/intel19/eigen/3.4.0/include/eigen3/Eigen/Sparse:26:
In file included from /scratch/tacc/apps/intel19/eigen/3.4.0/include/eigen3/Eigen/SparseCore:11:
In file included from /scratch/tacc/apps/intel19/eigen/3.4.0/include/eigen3/Eigen/Core:342:
/scratch/tacc/apps/intel19/eigen/3.4.0/include/eigen3/Eigen/src/Core/products/TriangularMatrixMatrix.h:250:25: warning: use of old-style cast [-Wold-style-cast]
  250 |     SmallPanelWidth   = EIGEN_PLAIN_ENUM_MAX(Traits::mr,Traits::nr),
      |                         ^                               ~~~~~~~~~~
/scratch/tacc/apps/intel19/eigen/3.4.0/include/eigen3/Eigen/src/Core/util/Macros.h:1289:47: note: expanded from macro 'EIGEN_PLAIN_ENUM_MAX'
 1289 | #define EIGEN_PLAIN_ENUM_MAX(a,b) (((int)a >= (int)b) ? (int)a : (int)b)
      |                                               ^    ~
In file included from chemistrySolver/canteraChemistrySolvers.C:27:
In file included from lnInclude/canteraChemistryModel.H:209:
In file included from lnInclude/canteraChemistryModelI.H:35:
In file included from /work/09629/m_hland10/ls6/cantera/include/cantera/kinetics/Kinetics.h:14:
In file included from /work/09629/m_hland10/ls6/cantera/include/cantera/kinetics/StoichManager.h:11:
In file included from /work/09629/m_hland10/ls6/cantera/include/cantera/numerics/eigen_sparse.h:12:
In file included from /scratch/tacc/apps/intel19/eigen/3.4.0/include/eigen3/Eigen/Sparse:26:
In file included from /scratch/tacc/apps/intel19/eigen/3.4.0/include/eigen3/Eigen/SparseCore:11:
In file included from /scratch/tacc/apps/intel19/eigen/3.4.0/include/eigen3/Eigen/Core:342:
/scratch/tacc/apps/intel19/eigen/3.4.0/include/eigen3/Eigen/src/Core/products/TriangularMatrixMatrix.h:250:25: warning: use of old-style cast [-Wold-style-cast]
  250 |     SmallPanelWidth   = EIGEN_PLAIN_ENUM_MAX(Traits::mr,Traits::nr),
      |                         ^                    ~~~~~~~~~~
/scratch/tacc/apps/intel19/eigen/3.4.0/include/eigen3/Eigen/src/Core/util/Macros.h:1289:57: note: expanded from macro 'EIGEN_PLAIN_ENUM_MAX'
 1289 | #define EIGEN_PLAIN_ENUM_MAX(a,b) (((int)a >= (int)b) ? (int)a : (int)b)
      |                                                         ^    ~
In file included from chemistrySolver/canteraChemistrySolvers.C:27:
In file included from lnInclude/canteraChemistryModel.H:209:
In file included from lnInclude/canteraChemistryModelI.H:35:
In file included from /work/09629/m_hland10/ls6/cantera/include/cantera/kinetics/Kinetics.h:14:
In file included from /work/09629/m_hland10/ls6/cantera/include/cantera/kinetics/StoichManager.h:11:
In file included from /work/09629/m_hland10/ls6/cantera/include/cantera/numerics/eigen_sparse.h:12:
In file included from /scratch/tacc/apps/intel19/eigen/3.4.0/include/eigen3/Eigen/Sparse:26:
In file included from /scratch/tacc/apps/intel19/eigen/3.4.0/include/eigen3/Eigen/SparseCore:11:
In file included from /scratch/tacc/apps/intel19/eigen/3.4.0/include/eigen3/Eigen/Core:342:
/scratch/tacc/apps/intel19/eigen/3.4.0/include/eigen3/Eigen/src/Core/products/TriangularMatrixMatrix.h:250:25: warning: use of old-style cast [-Wold-style-cast]
  250 |     SmallPanelWidth   = EIGEN_PLAIN_ENUM_MAX(Traits::mr,Traits::nr),
      |                         ^                               ~~~~~~~~~~
/scratch/tacc/apps/intel19/eigen/3.4.0/include/eigen3/Eigen/src/Core/util/Macros.h:1289:66: note: expanded from macro 'EIGEN_PLAIN_ENUM_MAX'
 1289 | #define EIGEN_PLAIN_ENUM_MAX(a,b) (((int)a >= (int)b) ? (int)a : (int)b)
      |                                                                  ^    ~
In file included from chemistrySolver/canteraChemistrySolvers.C:27:
In file included from lnInclude/canteraChemistryModel.H:209:
In file included from lnInclude/canteraChemistryModelI.H:35:
In file included from /work/09629/m_hland10/ls6/cantera/include/cantera/kinetics/Kinetics.h:14:
In file included from /work/09629/m_hland10/ls6/cantera/include/cantera/kinetics/StoichManager.h:11:
In file included from /work/09629/m_hland10/ls6/cantera/include/cantera/numerics/eigen_sparse.h:12:
In file included from /scratch/tacc/apps/intel19/eigen/3.4.0/include/eigen3/Eigen/Sparse:26:
In file included from /scratch/tacc/apps/intel19/eigen/3.4.0/include/eigen3/Eigen/SparseCore:11:
In file included from /scratch/tacc/apps/intel19/eigen/3.4.0/include/eigen3/Eigen/Core:343:
/scratch/tacc/apps/intel19/eigen/3.4.0/include/eigen3/Eigen/src/Core/products/TriangularSolverMatrix.h:64:27: warning: use of old-style cast [-Wold-style-cast]
   64 |       SmallPanelWidth   = EIGEN_PLAIN_ENUM_MAX(Traits::mr,Traits::nr),
      |                           ^                    ~~~~~~~~~~
/scratch/tacc/apps/intel19/eigen/3.4.0/include/eigen3/Eigen/src/Core/util/Macros.h:1289:37: note: expanded from macro 'EIGEN_PLAIN_ENUM_MAX'
 1289 | #define EIGEN_PLAIN_ENUM_MAX(a,b) (((int)a >= (int)b) ? (int)a : (int)b)
      |                                     ^    ~
In file included from chemistrySolver/canteraChemistrySolvers.C:27:
In file included from lnInclude/canteraChemistryModel.H:209:
In file included from lnInclude/canteraChemistryModelI.H:35:
In file included from /work/09629/m_hland10/ls6/cantera/include/cantera/kinetics/Kinetics.h:14:
In file included from /work/09629/m_hland10/ls6/cantera/include/cantera/kinetics/StoichManager.h:11:
In file included from /work/09629/m_hland10/ls6/cantera/include/cantera/numerics/eigen_sparse.h:12:
In file included from /scratch/tacc/apps/intel19/eigen/3.4.0/include/eigen3/Eigen/Sparse:26:
In file included from /scratch/tacc/apps/intel19/eigen/3.4.0/include/eigen3/Eigen/SparseCore:11:
In file included from /scratch/tacc/apps/intel19/eigen/3.4.0/include/eigen3/Eigen/Core:343:
/scratch/tacc/apps/intel19/eigen/3.4.0/include/eigen3/Eigen/src/Core/products/TriangularSolverMatrix.h:64:27: warning: use of old-style cast [-Wold-style-cast]
   64 |       SmallPanelWidth   = EIGEN_PLAIN_ENUM_MAX(Traits::mr,Traits::nr),
      |                           ^                               ~~~~~~~~~~
/scratch/tacc/apps/intel19/eigen/3.4.0/include/eigen3/Eigen/src/Core/util/Macros.h:1289:47: note: expanded from macro 'EIGEN_PLAIN_ENUM_MAX'
 1289 | #define EIGEN_PLAIN_ENUM_MAX(a,b) (((int)a >= (int)b) ? (int)a : (int)b)
      |                                               ^    ~
In file included from chemistrySolver/canteraChemistrySolvers.C:27:
In file included from lnInclude/canteraChemistryModel.H:209:
In file included from lnInclude/canteraChemistryModelI.H:35:
In file included from /work/09629/m_hland10/ls6/cantera/include/cantera/kinetics/Kinetics.h:14:
In file included from /work/09629/m_hland10/ls6/cantera/include/cantera/kinetics/StoichManager.h:11:
In file included from /work/09629/m_hland10/ls6/cantera/include/cantera/numerics/eigen_sparse.h:12:
In file included from /scratch/tacc/apps/intel19/eigen/3.4.0/include/eigen3/Eigen/Sparse:26:
In file included from /scratch/tacc/apps/intel19/eigen/3.4.0/include/eigen3/Eigen/SparseCore:11:
In file included from /scratch/tacc/apps/intel19/eigen/3.4.0/include/eigen3/Eigen/Core:343:
/scratch/tacc/apps/intel19/eigen/3.4.0/include/eigen3/Eigen/src/Core/products/TriangularSolverMatrix.h:64:27: warning: use of old-style cast [-Wold-style-cast]
   64 |       SmallPanelWidth   = EIGEN_PLAIN_ENUM_MAX(Traits::mr,Traits::nr),
      |                           ^                    ~~~~~~~~~~
/scratch/tacc/apps/intel19/eigen/3.4.0/include/eigen3/Eigen/src/Core/util/Macros.h:1289:57: note: expanded from macro 'EIGEN_PLAIN_ENUM_MAX'
 1289 | #define EIGEN_PLAIN_ENUM_MAX(a,b) (((int)a >= (int)b) ? (int)a : (int)b)
      |                                                         ^    ~
In file included from chemistrySolver/canteraChemistrySolvers.C:27:
In file included from lnInclude/canteraChemistryModel.H:209:
In file included from lnInclude/canteraChemistryModelI.H:35:
In file included from /work/09629/m_hland10/ls6/cantera/include/cantera/kinetics/Kinetics.h:14:
In file included from /work/09629/m_hland10/ls6/cantera/include/cantera/kinetics/StoichManager.h:11:
In file included from /work/09629/m_hland10/ls6/cantera/include/cantera/numerics/eigen_sparse.h:12:
In file included from /scratch/tacc/apps/intel19/eigen/3.4.0/include/eigen3/Eigen/Sparse:26:
In file included from /scratch/tacc/apps/intel19/eigen/3.4.0/include/eigen3/Eigen/SparseCore:11:
In file included from /scratch/tacc/apps/intel19/eigen/3.4.0/include/eigen3/Eigen/Core:343:
/scratch/tacc/apps/intel19/eigen/3.4.0/include/eigen3/Eigen/src/Core/products/TriangularSolverMatrix.h:64:27: warning: use of old-style cast [-Wold-style-cast]
   64 |       SmallPanelWidth   = EIGEN_PLAIN_ENUM_MAX(Traits::mr,Traits::nr),
      |                           ^                               ~~~~~~~~~~
/scratch/tacc/apps/intel19/eigen/3.4.0/include/eigen3/Eigen/src/Core/util/Macros.h:1289:66: note: expanded from macro 'EIGEN_PLAIN_ENUM_MAX'
 1289 | #define EIGEN_PLAIN_ENUM_MAX(a,b) (((int)a >= (int)b) ? (int)a : (int)b)
      |                                                                  ^    ~
In file included from chemistrySolver/canteraChemistrySolvers.C:27:
In file included from lnInclude/canteraChemistryModel.H:209:
In file included from lnInclude/canteraChemistryModelI.H:35:
In file included from /work/09629/m_hland10/ls6/cantera/include/cantera/kinetics/Kinetics.h:14:
In file included from /work/09629/m_hland10/ls6/cantera/include/cantera/kinetics/StoichManager.h:11:
In file included from /work/09629/m_hland10/ls6/cantera/include/cantera/numerics/eigen_sparse.h:12:
In file included from /scratch/tacc/apps/intel19/eigen/3.4.0/include/eigen3/Eigen/Sparse:26:
In file included from /scratch/tacc/apps/intel19/eigen/3.4.0/include/eigen3/Eigen/SparseCore:11:
In file included from /scratch/tacc/apps/intel19/eigen/3.4.0/include/eigen3/Eigen/Core:343:
/scratch/tacc/apps/intel19/eigen/3.4.0/include/eigen3/Eigen/src/Core/products/TriangularSolverMatrix.h:217:27: warning: use of old-style cast [-Wold-style-cast]
  217 |       SmallPanelWidth   = EIGEN_PLAIN_ENUM_MAX(Traits::mr,Traits::nr),
      |                           ^                    ~~~~~~~~~~
/scratch/tacc/apps/intel19/eigen/3.4.0/include/eigen3/Eigen/src/Core/util/Macros.h:1289:37: note: expanded from macro 'EIGEN_PLAIN_ENUM_MAX'
 1289 | #define EIGEN_PLAIN_ENUM_MAX(a,b) (((int)a >= (int)b) ? (int)a : (int)b)
      |                                     ^    ~
In file included from chemistrySolver/canteraChemistrySolvers.C:27:
In file included from lnInclude/canteraChemistryModel.H:209:
In file included from lnInclude/canteraChemistryModelI.H:35:
In file included from /work/09629/m_hland10/ls6/cantera/include/cantera/kinetics/Kinetics.h:14:
In file included from /work/09629/m_hland10/ls6/cantera/include/cantera/kinetics/StoichManager.h:11:
In file included from /work/09629/m_hland10/ls6/cantera/include/cantera/numerics/eigen_sparse.h:12:
In file included from /scratch/tacc/apps/intel19/eigen/3.4.0/include/eigen3/Eigen/Sparse:26:
In file included from /scratch/tacc/apps/intel19/eigen/3.4.0/include/eigen3/Eigen/SparseCore:11:
In file included from /scratch/tacc/apps/intel19/eigen/3.4.0/include/eigen3/Eigen/Core:343:
/scratch/tacc/apps/intel19/eigen/3.4.0/include/eigen3/Eigen/src/Core/products/TriangularSolverMatrix.h:217:27: warning: use of old-style cast [-Wold-style-cast]
  217 |       SmallPanelWidth   = EIGEN_PLAIN_ENUM_MAX(Traits::mr,Traits::nr),
      |                           ^                               ~~~~~~~~~~
/scratch/tacc/apps/intel19/eigen/3.4.0/include/eigen3/Eigen/src/Core/util/Macros.h:1289:47: note: expanded from macro 'EIGEN_PLAIN_ENUM_MAX'
 1289 | #define EIGEN_PLAIN_ENUM_MAX(a,b) (((int)a >= (int)b) ? (int)a : (int)b)
      |                                               ^    ~
In file included from chemistrySolver/canteraChemistrySolvers.C:27:
In file included from lnInclude/canteraChemistryModel.H:209:
In file included from lnInclude/canteraChemistryModelI.H:35:
In file included from /work/09629/m_hland10/ls6/cantera/include/cantera/kinetics/Kinetics.h:14:
In file included from /work/09629/m_hland10/ls6/cantera/include/cantera/kinetics/StoichManager.h:11:
In file included from /work/09629/m_hland10/ls6/cantera/include/cantera/numerics/eigen_sparse.h:12:
In file included from /scratch/tacc/apps/intel19/eigen/3.4.0/include/eigen3/Eigen/Sparse:26:
In file included from /scratch/tacc/apps/intel19/eigen/3.4.0/include/eigen3/Eigen/SparseCore:11:
In file included from /scratch/tacc/apps/intel19/eigen/3.4.0/include/eigen3/Eigen/Core:343:
/scratch/tacc/apps/intel19/eigen/3.4.0/include/eigen3/Eigen/src/Core/products/TriangularSolverMatrix.h:217:27: warning: use of old-style cast [-Wold-style-cast]
  217 |       SmallPanelWidth   = EIGEN_PLAIN_ENUM_MAX(Traits::mr,Traits::nr),
      |                           ^                    ~~~~~~~~~~
/scratch/tacc/apps/intel19/eigen/3.4.0/include/eigen3/Eigen/src/Core/util/Macros.h:1289:57: note: expanded from macro 'EIGEN_PLAIN_ENUM_MAX'
 1289 | #define EIGEN_PLAIN_ENUM_MAX(a,b) (((int)a >= (int)b) ? (int)a : (int)b)
      |                                                         ^    ~
In file included from chemistrySolver/canteraChemistrySolvers.C:27:
In file included from lnInclude/canteraChemistryModel.H:209:
In file included from lnInclude/canteraChemistryModelI.H:35:
In file included from /work/09629/m_hland10/ls6/cantera/include/cantera/kinetics/Kinetics.h:14:
In file included from /work/09629/m_hland10/ls6/cantera/include/cantera/kinetics/StoichManager.h:11:
In file included from /work/09629/m_hland10/ls6/cantera/include/cantera/numerics/eigen_sparse.h:12:
In file included from /scratch/tacc/apps/intel19/eigen/3.4.0/include/eigen3/Eigen/Sparse:26:
In file included from /scratch/tacc/apps/intel19/eigen/3.4.0/include/eigen3/Eigen/SparseCore:11:
In file included from /scratch/tacc/apps/intel19/eigen/3.4.0/include/eigen3/Eigen/Core:343:
/scratch/tacc/apps/intel19/eigen/3.4.0/include/eigen3/Eigen/src/Core/products/TriangularSolverMatrix.h:217:27: warning: use of old-style cast [-Wold-style-cast]
  217 |       SmallPanelWidth   = EIGEN_PLAIN_ENUM_MAX(Traits::mr,Traits::nr),
      |                           ^                               ~~~~~~~~~~
/scratch/tacc/apps/intel19/eigen/3.4.0/include/eigen3/Eigen/src/Core/util/Macros.h:1289:66: note: expanded from macro 'EIGEN_PLAIN_ENUM_MAX'
 1289 | #define EIGEN_PLAIN_ENUM_MAX(a,b) (((int)a >= (int)b) ? (int)a : (int)b)
      |                                                                  ^    ~
In file included from chemistrySolver/canteraChemistrySolvers.C:27:
In file included from lnInclude/canteraChemistryModel.H:209:
In file included from lnInclude/canteraChemistryModelI.H:35:
In file included from /work/09629/m_hland10/ls6/cantera/include/cantera/kinetics/Kinetics.h:14:
In file included from /work/09629/m_hland10/ls6/cantera/include/cantera/kinetics/StoichManager.h:11:
In file included from /work/09629/m_hland10/ls6/cantera/include/cantera/numerics/eigen_sparse.h:12:
In file included from /scratch/tacc/apps/intel19/eigen/3.4.0/include/eigen3/Eigen/Sparse:26:
In file included from /scratch/tacc/apps/intel19/eigen/3.4.0/include/eigen3/Eigen/SparseCore:11:
In file included from /scratch/tacc/apps/intel19/eigen/3.4.0/include/eigen3/Eigen/Core:345:
/scratch/tacc/apps/intel19/eigen/3.4.0/include/eigen3/Eigen/src/Core/BandMatrix.h:44:27: warning: use of old-style cast [-Wold-style-cast]
   44 |       SizeAtCompileTime = EIGEN_SIZE_MIN_PREFER_DYNAMIC(RowsAtCompileTime,ColsAtCompileTime)
      |                           ^                             ~~~~~~~~~~~~~~~~~
/scratch/tacc/apps/intel19/eigen/3.4.0/include/eigen3/Eigen/src/Core/util/Macros.h:1294:46: note: expanded from macro 'EIGEN_SIZE_MIN_PREFER_DYNAMIC'
 1294 | #define EIGEN_SIZE_MIN_PREFER_DYNAMIC(a,b) (((int)a == 0 || (int)b == 0) ? 0 \
      |                                              ^    ~
In file included from chemistrySolver/canteraChemistrySolvers.C:27:
In file included from lnInclude/canteraChemistryModel.H:209:
In file included from lnInclude/canteraChemistryModelI.H:35:
In file included from /work/09629/m_hland10/ls6/cantera/include/cantera/kinetics/Kinetics.h:14:
In file included from /work/09629/m_hland10/ls6/cantera/include/cantera/kinetics/StoichManager.h:11:
In file included from /work/09629/m_hland10/ls6/cantera/include/cantera/numerics/eigen_sparse.h:12:
In file included from /scratch/tacc/apps/intel19/eigen/3.4.0/include/eigen3/Eigen/Sparse:26:
In file included from /scratch/tacc/apps/intel19/eigen/3.4.0/include/eigen3/Eigen/SparseCore:11:
In file included from /scratch/tacc/apps/intel19/eigen/3.4.0/include/eigen3/Eigen/Core:345:
/scratch/tacc/apps/intel19/eigen/3.4.0/include/eigen3/Eigen/src/Core/BandMatrix.h:44:27: warning: use of old-style cast [-Wold-style-cast]
   44 |       SizeAtCompileTime = EIGEN_SIZE_MIN_PREFER_DYNAMIC(RowsAtCompileTime,ColsAtCompileTime)
      |                           ^                                               ~~~~~~~~~~~~~~~~~
/scratch/tacc/apps/intel19/eigen/3.4.0/include/eigen3/Eigen/src/Core/util/Macros.h:1294:61: note: expanded from macro 'EIGEN_SIZE_MIN_PREFER_DYNAMIC'
 1294 | #define EIGEN_SIZE_MIN_PREFER_DYNAMIC(a,b) (((int)a == 0 || (int)b == 0) ? 0 \
      |                                                             ^    ~
In file included from chemistrySolver/canteraChemistrySolvers.C:27:
In file included from lnInclude/canteraChemistryModel.H:209:
In file included from lnInclude/canteraChemistryModelI.H:35:
In file included from /work/09629/m_hland10/ls6/cantera/include/cantera/kinetics/Kinetics.h:14:
In file included from /work/09629/m_hland10/ls6/cantera/include/cantera/kinetics/StoichManager.h:11:
In file included from /work/09629/m_hland10/ls6/cantera/include/cantera/numerics/eigen_sparse.h:12:
In file included from /scratch/tacc/apps/intel19/eigen/3.4.0/include/eigen3/Eigen/Sparse:26:
In file included from /scratch/tacc/apps/intel19/eigen/3.4.0/include/eigen3/Eigen/SparseCore:11:
In file included from /scratch/tacc/apps/intel19/eigen/3.4.0/include/eigen3/Eigen/Core:345:
/scratch/tacc/apps/intel19/eigen/3.4.0/include/eigen3/Eigen/src/Core/BandMatrix.h:44:27: warning: use of old-style cast [-Wold-style-cast]
   44 |       SizeAtCompileTime = EIGEN_SIZE_MIN_PREFER_DYNAMIC(RowsAtCompileTime,ColsAtCompileTime)
      |                           ^                             ~~~~~~~~~~~~~~~~~
/scratch/tacc/apps/intel19/eigen/3.4.0/include/eigen3/Eigen/src/Core/util/Macros.h:1295:31: note: expanded from macro 'EIGEN_SIZE_MIN_PREFER_DYNAMIC'
 1295 |                            : ((int)a == 1 || (int)b == 1) ? 1 \
      |                               ^    ~
In file included from chemistrySolver/canteraChemistrySolvers.C:27:
In file included from lnInclude/canteraChemistryModel.H:209:
In file included from lnInclude/canteraChemistryModelI.H:35:
In file included from /work/09629/m_hland10/ls6/cantera/include/cantera/kinetics/Kinetics.h:14:
In file included from /work/09629/m_hland10/ls6/cantera/include/cantera/kinetics/StoichManager.h:11:
In file included from /work/09629/m_hland10/ls6/cantera/include/cantera/numerics/eigen_sparse.h:12:
In file included from /scratch/tacc/apps/intel19/eigen/3.4.0/include/eigen3/Eigen/Sparse:26:
In file included from /scratch/tacc/apps/intel19/eigen/3.4.0/include/eigen3/Eigen/SparseCore:11:
In file included from /scratch/tacc/apps/intel19/eigen/3.4.0/include/eigen3/Eigen/Core:345:
/scratch/tacc/apps/intel19/eigen/3.4.0/include/eigen3/Eigen/src/Core/BandMatrix.h:44:27: warning: use of old-style cast [-Wold-style-cast]
   44 |       SizeAtCompileTime = EIGEN_SIZE_MIN_PREFER_DYNAMIC(RowsAtCompileTime,ColsAtCompileTime)
      |                           ^                                               ~~~~~~~~~~~~~~~~~
/scratch/tacc/apps/intel19/eigen/3.4.0/include/eigen3/Eigen/src/Core/util/Macros.h:1295:46: note: expanded from macro 'EIGEN_SIZE_MIN_PREFER_DYNAMIC'
 1295 |                            : ((int)a == 1 || (int)b == 1) ? 1 \
      |                                              ^    ~
In file included from chemistrySolver/canteraChemistrySolvers.C:27:
In file included from lnInclude/canteraChemistryModel.H:209:
In file included from lnInclude/canteraChemistryModelI.H:35:
In file included from /work/09629/m_hland10/ls6/cantera/include/cantera/kinetics/Kinetics.h:14:
In file included from /work/09629/m_hland10/ls6/cantera/include/cantera/kinetics/StoichManager.h:11:
In file included from /work/09629/m_hland10/ls6/cantera/include/cantera/numerics/eigen_sparse.h:12:
In file included from /scratch/tacc/apps/intel19/eigen/3.4.0/include/eigen3/Eigen/Sparse:26:
In file included from /scratch/tacc/apps/intel19/eigen/3.4.0/include/eigen3/Eigen/SparseCore:11:
In file included from /scratch/tacc/apps/intel19/eigen/3.4.0/include/eigen3/Eigen/Core:345:
/scratch/tacc/apps/intel19/eigen/3.4.0/include/eigen3/Eigen/src/Core/BandMatrix.h:44:27: warning: use of old-style cast [-Wold-style-cast]
   44 |       SizeAtCompileTime = EIGEN_SIZE_MIN_PREFER_DYNAMIC(RowsAtCompileTime,ColsAtCompileTime)
      |                           ^                             ~~~~~~~~~~~~~~~~~
/scratch/tacc/apps/intel19/eigen/3.4.0/include/eigen3/Eigen/src/Core/util/Macros.h:1296:31: note: expanded from macro 'EIGEN_SIZE_MIN_PREFER_DYNAMIC'
 1296 |                            : ((int)a == Dynamic || (int)b == Dynamic) ? Dynamic \
      |                               ^    ~
In file included from chemistrySolver/canteraChemistrySolvers.C:27:
In file included from lnInclude/canteraChemistryModel.H:209:
In file included from lnInclude/canteraChemistryModelI.H:35:
In file included from /work/09629/m_hland10/ls6/cantera/include/cantera/kinetics/Kinetics.h:14:
In file included from /work/09629/m_hland10/ls6/cantera/include/cantera/kinetics/StoichManager.h:11:
In file included from /work/09629/m_hland10/ls6/cantera/include/cantera/numerics/eigen_sparse.h:12:
In file included from /scratch/tacc/apps/intel19/eigen/3.4.0/include/eigen3/Eigen/Sparse:26:
In file included from /scratch/tacc/apps/intel19/eigen/3.4.0/include/eigen3/Eigen/SparseCore:11:
In file included from /scratch/tacc/apps/intel19/eigen/3.4.0/include/eigen3/Eigen/Core:345:
/scratch/tacc/apps/intel19/eigen/3.4.0/include/eigen3/Eigen/src/Core/BandMatrix.h:44:27: warning: use of old-style cast [-Wold-style-cast]
   44 |       SizeAtCompileTime = EIGEN_SIZE_MIN_PREFER_DYNAMIC(RowsAtCompileTime,ColsAtCompileTime)
      |                           ^                                               ~~~~~~~~~~~~~~~~~
/scratch/tacc/apps/intel19/eigen/3.4.0/include/eigen3/Eigen/src/Core/util/Macros.h:1296:52: note: expanded from macro 'EIGEN_SIZE_MIN_PREFER_DYNAMIC'
 1296 |                            : ((int)a == Dynamic || (int)b == Dynamic) ? Dynamic \
      |                                                    ^    ~
In file included from chemistrySolver/canteraChemistrySolvers.C:27:
In file included from lnInclude/canteraChemistryModel.H:209:
In file included from lnInclude/canteraChemistryModelI.H:35:
In file included from /work/09629/m_hland10/ls6/cantera/include/cantera/kinetics/Kinetics.h:14:
In file included from /work/09629/m_hland10/ls6/cantera/include/cantera/kinetics/StoichManager.h:11:
In file included from /work/09629/m_hland10/ls6/cantera/include/cantera/numerics/eigen_sparse.h:12:
In file included from /scratch/tacc/apps/intel19/eigen/3.4.0/include/eigen3/Eigen/Sparse:26:
In file included from /scratch/tacc/apps/intel19/eigen/3.4.0/include/eigen3/Eigen/SparseCore:11:
In file included from /scratch/tacc/apps/intel19/eigen/3.4.0/include/eigen3/Eigen/Core:345:
/scratch/tacc/apps/intel19/eigen/3.4.0/include/eigen3/Eigen/src/Core/BandMatrix.h:44:27: warning: use of old-style cast [-Wold-style-cast]
   44 |       SizeAtCompileTime = EIGEN_SIZE_MIN_PREFER_DYNAMIC(RowsAtCompileTime,ColsAtCompileTime)
      |                           ^                             ~~~~~~~~~~~~~~~~~
/scratch/tacc/apps/intel19/eigen/3.4.0/include/eigen3/Eigen/src/Core/util/Macros.h:1297:31: note: expanded from macro 'EIGEN_SIZE_MIN_PREFER_DYNAMIC'
 1297 |                            : ((int)a <= (int)b) ? (int)a : (int)b)
      |                               ^    ~
In file included from chemistrySolver/canteraChemistrySolvers.C:27:
In file included from lnInclude/canteraChemistryModel.H:209:
In file included from lnInclude/canteraChemistryModelI.H:35:
In file included from /work/09629/m_hland10/ls6/cantera/include/cantera/kinetics/Kinetics.h:14:
In file included from /work/09629/m_hland10/ls6/cantera/include/cantera/kinetics/StoichManager.h:11:
In file included from /work/09629/m_hland10/ls6/cantera/include/cantera/numerics/eigen_sparse.h:12:
In file included from /scratch/tacc/apps/intel19/eigen/3.4.0/include/eigen3/Eigen/Sparse:26:
In file included from /scratch/tacc/apps/intel19/eigen/3.4.0/include/eigen3/Eigen/SparseCore:11:
In file included from /scratch/tacc/apps/intel19/eigen/3.4.0/include/eigen3/Eigen/Core:345:
/scratch/tacc/apps/intel19/eigen/3.4.0/include/eigen3/Eigen/src/Core/BandMatrix.h:44:27: warning: use of old-style cast [-Wold-style-cast]
   44 |       SizeAtCompileTime = EIGEN_SIZE_MIN_PREFER_DYNAMIC(RowsAtCompileTime,ColsAtCompileTime)
      |                           ^                                               ~~~~~~~~~~~~~~~~~
/scratch/tacc/apps/intel19/eigen/3.4.0/include/eigen3/Eigen/src/Core/util/Macros.h:1297:41: note: expanded from macro 'EIGEN_SIZE_MIN_PREFER_DYNAMIC'
 1297 |                            : ((int)a <= (int)b) ? (int)a : (int)b)
      |                                         ^    ~
In file included from chemistrySolver/canteraChemistrySolvers.C:27:
In file included from lnInclude/canteraChemistryModel.H:209:
In file included from lnInclude/canteraChemistryModelI.H:35:
In file included from /work/09629/m_hland10/ls6/cantera/include/cantera/kinetics/Kinetics.h:14:
In file included from /work/09629/m_hland10/ls6/cantera/include/cantera/kinetics/StoichManager.h:11:
In file included from /work/09629/m_hland10/ls6/cantera/include/cantera/numerics/eigen_sparse.h:12:
In file included from /scratch/tacc/apps/intel19/eigen/3.4.0/include/eigen3/Eigen/Sparse:26:
In file included from /scratch/tacc/apps/intel19/eigen/3.4.0/include/eigen3/Eigen/SparseCore:11:
In file included from /scratch/tacc/apps/intel19/eigen/3.4.0/include/eigen3/Eigen/Core:345:
/scratch/tacc/apps/intel19/eigen/3.4.0/include/eigen3/Eigen/src/Core/BandMatrix.h:44:27: warning: use of old-style cast [-Wold-style-cast]
   44 |       SizeAtCompileTime = EIGEN_SIZE_MIN_PREFER_DYNAMIC(RowsAtCompileTime,ColsAtCompileTime)
      |                           ^                             ~~~~~~~~~~~~~~~~~
/scratch/tacc/apps/intel19/eigen/3.4.0/include/eigen3/Eigen/src/Core/util/Macros.h:1297:51: note: expanded from macro 'EIGEN_SIZE_MIN_PREFER_DYNAMIC'
 1297 |                            : ((int)a <= (int)b) ? (int)a : (int)b)
      |                                                   ^    ~
In file included from chemistrySolver/canteraChemistrySolvers.C:27:
In file included from lnInclude/canteraChemistryModel.H:209:
In file included from lnInclude/canteraChemistryModelI.H:35:
In file included from /work/09629/m_hland10/ls6/cantera/include/cantera/kinetics/Kinetics.h:14:
In file included from /work/09629/m_hland10/ls6/cantera/include/cantera/kinetics/StoichManager.h:11:
In file included from /work/09629/m_hland10/ls6/cantera/include/cantera/numerics/eigen_sparse.h:12:
In file included from /scratch/tacc/apps/intel19/eigen/3.4.0/include/eigen3/Eigen/Sparse:26:
In file included from /scratch/tacc/apps/intel19/eigen/3.4.0/include/eigen3/Eigen/SparseCore:11:
In file included from /scratch/tacc/apps/intel19/eigen/3.4.0/include/eigen3/Eigen/Core:345:
/scratch/tacc/apps/intel19/eigen/3.4.0/include/eigen3/Eigen/src/Core/BandMatrix.h:44:27: warning: use of old-style cast [-Wold-style-cast]
   44 |       SizeAtCompileTime = EIGEN_SIZE_MIN_PREFER_DYNAMIC(RowsAtCompileTime,ColsAtCompileTime)
      |                           ^                                               ~~~~~~~~~~~~~~~~~
/scratch/tacc/apps/intel19/eigen/3.4.0/include/eigen3/Eigen/src/Core/util/Macros.h:1297:60: note: expanded from macro 'EIGEN_SIZE_MIN_PREFER_DYNAMIC'
 1297 |                            : ((int)a <= (int)b) ? (int)a : (int)b)
      |                                                            ^    ~
In file included from chemistrySolver/canteraChemistrySolvers.C:27:
In file included from lnInclude/canteraChemistryModel.H:209:
In file included from lnInclude/canteraChemistryModelI.H:35:
In file included from /work/09629/m_hland10/ls6/cantera/include/cantera/kinetics/Kinetics.h:14:
In file included from /work/09629/m_hland10/ls6/cantera/include/cantera/kinetics/StoichManager.h:11:
In file included from /work/09629/m_hland10/ls6/cantera/include/cantera/numerics/eigen_sparse.h:12:
In file included from /scratch/tacc/apps/intel19/eigen/3.4.0/include/eigen3/Eigen/Sparse:26:
In file included from /scratch/tacc/apps/intel19/eigen/3.4.0/include/eigen3/Eigen/SparseCore:11:
In file included from /scratch/tacc/apps/intel19/eigen/3.4.0/include/eigen3/Eigen/Core:345:
/scratch/tacc/apps/intel19/eigen/3.4.0/include/eigen3/Eigen/src/Core/BandMatrix.h:99:24: warning: use of old-style cast [-Wold-style-cast]
   99 |                      ? EIGEN_SIZE_MIN_PREFER_DYNAMIC(ColsAtCompileTime, RowsAtCompileTime + ActualIndex)
      |                        ^                             ~~~~~~~~~~~~~~~~~
/scratch/tacc/apps/intel19/eigen/3.4.0/include/eigen3/Eigen/src/Core/util/Macros.h:1294:46: note: expanded from macro 'EIGEN_SIZE_MIN_PREFER_DYNAMIC'
 1294 | #define EIGEN_SIZE_MIN_PREFER_DYNAMIC(a,b) (((int)a == 0 || (int)b == 0) ? 0 \
      |                                              ^    ~
In file included from chemistrySolver/canteraChemistrySolvers.C:27:
In file included from lnInclude/canteraChemistryModel.H:209:
In file included from lnInclude/canteraChemistryModelI.H:35:
In file included from /work/09629/m_hland10/ls6/cantera/include/cantera/kinetics/Kinetics.h:14:
In file included from /work/09629/m_hland10/ls6/cantera/include/cantera/kinetics/StoichManager.h:11:
In file included from /work/09629/m_hland10/ls6/cantera/include/cantera/numerics/eigen_sparse.h:12:
In file included from /scratch/tacc/apps/intel19/eigen/3.4.0/include/eigen3/Eigen/Sparse:26:
In file included from /scratch/tacc/apps/intel19/eigen/3.4.0/include/eigen3/Eigen/SparseCore:11:
In file included from /scratch/tacc/apps/intel19/eigen/3.4.0/include/eigen3/Eigen/Core:345:
/scratch/tacc/apps/intel19/eigen/3.4.0/include/eigen3/Eigen/src/Core/BandMatrix.h:99:24: warning: use of old-style cast [-Wold-style-cast]
   99 |                      ? EIGEN_SIZE_MIN_PREFER_DYNAMIC(ColsAtCompileTime, RowsAtCompileTime + ActualIndex)
      |                        ^                                                ~~~~~~~~~~~~~~~~~
/scratch/tacc/apps/intel19/eigen/3.4.0/include/eigen3/Eigen/src/Core/util/Macros.h:1294:61: note: expanded from macro 'EIGEN_SIZE_MIN_PREFER_DYNAMIC'
 1294 | #define EIGEN_SIZE_MIN_PREFER_DYNAMIC(a,b) (((int)a == 0 || (int)b == 0) ? 0 \
      |                                                             ^    ~
In file included from chemistrySolver/canteraChemistrySolvers.C:27:
In file included from lnInclude/canteraChemistryModel.H:209:
In file included from lnInclude/canteraChemistryModelI.H:35:
In file included from /work/09629/m_hland10/ls6/cantera/include/cantera/kinetics/Kinetics.h:14:
In file included from /work/09629/m_hland10/ls6/cantera/include/cantera/kinetics/StoichManager.h:11:
In file included from /work/09629/m_hland10/ls6/cantera/include/cantera/numerics/eigen_sparse.h:12:
In file included from /scratch/tacc/apps/intel19/eigen/3.4.0/include/eigen3/Eigen/Sparse:26:
In file included from /scratch/tacc/apps/intel19/eigen/3.4.0/include/eigen3/Eigen/SparseCore:11:
In file included from /scratch/tacc/apps/intel19/eigen/3.4.0/include/eigen3/Eigen/Core:345:
/scratch/tacc/apps/intel19/eigen/3.4.0/include/eigen3/Eigen/src/Core/BandMatrix.h:99:24: warning: use of old-style cast [-Wold-style-cast]
   99 |                      ? EIGEN_SIZE_MIN_PREFER_DYNAMIC(ColsAtCompileTime, RowsAtCompileTime + ActualIndex)
      |                        ^                             ~~~~~~~~~~~~~~~~~
/scratch/tacc/apps/intel19/eigen/3.4.0/include/eigen3/Eigen/src/Core/util/Macros.h:1295:31: note: expanded from macro 'EIGEN_SIZE_MIN_PREFER_DYNAMIC'
 1295 |                            : ((int)a == 1 || (int)b == 1) ? 1 \
      |                               ^    ~
In file included from chemistrySolver/canteraChemistrySolvers.C:27:
In file included from lnInclude/canteraChemistryModel.H:209:
In file included from lnInclude/canteraChemistryModelI.H:35:
In file included from /work/09629/m_hland10/ls6/cantera/include/cantera/kinetics/Kinetics.h:14:
In file included from /work/09629/m_hland10/ls6/cantera/include/cantera/kinetics/StoichManager.h:11:
In file included from /work/09629/m_hland10/ls6/cantera/include/cantera/numerics/eigen_sparse.h:12:
In file included from /scratch/tacc/apps/intel19/eigen/3.4.0/include/eigen3/Eigen/Sparse:26:
In file included from /scratch/tacc/apps/intel19/eigen/3.4.0/include/eigen3/Eigen/SparseCore:11:
In file included from /scratch/tacc/apps/intel19/eigen/3.4.0/include/eigen3/Eigen/Core:345:
/scratch/tacc/apps/intel19/eigen/3.4.0/include/eigen3/Eigen/src/Core/BandMatrix.h:99:24: warning: use of old-style cast [-Wold-style-cast]
   99 |                      ? EIGEN_SIZE_MIN_PREFER_DYNAMIC(ColsAtCompileTime, RowsAtCompileTime + ActualIndex)
      |                        ^                                                ~~~~~~~~~~~~~~~~~
/scratch/tacc/apps/intel19/eigen/3.4.0/include/eigen3/Eigen/src/Core/util/Macros.h:1295:46: note: expanded from macro 'EIGEN_SIZE_MIN_PREFER_DYNAMIC'
 1295 |                            : ((int)a == 1 || (int)b == 1) ? 1 \
      |                                              ^    ~
In file included from chemistrySolver/canteraChemistrySolvers.C:27:
In file included from lnInclude/canteraChemistryModel.H:209:
In file included from lnInclude/canteraChemistryModelI.H:35:
In file included from /work/09629/m_hland10/ls6/cantera/include/cantera/kinetics/Kinetics.h:14:
In file included from /work/09629/m_hland10/ls6/cantera/include/cantera/kinetics/StoichManager.h:11:
In file included from /work/09629/m_hland10/ls6/cantera/include/cantera/numerics/eigen_sparse.h:12:
In file included from /scratch/tacc/apps/intel19/eigen/3.4.0/include/eigen3/Eigen/Sparse:26:
In file included from /scratch/tacc/apps/intel19/eigen/3.4.0/include/eigen3/Eigen/SparseCore:11:
In file included from /scratch/tacc/apps/intel19/eigen/3.4.0/include/eigen3/Eigen/Core:345:
/scratch/tacc/apps/intel19/eigen/3.4.0/include/eigen3/Eigen/src/Core/BandMatrix.h:99:24: warning: use of old-style cast [-Wold-style-cast]
   99 |                      ? EIGEN_SIZE_MIN_PREFER_DYNAMIC(ColsAtCompileTime, RowsAtCompileTime + ActualIndex)
      |                        ^                             ~~~~~~~~~~~~~~~~~
/scratch/tacc/apps/intel19/eigen/3.4.0/include/eigen3/Eigen/src/Core/util/Macros.h:1296:31: note: expanded from macro 'EIGEN_SIZE_MIN_PREFER_DYNAMIC'
 1296 |                            : ((int)a == Dynamic || (int)b == Dynamic) ? Dynamic \
      |                               ^    ~
In file included from chemistrySolver/canteraChemistrySolvers.C:27:
In file included from lnInclude/canteraChemistryModel.H:209:
In file included from lnInclude/canteraChemistryModelI.H:35:
In file included from /work/09629/m_hland10/ls6/cantera/include/cantera/kinetics/Kinetics.h:14:
In file included from /work/09629/m_hland10/ls6/cantera/include/cantera/kinetics/StoichManager.h:11:
In file included from /work/09629/m_hland10/ls6/cantera/include/cantera/numerics/eigen_sparse.h:12:
In file included from /scratch/tacc/apps/intel19/eigen/3.4.0/include/eigen3/Eigen/Sparse:26:
In file included from /scratch/tacc/apps/intel19/eigen/3.4.0/include/eigen3/Eigen/SparseCore:11:
In file included from /scratch/tacc/apps/intel19/eigen/3.4.0/include/eigen3/Eigen/Core:345:
/scratch/tacc/apps/intel19/eigen/3.4.0/include/eigen3/Eigen/src/Core/BandMatrix.h:99:24: warning: use of old-style cast [-Wold-style-cast]
   99 |                      ? EIGEN_SIZE_MIN_PREFER_DYNAMIC(ColsAtCompileTime, RowsAtCompileTime + ActualIndex)
      |                        ^                                                ~~~~~~~~~~~~~~~~~
/scratch/tacc/apps/intel19/eigen/3.4.0/include/eigen3/Eigen/src/Core/util/Macros.h:1296:52: note: expanded from macro 'EIGEN_SIZE_MIN_PREFER_DYNAMIC'
 1296 |                            : ((int)a == Dynamic || (int)b == Dynamic) ? Dynamic \
      |                                                    ^    ~
In file included from chemistrySolver/canteraChemistrySolvers.C:27:
In file included from lnInclude/canteraChemistryModel.H:209:
In file included from lnInclude/canteraChemistryModelI.H:35:
In file included from /work/09629/m_hland10/ls6/cantera/include/cantera/kinetics/Kinetics.h:14:
In file included from /work/09629/m_hland10/ls6/cantera/include/cantera/kinetics/StoichManager.h:11:
In file included from /work/09629/m_hland10/ls6/cantera/include/cantera/numerics/eigen_sparse.h:12:
In file included from /scratch/tacc/apps/intel19/eigen/3.4.0/include/eigen3/Eigen/Sparse:26:
In file included from /scratch/tacc/apps/intel19/eigen/3.4.0/include/eigen3/Eigen/SparseCore:11:
In file included from /scratch/tacc/apps/intel19/eigen/3.4.0/include/eigen3/Eigen/Core:345:
/scratch/tacc/apps/intel19/eigen/3.4.0/include/eigen3/Eigen/src/Core/BandMatrix.h:99:24: warning: use of old-style cast [-Wold-style-cast]
   99 |                      ? EIGEN_SIZE_MIN_PREFER_DYNAMIC(ColsAtCompileTime, RowsAtCompileTime + ActualIndex)
      |                        ^                             ~~~~~~~~~~~~~~~~~
/scratch/tacc/apps/intel19/eigen/3.4.0/include/eigen3/Eigen/src/Core/util/Macros.h:1297:31: note: expanded from macro 'EIGEN_SIZE_MIN_PREFER_DYNAMIC'
 1297 |                            : ((int)a <= (int)b) ? (int)a : (int)b)
      |                               ^    ~
In file included from chemistrySolver/canteraChemistrySolvers.C:27:
In file included from lnInclude/canteraChemistryModel.H:209:
In file included from lnInclude/canteraChemistryModelI.H:35:
In file included from /work/09629/m_hland10/ls6/cantera/include/cantera/kinetics/Kinetics.h:14:
In file included from /work/09629/m_hland10/ls6/cantera/include/cantera/kinetics/StoichManager.h:11:
In file included from /work/09629/m_hland10/ls6/cantera/include/cantera/numerics/eigen_sparse.h:12:
In file included from /scratch/tacc/apps/intel19/eigen/3.4.0/include/eigen3/Eigen/Sparse:26:
In file included from /scratch/tacc/apps/intel19/eigen/3.4.0/include/eigen3/Eigen/SparseCore:11:
In file included from /scratch/tacc/apps/intel19/eigen/3.4.0/include/eigen3/Eigen/Core:345:
/scratch/tacc/apps/intel19/eigen/3.4.0/include/eigen3/Eigen/src/Core/BandMatrix.h:99:24: warning: use of old-style cast [-Wold-style-cast]
   99 |                      ? EIGEN_SIZE_MIN_PREFER_DYNAMIC(ColsAtCompileTime, RowsAtCompileTime + ActualIndex)
      |                        ^                                                ~~~~~~~~~~~~~~~~~
/scratch/tacc/apps/intel19/eigen/3.4.0/include/eigen3/Eigen/src/Core/util/Macros.h:1297:41: note: expanded from macro 'EIGEN_SIZE_MIN_PREFER_DYNAMIC'
 1297 |                            : ((int)a <= (int)b) ? (int)a : (int)b)
      |                                         ^    ~
In file included from chemistrySolver/canteraChemistrySolvers.C:27:
In file included from lnInclude/canteraChemistryModel.H:209:
In file included from lnInclude/canteraChemistryModelI.H:35:
In file included from /work/09629/m_hland10/ls6/cantera/include/cantera/kinetics/Kinetics.h:14:
In file included from /work/09629/m_hland10/ls6/cantera/include/cantera/kinetics/StoichManager.h:11:
In file included from /work/09629/m_hland10/ls6/cantera/include/cantera/numerics/eigen_sparse.h:12:
In file included from /scratch/tacc/apps/intel19/eigen/3.4.0/include/eigen3/Eigen/Sparse:26:
In file included from /scratch/tacc/apps/intel19/eigen/3.4.0/include/eigen3/Eigen/SparseCore:11:
In file included from /scratch/tacc/apps/intel19/eigen/3.4.0/include/eigen3/Eigen/Core:345:
/scratch/tacc/apps/intel19/eigen/3.4.0/include/eigen3/Eigen/src/Core/BandMatrix.h:99:24: warning: use of old-style cast [-Wold-style-cast]
   99 |                      ? EIGEN_SIZE_MIN_PREFER_DYNAMIC(ColsAtCompileTime, RowsAtCompileTime + ActualIndex)
      |                        ^                             ~~~~~~~~~~~~~~~~~
/scratch/tacc/apps/intel19/eigen/3.4.0/include/eigen3/Eigen/src/Core/util/Macros.h:1297:51: note: expanded from macro 'EIGEN_SIZE_MIN_PREFER_DYNAMIC'
 1297 |                            : ((int)a <= (int)b) ? (int)a : (int)b)
      |                                                   ^    ~
In file included from chemistrySolver/canteraChemistrySolvers.C:27:
In file included from lnInclude/canteraChemistryModel.H:209:
In file included from lnInclude/canteraChemistryModelI.H:35:
In file included from /work/09629/m_hland10/ls6/cantera/include/cantera/kinetics/Kinetics.h:14:
In file included from /work/09629/m_hland10/ls6/cantera/include/cantera/kinetics/StoichManager.h:11:
In file included from /work/09629/m_hland10/ls6/cantera/include/cantera/numerics/eigen_sparse.h:12:
In file included from /scratch/tacc/apps/intel19/eigen/3.4.0/include/eigen3/Eigen/Sparse:26:
In file included from /scratch/tacc/apps/intel19/eigen/3.4.0/include/eigen3/Eigen/SparseCore:11:
In file included from /scratch/tacc/apps/intel19/eigen/3.4.0/include/eigen3/Eigen/Core:345:
/scratch/tacc/apps/intel19/eigen/3.4.0/include/eigen3/Eigen/src/Core/BandMatrix.h:99:24: warning: use of old-style cast [-Wold-style-cast]
   99 |                      ? EIGEN_SIZE_MIN_PREFER_DYNAMIC(ColsAtCompileTime, RowsAtCompileTime + ActualIndex)
      |                        ^                                                ~~~~~~~~~~~~~~~~~
/scratch/tacc/apps/intel19/eigen/3.4.0/include/eigen3/Eigen/src/Core/util/Macros.h:1297:60: note: expanded from macro 'EIGEN_SIZE_MIN_PREFER_DYNAMIC'
 1297 |                            : ((int)a <= (int)b) ? (int)a : (int)b)
      |                                                            ^    ~
In file included from chemistrySolver/canteraChemistrySolvers.C:27:
In file included from lnInclude/canteraChemistryModel.H:209:
In file included from lnInclude/canteraChemistryModelI.H:35:
In file included from /work/09629/m_hland10/ls6/cantera/include/cantera/kinetics/Kinetics.h:14:
In file included from /work/09629/m_hland10/ls6/cantera/include/cantera/kinetics/StoichManager.h:11:
In file included from /work/09629/m_hland10/ls6/cantera/include/cantera/numerics/eigen_sparse.h:12:
In file included from /scratch/tacc/apps/intel19/eigen/3.4.0/include/eigen3/Eigen/Sparse:26:
In file included from /scratch/tacc/apps/intel19/eigen/3.4.0/include/eigen3/Eigen/SparseCore:11:
In file included from /scratch/tacc/apps/intel19/eigen/3.4.0/include/eigen3/Eigen/Core:345:
/scratch/tacc/apps/intel19/eigen/3.4.0/include/eigen3/Eigen/src/Core/BandMatrix.h:100:24: warning: use of old-style cast [-Wold-style-cast]
  100 |                      : EIGEN_SIZE_MIN_PREFER_DYNAMIC(RowsAtCompileTime, ColsAtCompileTime - ActualIndex))
      |                        ^                             ~~~~~~~~~~~~~~~~~
/scratch/tacc/apps/intel19/eigen/3.4.0/include/eigen3/Eigen/src/Core/util/Macros.h:1294:46: note: expanded from macro 'EIGEN_SIZE_MIN_PREFER_DYNAMIC'
 1294 | #define EIGEN_SIZE_MIN_PREFER_DYNAMIC(a,b) (((int)a == 0 || (int)b == 0) ? 0 \
      |                                              ^    ~
In file included from chemistrySolver/canteraChemistrySolvers.C:27:
In file included from lnInclude/canteraChemistryModel.H:209:
In file included from lnInclude/canteraChemistryModelI.H:35:
In file included from /work/09629/m_hland10/ls6/cantera/include/cantera/kinetics/Kinetics.h:14:
In file included from /work/09629/m_hland10/ls6/cantera/include/cantera/kinetics/StoichManager.h:11:
In file included from /work/09629/m_hland10/ls6/cantera/include/cantera/numerics/eigen_sparse.h:12:
In file included from /scratch/tacc/apps/intel19/eigen/3.4.0/include/eigen3/Eigen/Sparse:26:
In file included from /scratch/tacc/apps/intel19/eigen/3.4.0/include/eigen3/Eigen/SparseCore:11:
In file included from /scratch/tacc/apps/intel19/eigen/3.4.0/include/eigen3/Eigen/Core:345:
/scratch/tacc/apps/intel19/eigen/3.4.0/include/eigen3/Eigen/src/Core/BandMatrix.h:100:24: warning: use of old-style cast [-Wold-style-cast]
  100 |                      : EIGEN_SIZE_MIN_PREFER_DYNAMIC(RowsAtCompileTime, ColsAtCompileTime - ActualIndex))
      |                        ^                                                ~~~~~~~~~~~~~~~~~
/scratch/tacc/apps/intel19/eigen/3.4.0/include/eigen3/Eigen/src/Core/util/Macros.h:1294:61: note: expanded from macro 'EIGEN_SIZE_MIN_PREFER_DYNAMIC'
 1294 | #define EIGEN_SIZE_MIN_PREFER_DYNAMIC(a,b) (((int)a == 0 || (int)b == 0) ? 0 \
      |                                                             ^    ~
In file included from chemistrySolver/canteraChemistrySolvers.C:27:
In file included from lnInclude/canteraChemistryModel.H:209:
In file included from lnInclude/canteraChemistryModelI.H:35:
In file included from /work/09629/m_hland10/ls6/cantera/include/cantera/kinetics/Kinetics.h:14:
In file included from /work/09629/m_hland10/ls6/cantera/include/cantera/kinetics/StoichManager.h:11:
In file included from /work/09629/m_hland10/ls6/cantera/include/cantera/numerics/eigen_sparse.h:12:
In file included from /scratch/tacc/apps/intel19/eigen/3.4.0/include/eigen3/Eigen/Sparse:26:
In file included from /scratch/tacc/apps/intel19/eigen/3.4.0/include/eigen3/Eigen/SparseCore:11:
In file included from /scratch/tacc/apps/intel19/eigen/3.4.0/include/eigen3/Eigen/Core:345:
/scratch/tacc/apps/intel19/eigen/3.4.0/include/eigen3/Eigen/src/Core/BandMatrix.h:100:24: warning: use of old-style cast [-Wold-style-cast]
  100 |                      : EIGEN_SIZE_MIN_PREFER_DYNAMIC(RowsAtCompileTime, ColsAtCompileTime - ActualIndex))
      |                        ^                             ~~~~~~~~~~~~~~~~~
/scratch/tacc/apps/intel19/eigen/3.4.0/include/eigen3/Eigen/src/Core/util/Macros.h:1295:31: note: expanded from macro 'EIGEN_SIZE_MIN_PREFER_DYNAMIC'
 1295 |                            : ((int)a == 1 || (int)b == 1) ? 1 \
      |                               ^    ~
In file included from chemistrySolver/canteraChemistrySolvers.C:27:
In file included from lnInclude/canteraChemistryModel.H:209:
In file included from lnInclude/canteraChemistryModelI.H:35:
In file included from /work/09629/m_hland10/ls6/cantera/include/cantera/kinetics/Kinetics.h:14:
In file included from /work/09629/m_hland10/ls6/cantera/include/cantera/kinetics/StoichManager.h:11:
In file included from /work/09629/m_hland10/ls6/cantera/include/cantera/numerics/eigen_sparse.h:12:
In file included from /scratch/tacc/apps/intel19/eigen/3.4.0/include/eigen3/Eigen/Sparse:26:
In file included from /scratch/tacc/apps/intel19/eigen/3.4.0/include/eigen3/Eigen/SparseCore:11:
In file included from /scratch/tacc/apps/intel19/eigen/3.4.0/include/eigen3/Eigen/Core:345:
/scratch/tacc/apps/intel19/eigen/3.4.0/include/eigen3/Eigen/src/Core/BandMatrix.h:100:24: warning: use of old-style cast [-Wold-style-cast]
  100 |                      : EIGEN_SIZE_MIN_PREFER_DYNAMIC(RowsAtCompileTime, ColsAtCompileTime - ActualIndex))
      |                        ^                                                ~~~~~~~~~~~~~~~~~
/scratch/tacc/apps/intel19/eigen/3.4.0/include/eigen3/Eigen/src/Core/util/Macros.h:1295:46: note: expanded from macro 'EIGEN_SIZE_MIN_PREFER_DYNAMIC'
 1295 |                            : ((int)a == 1 || (int)b == 1) ? 1 \
      |                                              ^    ~
In file included from chemistrySolver/canteraChemistrySolvers.C:27:
In file included from lnInclude/canteraChemistryModel.H:209:
In file included from lnInclude/canteraChemistryModelI.H:35:
In file included from /work/09629/m_hland10/ls6/cantera/include/cantera/kinetics/Kinetics.h:14:
In file included from /work/09629/m_hland10/ls6/cantera/include/cantera/kinetics/StoichManager.h:11:
In file included from /work/09629/m_hland10/ls6/cantera/include/cantera/numerics/eigen_sparse.h:12:
In file included from /scratch/tacc/apps/intel19/eigen/3.4.0/include/eigen3/Eigen/Sparse:26:
In file included from /scratch/tacc/apps/intel19/eigen/3.4.0/include/eigen3/Eigen/SparseCore:11:
In file included from /scratch/tacc/apps/intel19/eigen/3.4.0/include/eigen3/Eigen/Core:345:
/scratch/tacc/apps/intel19/eigen/3.4.0/include/eigen3/Eigen/src/Core/BandMatrix.h:100:24: warning: use of old-style cast [-Wold-style-cast]
  100 |                      : EIGEN_SIZE_MIN_PREFER_DYNAMIC(RowsAtCompileTime, ColsAtCompileTime - ActualIndex))
      |                        ^                             ~~~~~~~~~~~~~~~~~
/scratch/tacc/apps/intel19/eigen/3.4.0/include/eigen3/Eigen/src/Core/util/Macros.h:1296:31: note: expanded from macro 'EIGEN_SIZE_MIN_PREFER_DYNAMIC'
 1296 |                            : ((int)a == Dynamic || (int)b == Dynamic) ? Dynamic \
      |                               ^    ~
In file included from chemistrySolver/canteraChemistrySolvers.C:27:
In file included from lnInclude/canteraChemistryModel.H:209:
In file included from lnInclude/canteraChemistryModelI.H:35:
In file included from /work/09629/m_hland10/ls6/cantera/include/cantera/kinetics/Kinetics.h:14:
In file included from /work/09629/m_hland10/ls6/cantera/include/cantera/kinetics/StoichManager.h:11:
In file included from /work/09629/m_hland10/ls6/cantera/include/cantera/numerics/eigen_sparse.h:12:
In file included from /scratch/tacc/apps/intel19/eigen/3.4.0/include/eigen3/Eigen/Sparse:26:
In file included from /scratch/tacc/apps/intel19/eigen/3.4.0/include/eigen3/Eigen/SparseCore:11:
In file included from /scratch/tacc/apps/intel19/eigen/3.4.0/include/eigen3/Eigen/Core:345:
/scratch/tacc/apps/intel19/eigen/3.4.0/include/eigen3/Eigen/src/Core/BandMatrix.h:100:24: warning: use of old-style cast [-Wold-style-cast]
  100 |                      : EIGEN_SIZE_MIN_PREFER_DYNAMIC(RowsAtCompileTime, ColsAtCompileTime - ActualIndex))
      |                        ^                                                ~~~~~~~~~~~~~~~~~
/scratch/tacc/apps/intel19/eigen/3.4.0/include/eigen3/Eigen/src/Core/util/Macros.h:1296:52: note: expanded from macro 'EIGEN_SIZE_MIN_PREFER_DYNAMIC'
 1296 |                            : ((int)a == Dynamic || (int)b == Dynamic) ? Dynamic \
      |                                                    ^    ~
In file included from chemistrySolver/canteraChemistrySolvers.C:27:
In file included from lnInclude/canteraChemistryModel.H:209:
In file included from lnInclude/canteraChemistryModelI.H:35:
In file included from /work/09629/m_hland10/ls6/cantera/include/cantera/kinetics/Kinetics.h:14:
In file included from /work/09629/m_hland10/ls6/cantera/include/cantera/kinetics/StoichManager.h:11:
In file included from /work/09629/m_hland10/ls6/cantera/include/cantera/numerics/eigen_sparse.h:12:
In file included from /scratch/tacc/apps/intel19/eigen/3.4.0/include/eigen3/Eigen/Sparse:26:
In file included from /scratch/tacc/apps/intel19/eigen/3.4.0/include/eigen3/Eigen/SparseCore:11:
In file included from /scratch/tacc/apps/intel19/eigen/3.4.0/include/eigen3/Eigen/Core:345:
/scratch/tacc/apps/intel19/eigen/3.4.0/include/eigen3/Eigen/src/Core/BandMatrix.h:100:24: warning: use of old-style cast [-Wold-style-cast]
  100 |                      : EIGEN_SIZE_MIN_PREFER_DYNAMIC(RowsAtCompileTime, ColsAtCompileTime - ActualIndex))
      |                        ^                             ~~~~~~~~~~~~~~~~~
/scratch/tacc/apps/intel19/eigen/3.4.0/include/eigen3/Eigen/src/Core/util/Macros.h:1297:31: note: expanded from macro 'EIGEN_SIZE_MIN_PREFER_DYNAMIC'
 1297 |                            : ((int)a <= (int)b) ? (int)a : (int)b)
      |                               ^    ~
In file included from chemistrySolver/canteraChemistrySolvers.C:27:
In file included from lnInclude/canteraChemistryModel.H:209:
In file included from lnInclude/canteraChemistryModelI.H:35:
In file included from /work/09629/m_hland10/ls6/cantera/include/cantera/kinetics/Kinetics.h:14:
In file included from /work/09629/m_hland10/ls6/cantera/include/cantera/kinetics/StoichManager.h:11:
In file included from /work/09629/m_hland10/ls6/cantera/include/cantera/numerics/eigen_sparse.h:12:
In file included from /scratch/tacc/apps/intel19/eigen/3.4.0/include/eigen3/Eigen/Sparse:26:
In file included from /scratch/tacc/apps/intel19/eigen/3.4.0/include/eigen3/Eigen/SparseCore:11:
In file included from /scratch/tacc/apps/intel19/eigen/3.4.0/include/eigen3/Eigen/Core:345:
/scratch/tacc/apps/intel19/eigen/3.4.0/include/eigen3/Eigen/src/Core/BandMatrix.h:100:24: warning: use of old-style cast [-Wold-style-cast]
  100 |                      : EIGEN_SIZE_MIN_PREFER_DYNAMIC(RowsAtCompileTime, ColsAtCompileTime - ActualIndex))
      |                        ^                                                ~~~~~~~~~~~~~~~~~
/scratch/tacc/apps/intel19/eigen/3.4.0/include/eigen3/Eigen/src/Core/util/Macros.h:1297:41: note: expanded from macro 'EIGEN_SIZE_MIN_PREFER_DYNAMIC'
 1297 |                            : ((int)a <= (int)b) ? (int)a : (int)b)
      |                                         ^    ~
In file included from chemistrySolver/canteraChemistrySolvers.C:27:
In file included from lnInclude/canteraChemistryModel.H:209:
In file included from lnInclude/canteraChemistryModelI.H:35:
In file included from /work/09629/m_hland10/ls6/cantera/include/cantera/kinetics/Kinetics.h:14:
In file included from /work/09629/m_hland10/ls6/cantera/include/cantera/kinetics/StoichManager.h:11:
In file included from /work/09629/m_hland10/ls6/cantera/include/cantera/numerics/eigen_sparse.h:12:
In file included from /scratch/tacc/apps/intel19/eigen/3.4.0/include/eigen3/Eigen/Sparse:26:
In file included from /scratch/tacc/apps/intel19/eigen/3.4.0/include/eigen3/Eigen/SparseCore:11:
In file included from /scratch/tacc/apps/intel19/eigen/3.4.0/include/eigen3/Eigen/Core:345:
/scratch/tacc/apps/intel19/eigen/3.4.0/include/eigen3/Eigen/src/Core/BandMatrix.h:100:24: warning: use of old-style cast [-Wold-style-cast]
  100 |                      : EIGEN_SIZE_MIN_PREFER_DYNAMIC(RowsAtCompileTime, ColsAtCompileTime - ActualIndex))
      |                        ^                             ~~~~~~~~~~~~~~~~~
/scratch/tacc/apps/intel19/eigen/3.4.0/include/eigen3/Eigen/src/Core/util/Macros.h:1297:51: note: expanded from macro 'EIGEN_SIZE_MIN_PREFER_DYNAMIC'
 1297 |                            : ((int)a <= (int)b) ? (int)a : (int)b)
      |                                                   ^    ~
In file included from chemistrySolver/canteraChemistrySolvers.C:27:
In file included from lnInclude/canteraChemistryModel.H:209:
In file included from lnInclude/canteraChemistryModelI.H:35:
In file included from /work/09629/m_hland10/ls6/cantera/include/cantera/kinetics/Kinetics.h:14:
In file included from /work/09629/m_hland10/ls6/cantera/include/cantera/kinetics/StoichManager.h:11:
In file included from /work/09629/m_hland10/ls6/cantera/include/cantera/numerics/eigen_sparse.h:12:
In file included from /scratch/tacc/apps/intel19/eigen/3.4.0/include/eigen3/Eigen/Sparse:26:
In file included from /scratch/tacc/apps/intel19/eigen/3.4.0/include/eigen3/Eigen/SparseCore:11:
In file included from /scratch/tacc/apps/intel19/eigen/3.4.0/include/eigen3/Eigen/Core:345:
/scratch/tacc/apps/intel19/eigen/3.4.0/include/eigen3/Eigen/src/Core/BandMatrix.h:100:24: warning: use of old-style cast [-Wold-style-cast]
  100 |                      : EIGEN_SIZE_MIN_PREFER_DYNAMIC(RowsAtCompileTime, ColsAtCompileTime - ActualIndex))
      |                        ^                                                ~~~~~~~~~~~~~~~~~
/scratch/tacc/apps/intel19/eigen/3.4.0/include/eigen3/Eigen/src/Core/util/Macros.h:1297:60: note: expanded from macro 'EIGEN_SIZE_MIN_PREFER_DYNAMIC'
 1297 |                            : ((int)a <= (int)b) ? (int)a : (int)b)
      |                                                            ^    ~
In file included from chemistrySolver/canteraChemistrySolvers.C:27:
In file included from lnInclude/canteraChemistryModel.H:209:
In file included from lnInclude/canteraChemistryModelI.H:35:
In file included from /work/09629/m_hland10/ls6/cantera/include/cantera/kinetics/Kinetics.h:14:
In file included from /work/09629/m_hland10/ls6/cantera/include/cantera/kinetics/StoichManager.h:11:
In file included from /work/09629/m_hland10/ls6/cantera/include/cantera/numerics/eigen_sparse.h:12:
In file included from /scratch/tacc/apps/intel19/eigen/3.4.0/include/eigen3/Eigen/Sparse:26:
In file included from /scratch/tacc/apps/intel19/eigen/3.4.0/include/eigen3/Eigen/SparseCore:11:
In file included from /scratch/tacc/apps/intel19/eigen/3.4.0/include/eigen3/Eigen/Core:356:
/scratch/tacc/apps/intel19/eigen/3.4.0/include/eigen3/Eigen/src/Core/Select.h:46:13: warning: use of old-style cast [-Wold-style-cast]
   46 |     Flags = (unsigned int)ThenMatrixType::Flags & ElseMatrixType::Flags & RowMajorBit
      |             ^             ~~~~~~~~~~~~~~~~~~~~~
In file included from chemistrySolver/canteraChemistrySolvers.C:27:
In file included from lnInclude/canteraChemistryModel.H:209:
In file included from lnInclude/canteraChemistryModelI.H:35:
In file included from /work/09629/m_hland10/ls6/cantera/include/cantera/kinetics/Kinetics.h:14:
In file included from /work/09629/m_hland10/ls6/cantera/include/cantera/kinetics/StoichManager.h:11:
In file included from /work/09629/m_hland10/ls6/cantera/include/cantera/numerics/eigen_sparse.h:12:
In file included from /scratch/tacc/apps/intel19/eigen/3.4.0/include/eigen3/Eigen/Sparse:26:
In file included from /scratch/tacc/apps/intel19/eigen/3.4.0/include/eigen3/Eigen/SparseCore:36:
/scratch/tacc/apps/intel19/eigen/3.4.0/include/eigen3/Eigen/src/SparseCore/SparseUtil.h:68:26: warning: use of old-style cast [-Wold-style-cast]
   68 |          int InnerSize = EIGEN_SIZE_MIN_PREFER_FIXED(internal::traits<Lhs>::ColsAtCompileTime,internal::traits<Rhs>::RowsAtCompileTime)> struct DenseSparseProductReturnType;
      |                          ^                           ~~~~~~~~~~~~~~~~~~~~~~~~~~~~~~~~~~~~~~~~
/scratch/tacc/apps/intel19/eigen/3.4.0/include/eigen3/Eigen/src/Core/util/Macros.h:1302:45: note: expanded from macro 'EIGEN_SIZE_MIN_PREFER_FIXED'
 1302 | #define EIGEN_SIZE_MIN_PREFER_FIXED(a,b)  (((int)a == 0 || (int)b == 0) ? 0 \
      |                                             ^    ~
In file included from chemistrySolver/canteraChemistrySolvers.C:27:
In file included from lnInclude/canteraChemistryModel.H:209:
In file included from lnInclude/canteraChemistryModelI.H:35:
In file included from /work/09629/m_hland10/ls6/cantera/include/cantera/kinetics/Kinetics.h:14:
In file included from /work/09629/m_hland10/ls6/cantera/include/cantera/kinetics/StoichManager.h:11:
In file included from /work/09629/m_hland10/ls6/cantera/include/cantera/numerics/eigen_sparse.h:12:
In file included from /scratch/tacc/apps/intel19/eigen/3.4.0/include/eigen3/Eigen/Sparse:26:
In file included from /scratch/tacc/apps/intel19/eigen/3.4.0/include/eigen3/Eigen/SparseCore:36:
/scratch/tacc/apps/intel19/eigen/3.4.0/include/eigen3/Eigen/src/SparseCore/SparseUtil.h:68:26: warning: use of old-style cast [-Wold-style-cast]
   68 |          int InnerSize = EIGEN_SIZE_MIN_PREFER_FIXED(internal::traits<Lhs>::ColsAtCompileTime,internal::traits<Rhs>::RowsAtCompileTime)> struct DenseSparseProductReturnType;
      |                          ^                                                                    ~~~~~~~~~~~~~~~~~~~~~~~~~~~~~~~~~~~~~~~~
/scratch/tacc/apps/intel19/eigen/3.4.0/include/eigen3/Eigen/src/Core/util/Macros.h:1302:60: note: expanded from macro 'EIGEN_SIZE_MIN_PREFER_FIXED'
 1302 | #define EIGEN_SIZE_MIN_PREFER_FIXED(a,b)  (((int)a == 0 || (int)b == 0) ? 0 \
      |                                                            ^    ~
In file included from chemistrySolver/canteraChemistrySolvers.C:27:
In file included from lnInclude/canteraChemistryModel.H:209:
In file included from lnInclude/canteraChemistryModelI.H:35:
In file included from /work/09629/m_hland10/ls6/cantera/include/cantera/kinetics/Kinetics.h:14:
In file included from /work/09629/m_hland10/ls6/cantera/include/cantera/kinetics/StoichManager.h:11:
In file included from /work/09629/m_hland10/ls6/cantera/include/cantera/numerics/eigen_sparse.h:12:
In file included from /scratch/tacc/apps/intel19/eigen/3.4.0/include/eigen3/Eigen/Sparse:26:
In file included from /scratch/tacc/apps/intel19/eigen/3.4.0/include/eigen3/Eigen/SparseCore:36:
/scratch/tacc/apps/intel19/eigen/3.4.0/include/eigen3/Eigen/src/SparseCore/SparseUtil.h:68:26: warning: use of old-style cast [-Wold-style-cast]
   68 |          int InnerSize = EIGEN_SIZE_MIN_PREFER_FIXED(internal::traits<Lhs>::ColsAtCompileTime,internal::traits<Rhs>::RowsAtCompileTime)> struct DenseSparseProductReturnType;
      |                          ^                           ~~~~~~~~~~~~~~~~~~~~~~~~~~~~~~~~~~~~~~~~
/scratch/tacc/apps/intel19/eigen/3.4.0/include/eigen3/Eigen/src/Core/util/Macros.h:1303:31: note: expanded from macro 'EIGEN_SIZE_MIN_PREFER_FIXED'
 1303 |                            : ((int)a == 1 || (int)b == 1) ? 1 \
      |                               ^    ~
In file included from chemistrySolver/canteraChemistrySolvers.C:27:
In file included from lnInclude/canteraChemistryModel.H:209:
In file included from lnInclude/canteraChemistryModelI.H:35:
In file included from /work/09629/m_hland10/ls6/cantera/include/cantera/kinetics/Kinetics.h:14:
In file included from /work/09629/m_hland10/ls6/cantera/include/cantera/kinetics/StoichManager.h:11:
In file included from /work/09629/m_hland10/ls6/cantera/include/cantera/numerics/eigen_sparse.h:12:
In file included from /scratch/tacc/apps/intel19/eigen/3.4.0/include/eigen3/Eigen/Sparse:26:
In file included from /scratch/tacc/apps/intel19/eigen/3.4.0/include/eigen3/Eigen/SparseCore:36:
/scratch/tacc/apps/intel19/eigen/3.4.0/include/eigen3/Eigen/src/SparseCore/SparseUtil.h:68:26: warning: use of old-style cast [-Wold-style-cast]
   68 |          int InnerSize = EIGEN_SIZE_MIN_PREFER_FIXED(internal::traits<Lhs>::ColsAtCompileTime,internal::traits<Rhs>::RowsAtCompileTime)> struct DenseSparseProductReturnType;
      |                          ^                                                                    ~~~~~~~~~~~~~~~~~~~~~~~~~~~~~~~~~~~~~~~~
/scratch/tacc/apps/intel19/eigen/3.4.0/include/eigen3/Eigen/src/Core/util/Macros.h:1303:46: note: expanded from macro 'EIGEN_SIZE_MIN_PREFER_FIXED'
 1303 |                            : ((int)a == 1 || (int)b == 1) ? 1 \
      |                                              ^    ~
In file included from chemistrySolver/canteraChemistrySolvers.C:27:
In file included from lnInclude/canteraChemistryModel.H:209:
In file included from lnInclude/canteraChemistryModelI.H:35:
In file included from /work/09629/m_hland10/ls6/cantera/include/cantera/kinetics/Kinetics.h:14:
In file included from /work/09629/m_hland10/ls6/cantera/include/cantera/kinetics/StoichManager.h:11:
In file included from /work/09629/m_hland10/ls6/cantera/include/cantera/numerics/eigen_sparse.h:12:
In file included from /scratch/tacc/apps/intel19/eigen/3.4.0/include/eigen3/Eigen/Sparse:26:
In file included from /scratch/tacc/apps/intel19/eigen/3.4.0/include/eigen3/Eigen/SparseCore:36:
/scratch/tacc/apps/intel19/eigen/3.4.0/include/eigen3/Eigen/src/SparseCore/SparseUtil.h:68:26: warning: use of old-style cast [-Wold-style-cast]
   68 |          int InnerSize = EIGEN_SIZE_MIN_PREFER_FIXED(internal::traits<Lhs>::ColsAtCompileTime,internal::traits<Rhs>::RowsAtCompileTime)> struct DenseSparseProductReturnType;
      |                          ^                           ~~~~~~~~~~~~~~~~~~~~~~~~~~~~~~~~~~~~~~~~
/scratch/tacc/apps/intel19/eigen/3.4.0/include/eigen3/Eigen/src/Core/util/Macros.h:1304:31: note: expanded from macro 'EIGEN_SIZE_MIN_PREFER_FIXED'
 1304 |                            : ((int)a == Dynamic && (int)b == Dynamic) ? Dynamic \
      |                               ^    ~
In file included from chemistrySolver/canteraChemistrySolvers.C:27:
In file included from lnInclude/canteraChemistryModel.H:209:
In file included from lnInclude/canteraChemistryModelI.H:35:
In file included from /work/09629/m_hland10/ls6/cantera/include/cantera/kinetics/Kinetics.h:14:
In file included from /work/09629/m_hland10/ls6/cantera/include/cantera/kinetics/StoichManager.h:11:
In file included from /work/09629/m_hland10/ls6/cantera/include/cantera/numerics/eigen_sparse.h:12:
In file included from /scratch/tacc/apps/intel19/eigen/3.4.0/include/eigen3/Eigen/Sparse:26:
In file included from /scratch/tacc/apps/intel19/eigen/3.4.0/include/eigen3/Eigen/SparseCore:36:
/scratch/tacc/apps/intel19/eigen/3.4.0/include/eigen3/Eigen/src/SparseCore/SparseUtil.h:68:26: warning: use of old-style cast [-Wold-style-cast]
   68 |          int InnerSize = EIGEN_SIZE_MIN_PREFER_FIXED(internal::traits<Lhs>::ColsAtCompileTime,internal::traits<Rhs>::RowsAtCompileTime)> struct DenseSparseProductReturnType;
      |                          ^                                                                    ~~~~~~~~~~~~~~~~~~~~~~~~~~~~~~~~~~~~~~~~
/scratch/tacc/apps/intel19/eigen/3.4.0/include/eigen3/Eigen/src/Core/util/Macros.h:1304:52: note: expanded from macro 'EIGEN_SIZE_MIN_PREFER_FIXED'
 1304 |                            : ((int)a == Dynamic && (int)b == Dynamic) ? Dynamic \
      |                                                    ^    ~
In file included from chemistrySolver/canteraChemistrySolvers.C:27:
In file included from lnInclude/canteraChemistryModel.H:209:
In file included from lnInclude/canteraChemistryModelI.H:35:
In file included from /work/09629/m_hland10/ls6/cantera/include/cantera/kinetics/Kinetics.h:14:
In file included from /work/09629/m_hland10/ls6/cantera/include/cantera/kinetics/StoichManager.h:11:
In file included from /work/09629/m_hland10/ls6/cantera/include/cantera/numerics/eigen_sparse.h:12:
In file included from /scratch/tacc/apps/intel19/eigen/3.4.0/include/eigen3/Eigen/Sparse:26:
In file included from /scratch/tacc/apps/intel19/eigen/3.4.0/include/eigen3/Eigen/SparseCore:36:
/scratch/tacc/apps/intel19/eigen/3.4.0/include/eigen3/Eigen/src/SparseCore/SparseUtil.h:68:26: warning: use of old-style cast [-Wold-style-cast]
   68 |          int InnerSize = EIGEN_SIZE_MIN_PREFER_FIXED(internal::traits<Lhs>::ColsAtCompileTime,internal::traits<Rhs>::RowsAtCompileTime)> struct DenseSparseProductReturnType;
      |                          ^                           ~~~~~~~~~~~~~~~~~~~~~~~~~~~~~~~~~~~~~~~~
/scratch/tacc/apps/intel19/eigen/3.4.0/include/eigen3/Eigen/src/Core/util/Macros.h:1305:31: note: expanded from macro 'EIGEN_SIZE_MIN_PREFER_FIXED'
 1305 |                            : ((int)a == Dynamic) ? (int)b \
      |                               ^    ~
In file included from chemistrySolver/canteraChemistrySolvers.C:27:
In file included from lnInclude/canteraChemistryModel.H:209:
In file included from lnInclude/canteraChemistryModelI.H:35:
In file included from /work/09629/m_hland10/ls6/cantera/include/cantera/kinetics/Kinetics.h:14:
In file included from /work/09629/m_hland10/ls6/cantera/include/cantera/kinetics/StoichManager.h:11:
In file included from /work/09629/m_hland10/ls6/cantera/include/cantera/numerics/eigen_sparse.h:12:
In file included from /scratch/tacc/apps/intel19/eigen/3.4.0/include/eigen3/Eigen/Sparse:26:
In file included from /scratch/tacc/apps/intel19/eigen/3.4.0/include/eigen3/Eigen/SparseCore:36:
/scratch/tacc/apps/intel19/eigen/3.4.0/include/eigen3/Eigen/src/SparseCore/SparseUtil.h:68:26: warning: use of old-style cast [-Wold-style-cast]
   68 |          int InnerSize = EIGEN_SIZE_MIN_PREFER_FIXED(internal::traits<Lhs>::ColsAtCompileTime,internal::traits<Rhs>::RowsAtCompileTime)> struct DenseSparseProductReturnType;
      |                          ^                                                                    ~~~~~~~~~~~~~~~~~~~~~~~~~~~~~~~~~~~~~~~~
/scratch/tacc/apps/intel19/eigen/3.4.0/include/eigen3/Eigen/src/Core/util/Macros.h:1305:52: note: expanded from macro 'EIGEN_SIZE_MIN_PREFER_FIXED'
 1305 |                            : ((int)a == Dynamic) ? (int)b \
      |                                                    ^    ~
In file included from chemistrySolver/canteraChemistrySolvers.C:27:
In file included from lnInclude/canteraChemistryModel.H:209:
In file included from lnInclude/canteraChemistryModelI.H:35:
In file included from /work/09629/m_hland10/ls6/cantera/include/cantera/kinetics/Kinetics.h:14:
In file included from /work/09629/m_hland10/ls6/cantera/include/cantera/kinetics/StoichManager.h:11:
In file included from /work/09629/m_hland10/ls6/cantera/include/cantera/numerics/eigen_sparse.h:12:
In file included from /scratch/tacc/apps/intel19/eigen/3.4.0/include/eigen3/Eigen/Sparse:26:
In file included from /scratch/tacc/apps/intel19/eigen/3.4.0/include/eigen3/Eigen/SparseCore:36:
/scratch/tacc/apps/intel19/eigen/3.4.0/include/eigen3/Eigen/src/SparseCore/SparseUtil.h:68:26: warning: use of old-style cast [-Wold-style-cast]
   68 |          int InnerSize = EIGEN_SIZE_MIN_PREFER_FIXED(internal::traits<Lhs>::ColsAtCompileTime,internal::traits<Rhs>::RowsAtCompileTime)> struct DenseSparseProductReturnType;
      |                          ^                                                                    ~~~~~~~~~~~~~~~~~~~~~~~~~~~~~~~~~~~~~~~~
/scratch/tacc/apps/intel19/eigen/3.4.0/include/eigen3/Eigen/src/Core/util/Macros.h:1306:31: note: expanded from macro 'EIGEN_SIZE_MIN_PREFER_FIXED'
 1306 |                            : ((int)b == Dynamic) ? (int)a \
      |                               ^    ~
In file included from chemistrySolver/canteraChemistrySolvers.C:27:
In file included from lnInclude/canteraChemistryModel.H:209:
In file included from lnInclude/canteraChemistryModelI.H:35:
In file included from /work/09629/m_hland10/ls6/cantera/include/cantera/kinetics/Kinetics.h:14:
In file included from /work/09629/m_hland10/ls6/cantera/include/cantera/kinetics/StoichManager.h:11:
In file included from /work/09629/m_hland10/ls6/cantera/include/cantera/numerics/eigen_sparse.h:12:
In file included from /scratch/tacc/apps/intel19/eigen/3.4.0/include/eigen3/Eigen/Sparse:26:
In file included from /scratch/tacc/apps/intel19/eigen/3.4.0/include/eigen3/Eigen/SparseCore:36:
/scratch/tacc/apps/intel19/eigen/3.4.0/include/eigen3/Eigen/src/SparseCore/SparseUtil.h:68:26: warning: use of old-style cast [-Wold-style-cast]
   68 |          int InnerSize = EIGEN_SIZE_MIN_PREFER_FIXED(internal::traits<Lhs>::ColsAtCompileTime,internal::traits<Rhs>::RowsAtCompileTime)> struct DenseSparseProductReturnType;
      |                          ^                           ~~~~~~~~~~~~~~~~~~~~~~~~~~~~~~~~~~~~~~~~
/scratch/tacc/apps/intel19/eigen/3.4.0/include/eigen3/Eigen/src/Core/util/Macros.h:1306:52: note: expanded from macro 'EIGEN_SIZE_MIN_PREFER_FIXED'
 1306 |                            : ((int)b == Dynamic) ? (int)a \
      |                                                    ^    ~
In file included from chemistrySolver/canteraChemistrySolvers.C:27:
In file included from lnInclude/canteraChemistryModel.H:209:
In file included from lnInclude/canteraChemistryModelI.H:35:
In file included from /work/09629/m_hland10/ls6/cantera/include/cantera/kinetics/Kinetics.h:14:
In file included from /work/09629/m_hland10/ls6/cantera/include/cantera/kinetics/StoichManager.h:11:
In file included from /work/09629/m_hland10/ls6/cantera/include/cantera/numerics/eigen_sparse.h:12:
In file included from /scratch/tacc/apps/intel19/eigen/3.4.0/include/eigen3/Eigen/Sparse:26:
In file included from /scratch/tacc/apps/intel19/eigen/3.4.0/include/eigen3/Eigen/SparseCore:36:
/scratch/tacc/apps/intel19/eigen/3.4.0/include/eigen3/Eigen/src/SparseCore/SparseUtil.h:68:26: warning: use of old-style cast [-Wold-style-cast]
   68 |          int InnerSize = EIGEN_SIZE_MIN_PREFER_FIXED(internal::traits<Lhs>::ColsAtCompileTime,internal::traits<Rhs>::RowsAtCompileTime)> struct DenseSparseProductReturnType;
      |                          ^                           ~~~~~~~~~~~~~~~~~~~~~~~~~~~~~~~~~~~~~~~~
/scratch/tacc/apps/intel19/eigen/3.4.0/include/eigen3/Eigen/src/Core/util/Macros.h:1307:31: note: expanded from macro 'EIGEN_SIZE_MIN_PREFER_FIXED'
 1307 |                            : ((int)a <= (int)b) ? (int)a : (int)b)
      |                               ^    ~
In file included from chemistrySolver/canteraChemistrySolvers.C:27:
In file included from lnInclude/canteraChemistryModel.H:209:
In file included from lnInclude/canteraChemistryModelI.H:35:
In file included from /work/09629/m_hland10/ls6/cantera/include/cantera/kinetics/Kinetics.h:14:
In file included from /work/09629/m_hland10/ls6/cantera/include/cantera/kinetics/StoichManager.h:11:
In file included from /work/09629/m_hland10/ls6/cantera/include/cantera/numerics/eigen_sparse.h:12:
In file included from /scratch/tacc/apps/intel19/eigen/3.4.0/include/eigen3/Eigen/Sparse:26:
In file included from /scratch/tacc/apps/intel19/eigen/3.4.0/include/eigen3/Eigen/SparseCore:36:
/scratch/tacc/apps/intel19/eigen/3.4.0/include/eigen3/Eigen/src/SparseCore/SparseUtil.h:68:26: warning: use of old-style cast [-Wold-style-cast]
   68 |          int InnerSize = EIGEN_SIZE_MIN_PREFER_FIXED(internal::traits<Lhs>::ColsAtCompileTime,internal::traits<Rhs>::RowsAtCompileTime)> struct DenseSparseProductReturnType;
      |                          ^                                                                    ~~~~~~~~~~~~~~~~~~~~~~~~~~~~~~~~~~~~~~~~
/scratch/tacc/apps/intel19/eigen/3.4.0/include/eigen3/Eigen/src/Core/util/Macros.h:1307:41: note: expanded from macro 'EIGEN_SIZE_MIN_PREFER_FIXED'
 1307 |                            : ((int)a <= (int)b) ? (int)a : (int)b)
      |                                         ^    ~
In file included from chemistrySolver/canteraChemistrySolvers.C:27:
In file included from lnInclude/canteraChemistryModel.H:209:
In file included from lnInclude/canteraChemistryModelI.H:35:
In file included from /work/09629/m_hland10/ls6/cantera/include/cantera/kinetics/Kinetics.h:14:
In file included from /work/09629/m_hland10/ls6/cantera/include/cantera/kinetics/StoichManager.h:11:
In file included from /work/09629/m_hland10/ls6/cantera/include/cantera/numerics/eigen_sparse.h:12:
In file included from /scratch/tacc/apps/intel19/eigen/3.4.0/include/eigen3/Eigen/Sparse:26:
In file included from /scratch/tacc/apps/intel19/eigen/3.4.0/include/eigen3/Eigen/SparseCore:36:
/scratch/tacc/apps/intel19/eigen/3.4.0/include/eigen3/Eigen/src/SparseCore/SparseUtil.h:68:26: warning: use of old-style cast [-Wold-style-cast]
   68 |          int InnerSize = EIGEN_SIZE_MIN_PREFER_FIXED(internal::traits<Lhs>::ColsAtCompileTime,internal::traits<Rhs>::RowsAtCompileTime)> struct DenseSparseProductReturnType;
      |                          ^                           ~~~~~~~~~~~~~~~~~~~~~~~~~~~~~~~~~~~~~~~~
/scratch/tacc/apps/intel19/eigen/3.4.0/include/eigen3/Eigen/src/Core/util/Macros.h:1307:51: note: expanded from macro 'EIGEN_SIZE_MIN_PREFER_FIXED'
 1307 |                            : ((int)a <= (int)b) ? (int)a : (int)b)
      |                                                   ^    ~
In file included from chemistrySolver/canteraChemistrySolvers.C:27:
In file included from lnInclude/canteraChemistryModel.H:209:
In file included from lnInclude/canteraChemistryModelI.H:35:
In file included from /work/09629/m_hland10/ls6/cantera/include/cantera/kinetics/Kinetics.h:14:
In file included from /work/09629/m_hland10/ls6/cantera/include/cantera/kinetics/StoichManager.h:11:
In file included from /work/09629/m_hland10/ls6/cantera/include/cantera/numerics/eigen_sparse.h:12:
In file included from /scratch/tacc/apps/intel19/eigen/3.4.0/include/eigen3/Eigen/Sparse:26:
In file included from /scratch/tacc/apps/intel19/eigen/3.4.0/include/eigen3/Eigen/SparseCore:36:
/scratch/tacc/apps/intel19/eigen/3.4.0/include/eigen3/Eigen/src/SparseCore/SparseUtil.h:68:26: warning: use of old-style cast [-Wold-style-cast]
   68 |          int InnerSize = EIGEN_SIZE_MIN_PREFER_FIXED(internal::traits<Lhs>::ColsAtCompileTime,internal::traits<Rhs>::RowsAtCompileTime)> struct DenseSparseProductReturnType;
      |                          ^                                                                    ~~~~~~~~~~~~~~~~~~~~~~~~~~~~~~~~~~~~~~~~
/scratch/tacc/apps/intel19/eigen/3.4.0/include/eigen3/Eigen/src/Core/util/Macros.h:1307:60: note: expanded from macro 'EIGEN_SIZE_MIN_PREFER_FIXED'
 1307 |                            : ((int)a <= (int)b) ? (int)a : (int)b)
      |                                                            ^    ~
In file included from chemistrySolver/canteraChemistrySolvers.C:27:
In file included from lnInclude/canteraChemistryModel.H:209:
In file included from lnInclude/canteraChemistryModelI.H:35:
In file included from /work/09629/m_hland10/ls6/cantera/include/cantera/kinetics/Kinetics.h:14:
In file included from /work/09629/m_hland10/ls6/cantera/include/cantera/kinetics/StoichManager.h:11:
In file included from /work/09629/m_hland10/ls6/cantera/include/cantera/numerics/eigen_sparse.h:12:
In file included from /scratch/tacc/apps/intel19/eigen/3.4.0/include/eigen3/Eigen/Sparse:26:
In file included from /scratch/tacc/apps/intel19/eigen/3.4.0/include/eigen3/Eigen/SparseCore:36:
/scratch/tacc/apps/intel19/eigen/3.4.0/include/eigen3/Eigen/src/SparseCore/SparseUtil.h:71:26: warning: use of old-style cast [-Wold-style-cast]
   71 |          int InnerSize = EIGEN_SIZE_MIN_PREFER_FIXED(internal::traits<Lhs>::ColsAtCompileTime,internal::traits<Rhs>::RowsAtCompileTime)> struct SparseDenseProductReturnType;
      |                          ^                           ~~~~~~~~~~~~~~~~~~~~~~~~~~~~~~~~~~~~~~~~
/scratch/tacc/apps/intel19/eigen/3.4.0/include/eigen3/Eigen/src/Core/util/Macros.h:1302:45: note: expanded from macro 'EIGEN_SIZE_MIN_PREFER_FIXED'
 1302 | #define EIGEN_SIZE_MIN_PREFER_FIXED(a,b)  (((int)a == 0 || (int)b == 0) ? 0 \
      |                                             ^    ~
In file included from chemistrySolver/canteraChemistrySolvers.C:27:
In file included from lnInclude/canteraChemistryModel.H:209:
In file included from lnInclude/canteraChemistryModelI.H:35:
In file included from /work/09629/m_hland10/ls6/cantera/include/cantera/kinetics/Kinetics.h:14:
In file included from /work/09629/m_hland10/ls6/cantera/include/cantera/kinetics/StoichManager.h:11:
In file included from /work/09629/m_hland10/ls6/cantera/include/cantera/numerics/eigen_sparse.h:12:
In file included from /scratch/tacc/apps/intel19/eigen/3.4.0/include/eigen3/Eigen/Sparse:26:
In file included from /scratch/tacc/apps/intel19/eigen/3.4.0/include/eigen3/Eigen/SparseCore:36:
/scratch/tacc/apps/intel19/eigen/3.4.0/include/eigen3/Eigen/src/SparseCore/SparseUtil.h:71:26: warning: use of old-style cast [-Wold-style-cast]
   71 |          int InnerSize = EIGEN_SIZE_MIN_PREFER_FIXED(internal::traits<Lhs>::ColsAtCompileTime,internal::traits<Rhs>::RowsAtCompileTime)> struct SparseDenseProductReturnType;
      |                          ^                                                                    ~~~~~~~~~~~~~~~~~~~~~~~~~~~~~~~~~~~~~~~~
/scratch/tacc/apps/intel19/eigen/3.4.0/include/eigen3/Eigen/src/Core/util/Macros.h:1302:60: note: expanded from macro 'EIGEN_SIZE_MIN_PREFER_FIXED'
 1302 | #define EIGEN_SIZE_MIN_PREFER_FIXED(a,b)  (((int)a == 0 || (int)b == 0) ? 0 \
      |                                                            ^    ~
In file included from chemistrySolver/canteraChemistrySolvers.C:27:
In file included from lnInclude/canteraChemistryModel.H:209:
In file included from lnInclude/canteraChemistryModelI.H:35:
In file included from /work/09629/m_hland10/ls6/cantera/include/cantera/kinetics/Kinetics.h:14:
In file included from /work/09629/m_hland10/ls6/cantera/include/cantera/kinetics/StoichManager.h:11:
In file included from /work/09629/m_hland10/ls6/cantera/include/cantera/numerics/eigen_sparse.h:12:
In file included from /scratch/tacc/apps/intel19/eigen/3.4.0/include/eigen3/Eigen/Sparse:26:
In file included from /scratch/tacc/apps/intel19/eigen/3.4.0/include/eigen3/Eigen/SparseCore:36:
/scratch/tacc/apps/intel19/eigen/3.4.0/include/eigen3/Eigen/src/SparseCore/SparseUtil.h:71:26: warning: use of old-style cast [-Wold-style-cast]
   71 |          int InnerSize = EIGEN_SIZE_MIN_PREFER_FIXED(internal::traits<Lhs>::ColsAtCompileTime,internal::traits<Rhs>::RowsAtCompileTime)> struct SparseDenseProductReturnType;
      |                          ^                           ~~~~~~~~~~~~~~~~~~~~~~~~~~~~~~~~~~~~~~~~
/scratch/tacc/apps/intel19/eigen/3.4.0/include/eigen3/Eigen/src/Core/util/Macros.h:1303:31: note: expanded from macro 'EIGEN_SIZE_MIN_PREFER_FIXED'
 1303 |                            : ((int)a == 1 || (int)b == 1) ? 1 \
      |                               ^    ~
In file included from chemistrySolver/canteraChemistrySolvers.C:27:
In file included from lnInclude/canteraChemistryModel.H:209:
In file included from lnInclude/canteraChemistryModelI.H:35:
In file included from /work/09629/m_hland10/ls6/cantera/include/cantera/kinetics/Kinetics.h:14:
In file included from /work/09629/m_hland10/ls6/cantera/include/cantera/kinetics/StoichManager.h:11:
In file included from /work/09629/m_hland10/ls6/cantera/include/cantera/numerics/eigen_sparse.h:12:
In file included from /scratch/tacc/apps/intel19/eigen/3.4.0/include/eigen3/Eigen/Sparse:26:
In file included from /scratch/tacc/apps/intel19/eigen/3.4.0/include/eigen3/Eigen/SparseCore:36:
/scratch/tacc/apps/intel19/eigen/3.4.0/include/eigen3/Eigen/src/SparseCore/SparseUtil.h:71:26: warning: use of old-style cast [-Wold-style-cast]
   71 |          int InnerSize = EIGEN_SIZE_MIN_PREFER_FIXED(internal::traits<Lhs>::ColsAtCompileTime,internal::traits<Rhs>::RowsAtCompileTime)> struct SparseDenseProductReturnType;
      |                          ^                                                                    ~~~~~~~~~~~~~~~~~~~~~~~~~~~~~~~~~~~~~~~~
/scratch/tacc/apps/intel19/eigen/3.4.0/include/eigen3/Eigen/src/Core/util/Macros.h:1303:46: note: expanded from macro 'EIGEN_SIZE_MIN_PREFER_FIXED'
 1303 |                            : ((int)a == 1 || (int)b == 1) ? 1 \
      |                                              ^    ~
In file included from chemistrySolver/canteraChemistrySolvers.C:27:
In file included from lnInclude/canteraChemistryModel.H:209:
In file included from lnInclude/canteraChemistryModelI.H:35:
In file included from /work/09629/m_hland10/ls6/cantera/include/cantera/kinetics/Kinetics.h:14:
In file included from /work/09629/m_hland10/ls6/cantera/include/cantera/kinetics/StoichManager.h:11:
In file included from /work/09629/m_hland10/ls6/cantera/include/cantera/numerics/eigen_sparse.h:12:
In file included from /scratch/tacc/apps/intel19/eigen/3.4.0/include/eigen3/Eigen/Sparse:26:
In file included from /scratch/tacc/apps/intel19/eigen/3.4.0/include/eigen3/Eigen/SparseCore:36:
/scratch/tacc/apps/intel19/eigen/3.4.0/include/eigen3/Eigen/src/SparseCore/SparseUtil.h:71:26: warning: use of old-style cast [-Wold-style-cast]
   71 |          int InnerSize = EIGEN_SIZE_MIN_PREFER_FIXED(internal::traits<Lhs>::ColsAtCompileTime,internal::traits<Rhs>::RowsAtCompileTime)> struct SparseDenseProductReturnType;
      |                          ^                           ~~~~~~~~~~~~~~~~~~~~~~~~~~~~~~~~~~~~~~~~
/scratch/tacc/apps/intel19/eigen/3.4.0/include/eigen3/Eigen/src/Core/util/Macros.h:1304:31: note: expanded from macro 'EIGEN_SIZE_MIN_PREFER_FIXED'
 1304 |                            : ((int)a == Dynamic && (int)b == Dynamic) ? Dynamic \
      |                               ^    ~
In file included from chemistrySolver/canteraChemistrySolvers.C:27:
In file included from lnInclude/canteraChemistryModel.H:209:
In file included from lnInclude/canteraChemistryModelI.H:35:
In file included from /work/09629/m_hland10/ls6/cantera/include/cantera/kinetics/Kinetics.h:14:
In file included from /work/09629/m_hland10/ls6/cantera/include/cantera/kinetics/StoichManager.h:11:
In file included from /work/09629/m_hland10/ls6/cantera/include/cantera/numerics/eigen_sparse.h:12:
In file included from /scratch/tacc/apps/intel19/eigen/3.4.0/include/eigen3/Eigen/Sparse:26:
In file included from /scratch/tacc/apps/intel19/eigen/3.4.0/include/eigen3/Eigen/SparseCore:36:
/scratch/tacc/apps/intel19/eigen/3.4.0/include/eigen3/Eigen/src/SparseCore/SparseUtil.h:71:26: warning: use of old-style cast [-Wold-style-cast]
   71 |          int InnerSize = EIGEN_SIZE_MIN_PREFER_FIXED(internal::traits<Lhs>::ColsAtCompileTime,internal::traits<Rhs>::RowsAtCompileTime)> struct SparseDenseProductReturnType;
      |                          ^                                                                    ~~~~~~~~~~~~~~~~~~~~~~~~~~~~~~~~~~~~~~~~
/scratch/tacc/apps/intel19/eigen/3.4.0/include/eigen3/Eigen/src/Core/util/Macros.h:1304:52: note: expanded from macro 'EIGEN_SIZE_MIN_PREFER_FIXED'
 1304 |                            : ((int)a == Dynamic && (int)b == Dynamic) ? Dynamic \
      |                                                    ^    ~
In file included from chemistrySolver/canteraChemistrySolvers.C:27:
In file included from lnInclude/canteraChemistryModel.H:209:
In file included from lnInclude/canteraChemistryModelI.H:35:
In file included from /work/09629/m_hland10/ls6/cantera/include/cantera/kinetics/Kinetics.h:14:
In file included from /work/09629/m_hland10/ls6/cantera/include/cantera/kinetics/StoichManager.h:11:
In file included from /work/09629/m_hland10/ls6/cantera/include/cantera/numerics/eigen_sparse.h:12:
In file included from /scratch/tacc/apps/intel19/eigen/3.4.0/include/eigen3/Eigen/Sparse:26:
In file included from /scratch/tacc/apps/intel19/eigen/3.4.0/include/eigen3/Eigen/SparseCore:36:
/scratch/tacc/apps/intel19/eigen/3.4.0/include/eigen3/Eigen/src/SparseCore/SparseUtil.h:71:26: warning: use of old-style cast [-Wold-style-cast]
   71 |          int InnerSize = EIGEN_SIZE_MIN_PREFER_FIXED(internal::traits<Lhs>::ColsAtCompileTime,internal::traits<Rhs>::RowsAtCompileTime)> struct SparseDenseProductReturnType;
      |                          ^                           ~~~~~~~~~~~~~~~~~~~~~~~~~~~~~~~~~~~~~~~~
/scratch/tacc/apps/intel19/eigen/3.4.0/include/eigen3/Eigen/src/Core/util/Macros.h:1305:31: note: expanded from macro 'EIGEN_SIZE_MIN_PREFER_FIXED'
 1305 |                            : ((int)a == Dynamic) ? (int)b \
      |                               ^    ~
In file included from chemistrySolver/canteraChemistrySolvers.C:27:
In file included from lnInclude/canteraChemistryModel.H:209:
In file included from lnInclude/canteraChemistryModelI.H:35:
In file included from /work/09629/m_hland10/ls6/cantera/include/cantera/kinetics/Kinetics.h:14:
In file included from /work/09629/m_hland10/ls6/cantera/include/cantera/kinetics/StoichManager.h:11:
In file included from /work/09629/m_hland10/ls6/cantera/include/cantera/numerics/eigen_sparse.h:12:
In file included from /scratch/tacc/apps/intel19/eigen/3.4.0/include/eigen3/Eigen/Sparse:26:
In file included from /scratch/tacc/apps/intel19/eigen/3.4.0/include/eigen3/Eigen/SparseCore:36:
/scratch/tacc/apps/intel19/eigen/3.4.0/include/eigen3/Eigen/src/SparseCore/SparseUtil.h:71:26: warning: use of old-style cast [-Wold-style-cast]
   71 |          int InnerSize = EIGEN_SIZE_MIN_PREFER_FIXED(internal::traits<Lhs>::ColsAtCompileTime,internal::traits<Rhs>::RowsAtCompileTime)> struct SparseDenseProductReturnType;
      |                          ^                                                                    ~~~~~~~~~~~~~~~~~~~~~~~~~~~~~~~~~~~~~~~~
/scratch/tacc/apps/intel19/eigen/3.4.0/include/eigen3/Eigen/src/Core/util/Macros.h:1305:52: note: expanded from macro 'EIGEN_SIZE_MIN_PREFER_FIXED'
 1305 |                            : ((int)a == Dynamic) ? (int)b \
      |                                                    ^    ~
In file included from chemistrySolver/canteraChemistrySolvers.C:27:
In file included from lnInclude/canteraChemistryModel.H:209:
In file included from lnInclude/canteraChemistryModelI.H:35:
In file included from /work/09629/m_hland10/ls6/cantera/include/cantera/kinetics/Kinetics.h:14:
In file included from /work/09629/m_hland10/ls6/cantera/include/cantera/kinetics/StoichManager.h:11:
In file included from /work/09629/m_hland10/ls6/cantera/include/cantera/numerics/eigen_sparse.h:12:
In file included from /scratch/tacc/apps/intel19/eigen/3.4.0/include/eigen3/Eigen/Sparse:26:
In file included from /scratch/tacc/apps/intel19/eigen/3.4.0/include/eigen3/Eigen/SparseCore:36:
/scratch/tacc/apps/intel19/eigen/3.4.0/include/eigen3/Eigen/src/SparseCore/SparseUtil.h:71:26: warning: use of old-style cast [-Wold-style-cast]
   71 |          int InnerSize = EIGEN_SIZE_MIN_PREFER_FIXED(internal::traits<Lhs>::ColsAtCompileTime,internal::traits<Rhs>::RowsAtCompileTime)> struct SparseDenseProductReturnType;
      |                          ^                                                                    ~~~~~~~~~~~~~~~~~~~~~~~~~~~~~~~~~~~~~~~~
/scratch/tacc/apps/intel19/eigen/3.4.0/include/eigen3/Eigen/src/Core/util/Macros.h:1306:31: note: expanded from macro 'EIGEN_SIZE_MIN_PREFER_FIXED'
 1306 |                            : ((int)b == Dynamic) ? (int)a \
      |                               ^    ~
In file included from chemistrySolver/canteraChemistrySolvers.C:27:
In file included from lnInclude/canteraChemistryModel.H:209:
In file included from lnInclude/canteraChemistryModelI.H:35:
In file included from /work/09629/m_hland10/ls6/cantera/include/cantera/kinetics/Kinetics.h:14:
In file included from /work/09629/m_hland10/ls6/cantera/include/cantera/kinetics/StoichManager.h:11:
In file included from /work/09629/m_hland10/ls6/cantera/include/cantera/numerics/eigen_sparse.h:12:
In file included from /scratch/tacc/apps/intel19/eigen/3.4.0/include/eigen3/Eigen/Sparse:26:
In file included from /scratch/tacc/apps/intel19/eigen/3.4.0/include/eigen3/Eigen/SparseCore:36:
/scratch/tacc/apps/intel19/eigen/3.4.0/include/eigen3/Eigen/src/SparseCore/SparseUtil.h:71:26: warning: use of old-style cast [-Wold-style-cast]
   71 |          int InnerSize = EIGEN_SIZE_MIN_PREFER_FIXED(internal::traits<Lhs>::ColsAtCompileTime,internal::traits<Rhs>::RowsAtCompileTime)> struct SparseDenseProductReturnType;
      |                          ^                           ~~~~~~~~~~~~~~~~~~~~~~~~~~~~~~~~~~~~~~~~
/scratch/tacc/apps/intel19/eigen/3.4.0/include/eigen3/Eigen/src/Core/util/Macros.h:1306:52: note: expanded from macro 'EIGEN_SIZE_MIN_PREFER_FIXED'
 1306 |                            : ((int)b == Dynamic) ? (int)a \
      |                                                    ^    ~
In file included from chemistrySolver/canteraChemistrySolvers.C:27:
In file included from lnInclude/canteraChemistryModel.H:209:
In file included from lnInclude/canteraChemistryModelI.H:35:
In file included from /work/09629/m_hland10/ls6/cantera/include/cantera/kinetics/Kinetics.h:14:
In file included from /work/09629/m_hland10/ls6/cantera/include/cantera/kinetics/StoichManager.h:11:
In file included from /work/09629/m_hland10/ls6/cantera/include/cantera/numerics/eigen_sparse.h:12:
In file included from /scratch/tacc/apps/intel19/eigen/3.4.0/include/eigen3/Eigen/Sparse:26:
In file included from /scratch/tacc/apps/intel19/eigen/3.4.0/include/eigen3/Eigen/SparseCore:36:
/scratch/tacc/apps/intel19/eigen/3.4.0/include/eigen3/Eigen/src/SparseCore/SparseUtil.h:71:26: warning: use of old-style cast [-Wold-style-cast]
   71 |          int InnerSize = EIGEN_SIZE_MIN_PREFER_FIXED(internal::traits<Lhs>::ColsAtCompileTime,internal::traits<Rhs>::RowsAtCompileTime)> struct SparseDenseProductReturnType;
      |                          ^                           ~~~~~~~~~~~~~~~~~~~~~~~~~~~~~~~~~~~~~~~~
/scratch/tacc/apps/intel19/eigen/3.4.0/include/eigen3/Eigen/src/Core/util/Macros.h:1307:31: note: expanded from macro 'EIGEN_SIZE_MIN_PREFER_FIXED'
 1307 |                            : ((int)a <= (int)b) ? (int)a : (int)b)
      |                               ^    ~
In file included from chemistrySolver/canteraChemistrySolvers.C:27:
In file included from lnInclude/canteraChemistryModel.H:209:
In file included from lnInclude/canteraChemistryModelI.H:35:
In file included from /work/09629/m_hland10/ls6/cantera/include/cantera/kinetics/Kinetics.h:14:
In file included from /work/09629/m_hland10/ls6/cantera/include/cantera/kinetics/StoichManager.h:11:
In file included from /work/09629/m_hland10/ls6/cantera/include/cantera/numerics/eigen_sparse.h:12:
In file included from /scratch/tacc/apps/intel19/eigen/3.4.0/include/eigen3/Eigen/Sparse:26:
In file included from /scratch/tacc/apps/intel19/eigen/3.4.0/include/eigen3/Eigen/SparseCore:36:
/scratch/tacc/apps/intel19/eigen/3.4.0/include/eigen3/Eigen/src/SparseCore/SparseUtil.h:71:26: warning: use of old-style cast [-Wold-style-cast]
   71 |          int InnerSize = EIGEN_SIZE_MIN_PREFER_FIXED(internal::traits<Lhs>::ColsAtCompileTime,internal::traits<Rhs>::RowsAtCompileTime)> struct SparseDenseProductReturnType;
      |                          ^                                                                    ~~~~~~~~~~~~~~~~~~~~~~~~~~~~~~~~~~~~~~~~
/scratch/tacc/apps/intel19/eigen/3.4.0/include/eigen3/Eigen/src/Core/util/Macros.h:1307:41: note: expanded from macro 'EIGEN_SIZE_MIN_PREFER_FIXED'
 1307 |                            : ((int)a <= (int)b) ? (int)a : (int)b)
      |                                         ^    ~
In file included from chemistrySolver/canteraChemistrySolvers.C:27:
In file included from lnInclude/canteraChemistryModel.H:209:
In file included from lnInclude/canteraChemistryModelI.H:35:
In file included from /work/09629/m_hland10/ls6/cantera/include/cantera/kinetics/Kinetics.h:14:
In file included from /work/09629/m_hland10/ls6/cantera/include/cantera/kinetics/StoichManager.h:11:
In file included from /work/09629/m_hland10/ls6/cantera/include/cantera/numerics/eigen_sparse.h:12:
In file included from /scratch/tacc/apps/intel19/eigen/3.4.0/include/eigen3/Eigen/Sparse:26:
In file included from /scratch/tacc/apps/intel19/eigen/3.4.0/include/eigen3/Eigen/SparseCore:36:
/scratch/tacc/apps/intel19/eigen/3.4.0/include/eigen3/Eigen/src/SparseCore/SparseUtil.h:71:26: warning: use of old-style cast [-Wold-style-cast]
   71 |          int InnerSize = EIGEN_SIZE_MIN_PREFER_FIXED(internal::traits<Lhs>::ColsAtCompileTime,internal::traits<Rhs>::RowsAtCompileTime)> struct SparseDenseProductReturnType;
      |                          ^                           ~~~~~~~~~~~~~~~~~~~~~~~~~~~~~~~~~~~~~~~~
/scratch/tacc/apps/intel19/eigen/3.4.0/include/eigen3/Eigen/src/Core/util/Macros.h:1307:51: note: expanded from macro 'EIGEN_SIZE_MIN_PREFER_FIXED'
 1307 |                            : ((int)a <= (int)b) ? (int)a : (int)b)
      |                                                   ^    ~
In file included from chemistrySolver/canteraChemistrySolvers.C:27:
In file included from lnInclude/canteraChemistryModel.H:209:
In file included from lnInclude/canteraChemistryModelI.H:35:
In file included from /work/09629/m_hland10/ls6/cantera/include/cantera/kinetics/Kinetics.h:14:
In file included from /work/09629/m_hland10/ls6/cantera/include/cantera/kinetics/StoichManager.h:11:
In file included from /work/09629/m_hland10/ls6/cantera/include/cantera/numerics/eigen_sparse.h:12:
In file included from /scratch/tacc/apps/intel19/eigen/3.4.0/include/eigen3/Eigen/Sparse:26:
In file included from /scratch/tacc/apps/intel19/eigen/3.4.0/include/eigen3/Eigen/SparseCore:36:
/scratch/tacc/apps/intel19/eigen/3.4.0/include/eigen3/Eigen/src/SparseCore/SparseUtil.h:71:26: warning: use of old-style cast [-Wold-style-cast]
   71 |          int InnerSize = EIGEN_SIZE_MIN_PREFER_FIXED(internal::traits<Lhs>::ColsAtCompileTime,internal::traits<Rhs>::RowsAtCompileTime)> struct SparseDenseProductReturnType;
      |                          ^                                                                    ~~~~~~~~~~~~~~~~~~~~~~~~~~~~~~~~~~~~~~~~
/scratch/tacc/apps/intel19/eigen/3.4.0/include/eigen3/Eigen/src/Core/util/Macros.h:1307:60: note: expanded from macro 'EIGEN_SIZE_MIN_PREFER_FIXED'
 1307 |                            : ((int)a <= (int)b) ? (int)a : (int)b)
      |                                                            ^    ~
In file included from chemistrySolver/canteraChemistrySolvers.C:27:
In file included from lnInclude/canteraChemistryModel.H:209:
In file included from lnInclude/canteraChemistryModelI.H:35:
In file included from /work/09629/m_hland10/ls6/cantera/include/cantera/kinetics/Kinetics.h:14:
In file included from /work/09629/m_hland10/ls6/cantera/include/cantera/kinetics/StoichManager.h:11:
In file included from /work/09629/m_hland10/ls6/cantera/include/cantera/numerics/eigen_sparse.h:12:
In file included from /scratch/tacc/apps/intel19/eigen/3.4.0/include/eigen3/Eigen/Sparse:26:
In file included from /scratch/tacc/apps/intel19/eigen/3.4.0/include/eigen3/Eigen/SparseCore:37:
/scratch/tacc/apps/intel19/eigen/3.4.0/include/eigen3/Eigen/src/SparseCore/SparseMatrixBase.h:140:27: warning: use of old-style cast [-Wold-style-cast]
  140 |     typedef Matrix<Scalar,EIGEN_SIZE_MAX(RowsAtCompileTime,ColsAtCompileTime),
      |                           ^              ~~~~~~~~~~~~~~~~~
/scratch/tacc/apps/intel19/eigen/3.4.0/include/eigen3/Eigen/src/Core/util/Macros.h:1310:31: note: expanded from macro 'EIGEN_SIZE_MAX'
 1310 | #define EIGEN_SIZE_MAX(a,b) (((int)a == Dynamic || (int)b == Dynamic) ? Dynamic \
      |                               ^    ~
In file included from chemistrySolver/canteraChemistrySolvers.C:27:
In file included from lnInclude/canteraChemistryModel.H:209:
In file included from lnInclude/canteraChemistryModelI.H:35:
In file included from /work/09629/m_hland10/ls6/cantera/include/cantera/kinetics/Kinetics.h:14:
In file included from /work/09629/m_hland10/ls6/cantera/include/cantera/kinetics/StoichManager.h:11:
In file included from /work/09629/m_hland10/ls6/cantera/include/cantera/numerics/eigen_sparse.h:12:
In file included from /scratch/tacc/apps/intel19/eigen/3.4.0/include/eigen3/Eigen/Sparse:26:
In file included from /scratch/tacc/apps/intel19/eigen/3.4.0/include/eigen3/Eigen/SparseCore:37:
/scratch/tacc/apps/intel19/eigen/3.4.0/include/eigen3/Eigen/src/SparseCore/SparseMatrixBase.h:140:27: warning: use of old-style cast [-Wold-style-cast]
  140 |     typedef Matrix<Scalar,EIGEN_SIZE_MAX(RowsAtCompileTime,ColsAtCompileTime),
      |                           ^                                ~~~~~~~~~~~~~~~~~
/scratch/tacc/apps/intel19/eigen/3.4.0/include/eigen3/Eigen/src/Core/util/Macros.h:1310:52: note: expanded from macro 'EIGEN_SIZE_MAX'
 1310 | #define EIGEN_SIZE_MAX(a,b) (((int)a == Dynamic || (int)b == Dynamic) ? Dynamic \
      |                                                    ^    ~
In file included from chemistrySolver/canteraChemistrySolvers.C:27:
In file included from lnInclude/canteraChemistryModel.H:209:
In file included from lnInclude/canteraChemistryModelI.H:35:
In file included from /work/09629/m_hland10/ls6/cantera/include/cantera/kinetics/Kinetics.h:14:
In file included from /work/09629/m_hland10/ls6/cantera/include/cantera/kinetics/StoichManager.h:11:
In file included from /work/09629/m_hland10/ls6/cantera/include/cantera/numerics/eigen_sparse.h:12:
In file included from /scratch/tacc/apps/intel19/eigen/3.4.0/include/eigen3/Eigen/Sparse:26:
In file included from /scratch/tacc/apps/intel19/eigen/3.4.0/include/eigen3/Eigen/SparseCore:37:
/scratch/tacc/apps/intel19/eigen/3.4.0/include/eigen3/Eigen/src/SparseCore/SparseMatrixBase.h:140:27: warning: use of old-style cast [-Wold-style-cast]
  140 |     typedef Matrix<Scalar,EIGEN_SIZE_MAX(RowsAtCompileTime,ColsAtCompileTime),
      |                           ^              ~~~~~~~~~~~~~~~~~
/scratch/tacc/apps/intel19/eigen/3.4.0/include/eigen3/Eigen/src/Core/util/Macros.h:1311:31: note: expanded from macro 'EIGEN_SIZE_MAX'
 1311 |                            : ((int)a >= (int)b) ? (int)a : (int)b)
      |                               ^    ~
In file included from chemistrySolver/canteraChemistrySolvers.C:27:
In file included from lnInclude/canteraChemistryModel.H:209:
In file included from lnInclude/canteraChemistryModelI.H:35:
In file included from /work/09629/m_hland10/ls6/cantera/include/cantera/kinetics/Kinetics.h:14:
In file included from /work/09629/m_hland10/ls6/cantera/include/cantera/kinetics/StoichManager.h:11:
In file included from /work/09629/m_hland10/ls6/cantera/include/cantera/numerics/eigen_sparse.h:12:
In file included from /scratch/tacc/apps/intel19/eigen/3.4.0/include/eigen3/Eigen/Sparse:26:
In file included from /scratch/tacc/apps/intel19/eigen/3.4.0/include/eigen3/Eigen/SparseCore:37:
/scratch/tacc/apps/intel19/eigen/3.4.0/include/eigen3/Eigen/src/SparseCore/SparseMatrixBase.h:140:27: warning: use of old-style cast [-Wold-style-cast]
  140 |     typedef Matrix<Scalar,EIGEN_SIZE_MAX(RowsAtCompileTime,ColsAtCompileTime),
      |                           ^                                ~~~~~~~~~~~~~~~~~
/scratch/tacc/apps/intel19/eigen/3.4.0/include/eigen3/Eigen/src/Core/util/Macros.h:1311:41: note: expanded from macro 'EIGEN_SIZE_MAX'
 1311 |                            : ((int)a >= (int)b) ? (int)a : (int)b)
      |                                         ^    ~
In file included from chemistrySolver/canteraChemistrySolvers.C:27:
In file included from lnInclude/canteraChemistryModel.H:209:
In file included from lnInclude/canteraChemistryModelI.H:35:
In file included from /work/09629/m_hland10/ls6/cantera/include/cantera/kinetics/Kinetics.h:14:
In file included from /work/09629/m_hland10/ls6/cantera/include/cantera/kinetics/StoichManager.h:11:
In file included from /work/09629/m_hland10/ls6/cantera/include/cantera/numerics/eigen_sparse.h:12:
In file included from /scratch/tacc/apps/intel19/eigen/3.4.0/include/eigen3/Eigen/Sparse:26:
In file included from /scratch/tacc/apps/intel19/eigen/3.4.0/include/eigen3/Eigen/SparseCore:37:
/scratch/tacc/apps/intel19/eigen/3.4.0/include/eigen3/Eigen/src/SparseCore/SparseMatrixBase.h:140:27: warning: use of old-style cast [-Wold-style-cast]
  140 |     typedef Matrix<Scalar,EIGEN_SIZE_MAX(RowsAtCompileTime,ColsAtCompileTime),
      |                           ^              ~~~~~~~~~~~~~~~~~
/scratch/tacc/apps/intel19/eigen/3.4.0/include/eigen3/Eigen/src/Core/util/Macros.h:1311:51: note: expanded from macro 'EIGEN_SIZE_MAX'
 1311 |                            : ((int)a >= (int)b) ? (int)a : (int)b)
      |                                                   ^    ~
In file included from chemistrySolver/canteraChemistrySolvers.C:27:
In file included from lnInclude/canteraChemistryModel.H:209:
In file included from lnInclude/canteraChemistryModelI.H:35:
In file included from /work/09629/m_hland10/ls6/cantera/include/cantera/kinetics/Kinetics.h:14:
In file included from /work/09629/m_hland10/ls6/cantera/include/cantera/kinetics/StoichManager.h:11:
In file included from /work/09629/m_hland10/ls6/cantera/include/cantera/numerics/eigen_sparse.h:12:
In file included from /scratch/tacc/apps/intel19/eigen/3.4.0/include/eigen3/Eigen/Sparse:26:
In file included from /scratch/tacc/apps/intel19/eigen/3.4.0/include/eigen3/Eigen/SparseCore:37:
/scratch/tacc/apps/intel19/eigen/3.4.0/include/eigen3/Eigen/src/SparseCore/SparseMatrixBase.h:140:27: warning: use of old-style cast [-Wold-style-cast]
  140 |     typedef Matrix<Scalar,EIGEN_SIZE_MAX(RowsAtCompileTime,ColsAtCompileTime),
      |                           ^                                ~~~~~~~~~~~~~~~~~
/scratch/tacc/apps/intel19/eigen/3.4.0/include/eigen3/Eigen/src/Core/util/Macros.h:1311:60: note: expanded from macro 'EIGEN_SIZE_MAX'
 1311 |                            : ((int)a >= (int)b) ? (int)a : (int)b)
      |                                                            ^    ~
In file included from chemistrySolver/canteraChemistrySolvers.C:27:
In file included from lnInclude/canteraChemistryModel.H:209:
In file included from lnInclude/canteraChemistryModelI.H:35:
In file included from /work/09629/m_hland10/ls6/cantera/include/cantera/kinetics/Kinetics.h:14:
In file included from /work/09629/m_hland10/ls6/cantera/include/cantera/kinetics/StoichManager.h:11:
In file included from /work/09629/m_hland10/ls6/cantera/include/cantera/numerics/eigen_sparse.h:12:
In file included from /scratch/tacc/apps/intel19/eigen/3.4.0/include/eigen3/Eigen/Sparse:26:
In file included from /scratch/tacc/apps/intel19/eigen/3.4.0/include/eigen3/Eigen/SparseCore:37:
/scratch/tacc/apps/intel19/eigen/3.4.0/include/eigen3/Eigen/src/SparseCore/SparseMatrixBase.h:141:27: warning: use of old-style cast [-Wold-style-cast]
  141 |                           EIGEN_SIZE_MAX(RowsAtCompileTime,ColsAtCompileTime)> SquareMatrixType;
      |                           ^              ~~~~~~~~~~~~~~~~~
/scratch/tacc/apps/intel19/eigen/3.4.0/include/eigen3/Eigen/src/Core/util/Macros.h:1310:31: note: expanded from macro 'EIGEN_SIZE_MAX'
 1310 | #define EIGEN_SIZE_MAX(a,b) (((int)a == Dynamic || (int)b == Dynamic) ? Dynamic \
      |                               ^    ~
In file included from chemistrySolver/canteraChemistrySolvers.C:27:
In file included from lnInclude/canteraChemistryModel.H:209:
In file included from lnInclude/canteraChemistryModelI.H:35:
In file included from /work/09629/m_hland10/ls6/cantera/include/cantera/kinetics/Kinetics.h:14:
In file included from /work/09629/m_hland10/ls6/cantera/include/cantera/kinetics/StoichManager.h:11:
In file included from /work/09629/m_hland10/ls6/cantera/include/cantera/numerics/eigen_sparse.h:12:
In file included from /scratch/tacc/apps/intel19/eigen/3.4.0/include/eigen3/Eigen/Sparse:26:
In file included from /scratch/tacc/apps/intel19/eigen/3.4.0/include/eigen3/Eigen/SparseCore:37:
/scratch/tacc/apps/intel19/eigen/3.4.0/include/eigen3/Eigen/src/SparseCore/SparseMatrixBase.h:141:27: warning: use of old-style cast [-Wold-style-cast]
  141 |                           EIGEN_SIZE_MAX(RowsAtCompileTime,ColsAtCompileTime)> SquareMatrixType;
      |                           ^                                ~~~~~~~~~~~~~~~~~
/scratch/tacc/apps/intel19/eigen/3.4.0/include/eigen3/Eigen/src/Core/util/Macros.h:1310:52: note: expanded from macro 'EIGEN_SIZE_MAX'
 1310 | #define EIGEN_SIZE_MAX(a,b) (((int)a == Dynamic || (int)b == Dynamic) ? Dynamic \
      |                                                    ^    ~
In file included from chemistrySolver/canteraChemistrySolvers.C:27:
In file included from lnInclude/canteraChemistryModel.H:209:
In file included from lnInclude/canteraChemistryModelI.H:35:
In file included from /work/09629/m_hland10/ls6/cantera/include/cantera/kinetics/Kinetics.h:14:
In file included from /work/09629/m_hland10/ls6/cantera/include/cantera/kinetics/StoichManager.h:11:
In file included from /work/09629/m_hland10/ls6/cantera/include/cantera/numerics/eigen_sparse.h:12:
In file included from /scratch/tacc/apps/intel19/eigen/3.4.0/include/eigen3/Eigen/Sparse:26:
In file included from /scratch/tacc/apps/intel19/eigen/3.4.0/include/eigen3/Eigen/SparseCore:37:
/scratch/tacc/apps/intel19/eigen/3.4.0/include/eigen3/Eigen/src/SparseCore/SparseMatrixBase.h:141:27: warning: use of old-style cast [-Wold-style-cast]
  141 |                           EIGEN_SIZE_MAX(RowsAtCompileTime,ColsAtCompileTime)> SquareMatrixType;
      |                           ^              ~~~~~~~~~~~~~~~~~
/scratch/tacc/apps/intel19/eigen/3.4.0/include/eigen3/Eigen/src/Core/util/Macros.h:1311:31: note: expanded from macro 'EIGEN_SIZE_MAX'
 1311 |                            : ((int)a >= (int)b) ? (int)a : (int)b)
      |                               ^    ~
In file included from chemistrySolver/canteraChemistrySolvers.C:27:
In file included from lnInclude/canteraChemistryModel.H:209:
In file included from lnInclude/canteraChemistryModelI.H:35:
In file included from /work/09629/m_hland10/ls6/cantera/include/cantera/kinetics/Kinetics.h:14:
In file included from /work/09629/m_hland10/ls6/cantera/include/cantera/kinetics/StoichManager.h:11:
In file included from /work/09629/m_hland10/ls6/cantera/include/cantera/numerics/eigen_sparse.h:12:
In file included from /scratch/tacc/apps/intel19/eigen/3.4.0/include/eigen3/Eigen/Sparse:26:
In file included from /scratch/tacc/apps/intel19/eigen/3.4.0/include/eigen3/Eigen/SparseCore:37:
/scratch/tacc/apps/intel19/eigen/3.4.0/include/eigen3/Eigen/src/SparseCore/SparseMatrixBase.h:141:27: warning: use of old-style cast [-Wold-style-cast]
  141 |                           EIGEN_SIZE_MAX(RowsAtCompileTime,ColsAtCompileTime)> SquareMatrixType;
      |                           ^                                ~~~~~~~~~~~~~~~~~
/scratch/tacc/apps/intel19/eigen/3.4.0/include/eigen3/Eigen/src/Core/util/Macros.h:1311:41: note: expanded from macro 'EIGEN_SIZE_MAX'
 1311 |                            : ((int)a >= (int)b) ? (int)a : (int)b)
      |                                         ^    ~
In file included from chemistrySolver/canteraChemistrySolvers.C:27:
In file included from lnInclude/canteraChemistryModel.H:209:
In file included from lnInclude/canteraChemistryModelI.H:35:
In file included from /work/09629/m_hland10/ls6/cantera/include/cantera/kinetics/Kinetics.h:14:
In file included from /work/09629/m_hland10/ls6/cantera/include/cantera/kinetics/StoichManager.h:11:
In file included from /work/09629/m_hland10/ls6/cantera/include/cantera/numerics/eigen_sparse.h:12:
In file included from /scratch/tacc/apps/intel19/eigen/3.4.0/include/eigen3/Eigen/Sparse:26:
In file included from /scratch/tacc/apps/intel19/eigen/3.4.0/include/eigen3/Eigen/SparseCore:37:
/scratch/tacc/apps/intel19/eigen/3.4.0/include/eigen3/Eigen/src/SparseCore/SparseMatrixBase.h:141:27: warning: use of old-style cast [-Wold-style-cast]
  141 |                           EIGEN_SIZE_MAX(RowsAtCompileTime,ColsAtCompileTime)> SquareMatrixType;
      |                           ^              ~~~~~~~~~~~~~~~~~
/scratch/tacc/apps/intel19/eigen/3.4.0/include/eigen3/Eigen/src/Core/util/Macros.h:1311:51: note: expanded from macro 'EIGEN_SIZE_MAX'
 1311 |                            : ((int)a >= (int)b) ? (int)a : (int)b)
      |                                                   ^    ~
In file included from chemistrySolver/canteraChemistrySolvers.C:27:
In file included from lnInclude/canteraChemistryModel.H:209:
In file included from lnInclude/canteraChemistryModelI.H:35:
In file included from /work/09629/m_hland10/ls6/cantera/include/cantera/kinetics/Kinetics.h:14:
In file included from /work/09629/m_hland10/ls6/cantera/include/cantera/kinetics/StoichManager.h:11:
In file included from /work/09629/m_hland10/ls6/cantera/include/cantera/numerics/eigen_sparse.h:12:
In file included from /scratch/tacc/apps/intel19/eigen/3.4.0/include/eigen3/Eigen/Sparse:26:
In file included from /scratch/tacc/apps/intel19/eigen/3.4.0/include/eigen3/Eigen/SparseCore:37:
/scratch/tacc/apps/intel19/eigen/3.4.0/include/eigen3/Eigen/src/SparseCore/SparseMatrixBase.h:141:27: warning: use of old-style cast [-Wold-style-cast]
  141 |                           EIGEN_SIZE_MAX(RowsAtCompileTime,ColsAtCompileTime)> SquareMatrixType;
      |                           ^                                ~~~~~~~~~~~~~~~~~
/scratch/tacc/apps/intel19/eigen/3.4.0/include/eigen3/Eigen/src/Core/util/Macros.h:1311:60: note: expanded from macro 'EIGEN_SIZE_MAX'
 1311 |                            : ((int)a >= (int)b) ? (int)a : (int)b)
      |                                                            ^    ~
In file included from chemistrySolver/canteraChemistrySolvers.C:27:
In file included from lnInclude/canteraChemistryModel.H:209:
In file included from lnInclude/canteraChemistryModelI.H:35:
In file included from /work/09629/m_hland10/ls6/cantera/include/cantera/kinetics/Kinetics.h:14:
In file included from /work/09629/m_hland10/ls6/cantera/include/cantera/kinetics/StoichManager.h:11:
In file included from /work/09629/m_hland10/ls6/cantera/include/cantera/numerics/eigen_sparse.h:12:
In file included from /scratch/tacc/apps/intel19/eigen/3.4.0/include/eigen3/Eigen/Sparse:26:
In file included from /scratch/tacc/apps/intel19/eigen/3.4.0/include/eigen3/Eigen/SparseCore:61:
/scratch/tacc/apps/intel19/eigen/3.4.0/include/eigen3/Eigen/src/SparseCore/TriangularSolver.h:273:13: warning: variable 'count' set but not used [-Wunused-but-set-variable]
  273 |       Index count = 0;
      |             ^
In file included from chemistrySolver/canteraChemistrySolvers.C:27:
In file included from lnInclude/canteraChemistryModel.H:209:
In file included from lnInclude/canteraChemistryModelI.H:35:
In file included from /work/09629/m_hland10/ls6/cantera/include/cantera/kinetics/Kinetics.h:14:
In file included from /work/09629/m_hland10/ls6/cantera/include/cantera/kinetics/StoichManager.h:11:
In file included from /work/09629/m_hland10/ls6/cantera/include/cantera/numerics/eigen_sparse.h:12:
In file included from /scratch/tacc/apps/intel19/eigen/3.4.0/include/eigen3/Eigen/Sparse:27:
In file included from /scratch/tacc/apps/intel19/eigen/3.4.0/include/eigen3/Eigen/OrderingMethods:67:
In file included from /scratch/tacc/apps/intel19/eigen/3.4.0/include/eigen3/Eigen/src/OrderingMethods/Ordering.h:16:
/scratch/tacc/apps/intel19/eigen/3.4.0/include/eigen3/Eigen/src/OrderingMethods/Eigen_Colamd.h:447:9: warning: use of old-style cast [-Wold-style-cast]
  447 |   Col = (ColStructure<IndexType> *) &A [Alen] ;
      |         ^                           ~~~~~~~~~
/scratch/tacc/apps/intel19/eigen/3.4.0/include/eigen3/Eigen/src/OrderingMethods/Eigen_Colamd.h:448:9: warning: use of old-style cast [-Wold-style-cast]
  448 |   Row = (RowStructure<IndexType> *) &A [Alen + Col_size] ;
      |         ^                           ~~~~~~~~~~~~~~~~~~~~
/scratch/tacc/apps/intel19/eigen/3.4.0/include/eigen3/Eigen/src/OrderingMethods/Eigen_Colamd.h:860:18: warning: use of old-style cast [-Wold-style-cast]
  860 |     col_length = (IndexType) (new_cp - &A [Col [c].start]) ;
      |                  ^           ~~~~~~~~~~~~~~~~~~~~~~~~~~~~~
/scratch/tacc/apps/intel19/eigen/3.4.0/include/eigen3/Eigen/src/OrderingMethods/Eigen_Colamd.h:1292:26: warning: use of old-style cast [-Wold-style-cast]
 1292 |       Col [col].length = (IndexType) (new_cp - &A [Col [col].start]) ;
      |                          ^           ~~~~~~~~~~~~~~~~~~~~~~~~~~~~~~~
/scratch/tacc/apps/intel19/eigen/3.4.0/include/eigen3/Eigen/src/OrderingMethods/Eigen_Colamd.h:1340:27: warning: use of old-style cast [-Wold-style-cast]
 1340 |         Col [col].shared3.hash = (IndexType) hash ;
      |                                  ^           ~~~~
/scratch/tacc/apps/intel19/eigen/3.4.0/include/eigen3/Eigen/src/OrderingMethods/Eigen_Colamd.h:1435:32: warning: use of old-style cast [-Wold-style-cast]
 1435 |       Row [pivot_row].length = (IndexType) (new_rp - &A[pivot_row_start]) ;
      |                                ^           ~~~~~~~~~~~~~~~~~~~~~~~~~~~~~~
/scratch/tacc/apps/intel19/eigen/3.4.0/include/eigen3/Eigen/src/OrderingMethods/Eigen_Colamd.h:1749:23: warning: use of old-style cast [-Wold-style-cast]
 1749 |       Col [c].start = (IndexType) (pdest - &A [0]) ;
      |                       ^           ~~~~~~~~~~~~~~~~
/scratch/tacc/apps/intel19/eigen/3.4.0/include/eigen3/Eigen/src/OrderingMethods/Eigen_Colamd.h:1759:24: warning: use of old-style cast [-Wold-style-cast]
 1759 |       Col [c].length = (IndexType) (pdest - &A [Col [c].start]) ;
      |                        ^           ~~~~~~~~~~~~~~~~~~~~~~~~~~~~
/scratch/tacc/apps/intel19/eigen/3.4.0/include/eigen3/Eigen/src/OrderingMethods/Eigen_Colamd.h:1806:23: warning: use of old-style cast [-Wold-style-cast]
 1806 |       Row [r].start = (IndexType) (pdest - &A [0]) ;
      |                       ^           ~~~~~~~~~~~~~~~~
/scratch/tacc/apps/intel19/eigen/3.4.0/include/eigen3/Eigen/src/OrderingMethods/Eigen_Colamd.h:1816:24: warning: use of old-style cast [-Wold-style-cast]
 1816 |       Row [r].length = (IndexType) (pdest - &A [Row [r].start]) ;
      |                        ^           ~~~~~~~~~~~~~~~~~~~~~~~~~~~~
/scratch/tacc/apps/intel19/eigen/3.4.0/include/eigen3/Eigen/src/OrderingMethods/Eigen_Colamd.h:1825:11: warning: use of old-style cast [-Wold-style-cast]
 1825 |   return ((IndexType) (pdest - &A [0])) ;
      |           ^           ~~~~~~~~~~~~~~~~
In file included from chemistrySolver/canteraChemistrySolvers.C:27:
In file included from lnInclude/canteraChemistryModel.H:209:
In file included from lnInclude/canteraChemistryModelI.H:35:
In file included from /work/09629/m_hland10/ls6/cantera/include/cantera/kinetics/Kinetics.h:14:
In file included from /work/09629/m_hland10/ls6/cantera/include/cantera/kinetics/StoichManager.h:11:
In file included from /work/09629/m_hland10/ls6/cantera/include/cantera/numerics/eigen_sparse.h:12:
In file included from /scratch/tacc/apps/intel19/eigen/3.4.0/include/eigen3/Eigen/Sparse:29:
In file included from /scratch/tacc/apps/intel19/eigen/3.4.0/include/eigen3/Eigen/SparseLU:35:
/scratch/tacc/apps/intel19/eigen/3.4.0/include/eigen3/Eigen/src/SparseLU/SparseLU_heap_relax_snode.h:78:9: warning: variable 'nsuper_et_post' set but not used [-Wunused-but-set-variable]
   78 |   Index nsuper_et_post = 0; // Number of relaxed snodes in postordered etree 
      |         ^
/scratch/tacc/apps/intel19/eigen/3.4.0/include/eigen3/Eigen/src/SparseLU/SparseLU_heap_relax_snode.h:79:9: warning: variable 'nsuper_et' set but not used [-Wunused-but-set-variable]
   79 |   Index nsuper_et = 0; // Number of relaxed snodes in the original etree 
      |         ^
In file included from chemistrySolver/canteraChemistrySolvers.C:27:
In file included from lnInclude/canteraChemistryModel.H:209:
lnInclude/canteraChemistryModelI.H:114:27: error: no matching constructor for initialization of 'scalarField' (aka 'Field<double>')
  114 |             deltaTChem_ = scalarField(mesh.nCells(), chemDict.lookup("deltaTChem"));
      |                           ^           ~~~~~~~~~~~~~~~~~~~~~~~~~~~~~~~~~~~~~~~~~~~~
/work/09629/m_hland10/ls6/openfoam/OpenFOAM-12/src/OpenFOAM/lnInclude/Field.H:130:9: note: candidate constructor not viable: no known conversion from 'ITstream' to 'const double' for 2nd argument
  130 |         Field(const label, const Type&);
      |         ^                  ~~~~~~~~~~~
/work/09629/m_hland10/ls6/openfoam/OpenFOAM-12/src/OpenFOAM/lnInclude/Field.H:133:9: note: candidate constructor not viable: no known conversion from 'ITstream' to 'const zero' for 2nd argument
  133 |         Field(const label, const zero);
      |         ^                  ~~~~~~~~~~
/work/09629/m_hland10/ls6/openfoam/OpenFOAM-12/src/OpenFOAM/lnInclude/Field.H:148:9: note: candidate constructor not viable: no known conversion from 'label' (aka 'long') to 'Field<double> &' for 1st argument
  148 |         Field(Field<Type>&, bool reuse);
      |         ^     ~~~~~~~~~~~~
/work/09629/m_hland10/ls6/openfoam/OpenFOAM-12/src/OpenFOAM/lnInclude/Field.H:157:9: note: candidate constructor not viable: no known conversion from 'label' (aka 'long') to 'const UList<double>' for 1st argument
  157 |         Field
      |         ^
  158 |         (
  159 |             const UList<Type>& mapF,
      |             ~~~~~~~~~~~~~~~~~~~~~~~
/work/09629/m_hland10/ls6/openfoam/OpenFOAM-12/src/OpenFOAM/lnInclude/Field.H:164:9: note: candidate constructor not viable: no known conversion from 'label' (aka 'long') to 'const tmp<Field<double>>' for 1st argument
  164 |         Field
      |         ^
  165 |         (
  166 |             const tmp<Field<Type>>& tmapF,
      |             ~~~~~~~~~~~~~~~~~~~~~~~~~~~~~
/work/09629/m_hland10/ls6/openfoam/OpenFOAM-12/src/OpenFOAM/lnInclude/Field.H:127:18: note: candidate constructor not viable: requires 1 argument, but 2 were provided
  127 |         explicit Field(const label);
      |                  ^     ~~~~~~~~~~~
/work/09629/m_hland10/ls6/openfoam/OpenFOAM-12/src/OpenFOAM/lnInclude/Field.H:136:18: note: candidate constructor not viable: requires 1 argument, but 2 were provided
  136 |         explicit Field(const UList<Type>&);
      |                  ^     ~~~~~~~~~~~~~~~~~~
/work/09629/m_hland10/ls6/openfoam/OpenFOAM-12/src/OpenFOAM/lnInclude/Field.H:139:18: note: candidate constructor not viable: requires 1 argument, but 2 were provided
  139 |         explicit Field(List<Type>&&);
      |                  ^     ~~~~~~~~~~~~
/work/09629/m_hland10/ls6/openfoam/OpenFOAM-12/src/OpenFOAM/lnInclude/Field.H:142:18: note: candidate constructor not viable: requires 1 argument, but 2 were provided
  142 |         explicit Field(const UIndirectList<Type>&);
      |                  ^     ~~~~~~~~~~~~~~~~~~~~~~~~~~
/work/09629/m_hland10/ls6/openfoam/OpenFOAM-12/src/OpenFOAM/lnInclude/Field.H:145:9: note: candidate constructor not viable: requires 1 argument, but 2 were provided
  145 |         Field(const Field<Type>&);
      |         ^     ~~~~~~~~~~~~~~~~~~
/work/09629/m_hland10/ls6/openfoam/OpenFOAM-12/src/OpenFOAM/lnInclude/Field.H:151:9: note: candidate constructor not viable: requires 1 argument, but 2 were provided
  151 |         Field(Field<Type>&&);
      |         ^     ~~~~~~~~~~~~~
/work/09629/m_hland10/ls6/openfoam/OpenFOAM-12/src/OpenFOAM/lnInclude/Field.H:154:9: note: candidate constructor not viable: requires 1 argument, but 2 were provided
  154 |         Field(const tmp<Field<Type>>&);
      |         ^     ~~~~~~~~~~~~~~~~~~~~~~~
/work/09629/m_hland10/ls6/openfoam/OpenFOAM-12/src/OpenFOAM/lnInclude/Field.H:187:9: note: candidate constructor not viable: requires 1 argument, but 2 were provided
  187 |         Field(Istream&);
      |         ^     ~~~~~~~~
/work/09629/m_hland10/ls6/openfoam/OpenFOAM-12/src/OpenFOAM/lnInclude/Field.H:171:9: note: candidate constructor not viable: requires 3 arguments, but 2 were provided
  171 |         Field
      |         ^
  172 |         (
  173 |             const UList<Type>& mapF,
      |             ~~~~~~~~~~~~~~~~~~~~~~~~
  174 |             const labelListList& mapAddressing,
      |             ~~~~~~~~~~~~~~~~~~~~~~~~~~~~~~~~~~~
  175 |             const scalarListList& weights
      |             ~~~~~~~~~~~~~~~~~~~~~~~~~~~~~
/work/09629/m_hland10/ls6/openfoam/OpenFOAM-12/src/OpenFOAM/lnInclude/Field.H:179:9: note: candidate constructor not viable: requires 3 arguments, but 2 were provided
  179 |         Field
      |         ^
  180 |         (
  181 |             const tmp<Field<Type>>& tmapF,
      |             ~~~~~~~~~~~~~~~~~~~~~~~~~~~~~~
  182 |             const labelListList& mapAddressing,
      |             ~~~~~~~~~~~~~~~~~~~~~~~~~~~~~~~~~~~
  183 |             const scalarListList& weights
      |             ~~~~~~~~~~~~~~~~~~~~~~~~~~~~~
/work/09629/m_hland10/ls6/openfoam/OpenFOAM-12/src/OpenFOAM/lnInclude/Field.H:190:9: note: candidate constructor not viable: requires 3 arguments, but 2 were provided
  190 |         Field(const word& keyword, const dictionary&, const label size);
      |         ^     ~~~~~~~~~~~~~~~~~~~~~~~~~~~~~~~~~~~~~~~~~~~~~~~~~~~~~~~~
/work/09629/m_hland10/ls6/openfoam/OpenFOAM-12/src/OpenFOAM/lnInclude/Field.H:123:9: note: candidate constructor not viable: requires 0 arguments, but 2 were provided
  123 |         Field();
      |         ^
/work/09629/m_hland10/ls6/openfoam/OpenFOAM-12/src/OpenFOAM/lnInclude/Field.H:193:9: note: candidate constructor not viable: requires 4 arguments, but 2 were provided
  193 |         Field
      |         ^
  194 |         (
  195 |             const word& keyword,
      |             ~~~~~~~~~~~~~~~~~~~~
  196 |             const unitConversion&,
      |             ~~~~~~~~~~~~~~~~~~~~~~
  197 |             const dictionary&,
      |             ~~~~~~~~~~~~~~~~~~
  198 |             const label size
      |             ~~~~~~~~~~~~~~~~
In file included from chemistrySolver/canteraChemistrySolvers.C:27:
In file included from lnInclude/canteraChemistryModel.H:209:
lnInclude/canteraChemistryModelI.H:125:39: error: assigning to 'scalar' (aka 'double') from incompatible type 'ITstream'
  125 |             deltaTChemMax_ = chemDict.lookup("deltaTChemMax");
      |                              ~~~~~~~~~^~~~~~~~~~~~~~~~~~~~~~~
lnInclude/canteraChemistryModelI.H:185:22: warning: unused variable 'rho' [-Wunused-variable]
  185 |         const scalar rho = rhovf[celli];
      |                      ^~~
lnInclude/canteraChemistryModelI.H:249:11: error: non-const lvalue reference to type 'shared_ptr<...>' cannot bind to a temporary of type 'shared_ptr<...>'
  249 |     auto& thermo = solution_->thermo();
      |           ^        ~~~~~~~~~~~~~~~~~~~
lnInclude/canteraChemistryModelI.H:252:21: error: no matching constructor for initialization of 'IdealGasReactor'
  252 |     IdealGasReactor reactor(thermo);
      |                     ^       ~~~~~~
/work/09629/m_hland10/ls6/cantera/include/cantera/zeroD/IdealGasReactor.h:19:7: note: candidate constructor (the implicit copy constructor) not viable: no known conversion from 'shared_ptr<ThermoPhase>' to 'const IdealGasReactor' for 1st argument
   19 | class IdealGasReactor : public Reactor
      |       ^~~~~~~~~~~~~~~
/work/09629/m_hland10/ls6/cantera/include/cantera/zeroD/IdealGasReactor.h:22:5: note: candidate constructor not viable: requires 0 arguments, but 1 was provided
   22 |     IdealGasReactor() {}
      |     ^
In file included from chemistrySolver/canteraChemistrySolvers.C:27:
In file included from lnInclude/canteraChemistryModel.H:209:
lnInclude/canteraChemistryModelI.H:394:22: warning: unused variable 'rho' [-Wunused-variable]
  394 |         const scalar rho = rhovf[celli];
      |                      ^~~
lnInclude/canteraChemistryModelI.H:395:22: warning: unused variable 'T' [-Wunused-variable]
  395 |         const scalar T = Tvf[celli];
      |                      ^
lnInclude/canteraChemistryModelI.H:396:22: warning: unused variable 'p' [-Wunused-variable]
  396 |         const scalar p = pvf[celli];
      |                      ^
lnInclude/canteraChemistryModelI.H:442:11: error: non-const lvalue reference to type 'shared_ptr<...>' cannot bind to a temporary of type 'shared_ptr<...>'
  442 |     auto& thermo = solution_->thermo();
      |           ^        ~~~~~~~~~~~~~~~~~~~
In file included from chemistrySolver/canteraChemistrySolvers.C:26:
In file included from chemistrySolver/canteraSolver.H:38:
In file included from /work/09629/m_hland10/ls6/openfoam/OpenFOAM-12/src/thermophysicalModels/chemistryModel/lnInclude/chemistrySolver.H:39:
In file included from /work/09629/m_hland10/ls6/openfoam/OpenFOAM-12/src/OpenFOAM/lnInclude/scalarField.H:38:
In file included from /work/09629/m_hland10/ls6/openfoam/OpenFOAM-12/src/OpenFOAM/lnInclude/Field.H:353:
/work/09629/m_hland10/ls6/openfoam/OpenFOAM-12/src/OpenFOAM/lnInclude/Field.C:108:16: warning: unqualified call to 'std::move' [-Wunqualified-std-cast-call]
  108 |     List<Type>(move(f))
      |                ^
      |                std::
/work/09629/m_hland10/ls6/openfoam/OpenFOAM-12/src/OpenFOAM/lnInclude/faceI.H:77:12: note: in instantiation of member function 'Foam::Field<Foam::Vector<double>>::Field' requested here
   77 |     return p;
      |            ^
In file included from chemistrySolver/canteraChemistrySolvers.C:26:
In file included from chemistrySolver/canteraSolver.H:38:
In file included from /work/09629/m_hland10/ls6/openfoam/OpenFOAM-12/src/thermophysicalModels/chemistryModel/lnInclude/chemistrySolver.H:39:
In file included from /work/09629/m_hland10/ls6/openfoam/OpenFOAM-12/src/OpenFOAM/lnInclude/scalarField.H:38:
In file included from /work/09629/m_hland10/ls6/openfoam/OpenFOAM-12/src/OpenFOAM/lnInclude/Field.H:353:
/work/09629/m_hland10/ls6/openfoam/OpenFOAM-12/src/OpenFOAM/lnInclude/Field.C:78:16: warning: unqualified call to 'std::move' [-Wunqualified-std-cast-call]
   78 |     List<Type>(move(f))
      |                ^
      |                std::
/work/09629/m_hland10/ls6/openfoam/OpenFOAM-12/src/OpenFOAM/lnInclude/distributionMap.H:274:28: note: in instantiation of member function 'Foam::Field<Foam::Vector<double>>::Field' requested here
  274 |                 pointField pfld(move(fld));
      |                            ^
In file included from chemistrySolver/canteraChemistrySolvers.C:26:
In file included from chemistrySolver/canteraSolver.H:38:
In file included from /work/09629/m_hland10/ls6/openfoam/OpenFOAM-12/src/thermophysicalModels/chemistryModel/lnInclude/chemistrySolver.H:40:
In file included from /work/09629/m_hland10/ls6/openfoam/OpenFOAM-12/src/thermophysicalModels/multicomponentThermo/lnInclude/fluidMulticomponentThermo.H:41:
In file included from /work/09629/m_hland10/ls6/openfoam/OpenFOAM-12/src/thermophysicalModels/basic/lnInclude/fluidThermo.H:41:
In file included from /work/09629/m_hland10/ls6/openfoam/OpenFOAM-12/src/thermophysicalModels/basic/lnInclude/basicThermo.H:63:
In file included from /work/09629/m_hland10/ls6/openfoam/OpenFOAM-12/src/finiteVolume/lnInclude/volFields.H:37:
In file included from /work/09629/m_hland10/ls6/openfoam/OpenFOAM-12/src/OpenFOAM/lnInclude/GeometricFields.H:34:
In file included from /work/09629/m_hland10/ls6/openfoam/OpenFOAM-12/src/OpenFOAM/lnInclude/GeometricScalarField.H:38:
In file included from /work/09629/m_hland10/ls6/openfoam/OpenFOAM-12/src/OpenFOAM/lnInclude/GeometricField.H:43:
In file included from /work/09629/m_hland10/ls6/openfoam/OpenFOAM-12/src/OpenFOAM/lnInclude/GeometricBoundaryField.H:39:
In file included from /work/09629/m_hland10/ls6/openfoam/OpenFOAM-12/src/OpenFOAM/lnInclude/DimensionedField.H:43:
In file included from /work/09629/m_hland10/ls6/openfoam/OpenFOAM-12/src/OpenFOAM/lnInclude/OldTimeField.H:39:
In file included from /work/09629/m_hland10/ls6/openfoam/OpenFOAM-12/src/OpenFOAM/lnInclude/Time.H:42:
In file included from /work/09629/m_hland10/ls6/openfoam/OpenFOAM-12/src/OpenFOAM/lnInclude/objectRegistry.H:323:
/work/09629/m_hland10/ls6/openfoam/OpenFOAM-12/src/OpenFOAM/lnInclude/objectRegistryTemplates.C:281:30: warning: unqualified call to 'std::move' [-Wunqualified-std-cast-call]
  281 |             store(new Object(move(ob)));
      |                              ^
      |                              std::
/work/09629/m_hland10/ls6/openfoam/OpenFOAM-12/src/OpenFOAM/lnInclude/DimensionedField.C:486:10: note: in instantiation of function template specialization 'Foam::objectRegistry::cacheTemporaryObject<Foam::DimensionedField<double, Foam::volMesh>>' requested here
  486 |     db().cacheTemporaryObject(*this);
      |          ^
/work/09629/m_hland10/ls6/openfoam/OpenFOAM-12/src/OpenFOAM/lnInclude/PtrList.C:122:13: note: in instantiation of member function 'Foam::DimensionedField<double, Foam::volMesh>::~DimensionedField' requested here
  122 |             delete this->ptrs_[i];
      |             ^
/work/09629/m_hland10/ls6/openfoam/OpenFOAM-12/src/thermophysicalModels/chemistryModel/lnInclude/chemistryModel.C:34:35: note: in instantiation of member function 'Foam::PtrList<Foam::DimensionedField<double, Foam::volMesh>>::~PtrList' requested here
   34 | Foam::chemistryModel<ThermoType>::chemistryModel
      |                                   ^
/work/09629/m_hland10/ls6/openfoam/OpenFOAM-12/src/thermophysicalModels/chemistryModel/lnInclude/chemistrySolver.C:36:5: note: in instantiation of member function 'Foam::chemistryModel<Foam::constTransport<Foam::species::thermo<Foam::hConstThermo<Foam::perfectGas<Foam::specie>>, Foam::sensibleEnthalpy>>>::chemistryModel' requested here
   36 |     ChemistryModel(thermo)
      |     ^
chemistrySolver/canteraSolver.C:33:5: note: in instantiation of member function 'Foam::chemistrySolver<Foam::chemistryModel<Foam::constTransport<Foam::species::thermo<Foam::hConstThermo<Foam::perfectGas<Foam::specie>>, Foam::sensibleEnthalpy>>>>::chemistrySolver' requested here
   33 |     chemistrySolver<ChemistryModel>(thermo),
      |     ^
/work/09629/m_hland10/ls6/openfoam/OpenFOAM-12/src/thermophysicalModels/chemistryModel/lnInclude/basicChemistryModel.H:103:5: note: in instantiation of member function 'Foam::canteraSolver<Foam::chemistryModel<Foam::constTransport<Foam::species::thermo<Foam::hConstThermo<Foam::perfectGas<Foam::specie>>, Foam::sensibleEnthalpy>>>>::canteraSolver' requested here
  103 |     declareRunTimeSelectionTable
      |     ^
/work/09629/m_hland10/ls6/openfoam/OpenFOAM-12/src/OpenFOAM/lnInclude/runTimeSelectionTables.H:72:42: note: expanded from macro 'declareRunTimeSelectionTable'
   72 |             return autoPtr<baseType>(new baseType##Type parList);              \
      |                                          ^
<scratch space>:70:1: note: expanded from here
   70 | basicChemistryModelType
      | ^
/work/09629/m_hland10/ls6/openfoam/OpenFOAM-12/src/thermophysicalModels/chemistryModel/lnInclude/basicChemistryModel.H:103:5: note: in instantiation of member function 'Foam::basicChemistryModel::addthermoConstructorToTable<Foam::canteraSolver<Foam::chemistryModel<Foam::constTransport<Foam::species::thermo<Foam::hConstThermo<Foam::perfectGas<Foam::specie>>, Foam::sensibleEnthalpy>>>>>::New' requested here
/work/09629/m_hland10/ls6/openfoam/OpenFOAM-12/src/OpenFOAM/lnInclude/runTimeSelectionTables.H:81:65: note: expanded from macro 'declareRunTimeSelectionTable'
   81 |             if (!argNames##ConstructorTablePtr_->insert(lookup, New))          \
      |                                                                 ^
chemistrySolver/canteraChemistrySolvers.C:37:19: note: in instantiation of member function 'Foam::basicChemistryModel::addthermoConstructorToTable<Foam::canteraSolver<Foam::chemistryModel<Foam::constTransport<Foam::species::thermo<Foam::hConstThermo<Foam::perfectGas<Foam::specie>>, Foam::sensibleEnthalpy>>>>>::addthermoConstructorToTable' requested here
   37 |     forCoeffGases(makeChemistrySolvers, canteraSolver);
      |                   ^
In file included from chemistrySolver/canteraChemistrySolvers.C:26:
In file included from chemistrySolver/canteraSolver.H:38:
In file included from /work/09629/m_hland10/ls6/openfoam/OpenFOAM-12/src/thermophysicalModels/chemistryModel/lnInclude/chemistrySolver.H:40:
In file included from /work/09629/m_hland10/ls6/openfoam/OpenFOAM-12/src/thermophysicalModels/multicomponentThermo/lnInclude/fluidMulticomponentThermo.H:41:
In file included from /work/09629/m_hland10/ls6/openfoam/OpenFOAM-12/src/thermophysicalModels/basic/lnInclude/fluidThermo.H:41:
In file included from /work/09629/m_hland10/ls6/openfoam/OpenFOAM-12/src/thermophysicalModels/basic/lnInclude/basicThermo.H:63:
In file included from /work/09629/m_hland10/ls6/openfoam/OpenFOAM-12/src/finiteVolume/lnInclude/volFields.H:37:
In file included from /work/09629/m_hland10/ls6/openfoam/OpenFOAM-12/src/OpenFOAM/lnInclude/GeometricFields.H:34:
In file included from /work/09629/m_hland10/ls6/openfoam/OpenFOAM-12/src/OpenFOAM/lnInclude/GeometricScalarField.H:38:
In file included from /work/09629/m_hland10/ls6/openfoam/OpenFOAM-12/src/OpenFOAM/lnInclude/GeometricField.H:43:
In file included from /work/09629/m_hland10/ls6/openfoam/OpenFOAM-12/src/OpenFOAM/lnInclude/GeometricBoundaryField.H:39:
In file included from /work/09629/m_hland10/ls6/openfoam/OpenFOAM-12/src/OpenFOAM/lnInclude/DimensionedField.H:428:
/work/09629/m_hland10/ls6/openfoam/OpenFOAM-12/src/OpenFOAM/lnInclude/DimensionedField.C:156:17: warning: unqualified call to 'std::move' [-Wunqualified-std-cast-call]
  156 |     regIOobject(move(df)),
      |                 ^
      |                 std::
/work/09629/m_hland10/ls6/openfoam/OpenFOAM-12/src/OpenFOAM/lnInclude/objectRegistryTemplates.C:281:23: note: in instantiation of member function 'Foam::DimensionedField<double, Foam::volMesh>::DimensionedField' requested here
  281 |             store(new Object(move(ob)));
      |                       ^
/work/09629/m_hland10/ls6/openfoam/OpenFOAM-12/src/OpenFOAM/lnInclude/DimensionedField.C:486:10: note: in instantiation of function template specialization 'Foam::objectRegistry::cacheTemporaryObject<Foam::DimensionedField<double, Foam::volMesh>>' requested here
  486 |     db().cacheTemporaryObject(*this);
      |          ^
/work/09629/m_hland10/ls6/openfoam/OpenFOAM-12/src/OpenFOAM/lnInclude/PtrList.C:122:13: note: in instantiation of member function 'Foam::DimensionedField<double, Foam::volMesh>::~DimensionedField' requested here
  122 |             delete this->ptrs_[i];
      |             ^
/work/09629/m_hland10/ls6/openfoam/OpenFOAM-12/src/thermophysicalModels/chemistryModel/lnInclude/chemistryModel.C:34:35: note: in instantiation of member function 'Foam::PtrList<Foam::DimensionedField<double, Foam::volMesh>>::~PtrList' requested here
   34 | Foam::chemistryModel<ThermoType>::chemistryModel
      |                                   ^
/work/09629/m_hland10/ls6/openfoam/OpenFOAM-12/src/thermophysicalModels/chemistryModel/lnInclude/chemistrySolver.C:36:5: note: in instantiation of member function 'Foam::chemistryModel<Foam::constTransport<Foam::species::thermo<Foam::hConstThermo<Foam::perfectGas<Foam::specie>>, Foam::sensibleEnthalpy>>>::chemistryModel' requested here
   36 |     ChemistryModel(thermo)
      |     ^
chemistrySolver/canteraSolver.C:33:5: note: in instantiation of member function 'Foam::chemistrySolver<Foam::chemistryModel<Foam::constTransport<Foam::species::thermo<Foam::hConstThermo<Foam::perfectGas<Foam::specie>>, Foam::sensibleEnthalpy>>>>::chemistrySolver' requested here
   33 |     chemistrySolver<ChemistryModel>(thermo),
      |     ^
/work/09629/m_hland10/ls6/openfoam/OpenFOAM-12/src/thermophysicalModels/chemistryModel/lnInclude/basicChemistryModel.H:103:5: note: in instantiation of member function 'Foam::canteraSolver<Foam::chemistryModel<Foam::constTransport<Foam::species::thermo<Foam::hConstThermo<Foam::perfectGas<Foam::specie>>, Foam::sensibleEnthalpy>>>>::canteraSolver' requested here
  103 |     declareRunTimeSelectionTable
      |     ^
/work/09629/m_hland10/ls6/openfoam/OpenFOAM-12/src/OpenFOAM/lnInclude/runTimeSelectionTables.H:72:42: note: expanded from macro 'declareRunTimeSelectionTable'
   72 |             return autoPtr<baseType>(new baseType##Type parList);              \
      |                                          ^
<scratch space>:70:1: note: expanded from here
   70 | basicChemistryModelType
      | ^
/work/09629/m_hland10/ls6/openfoam/OpenFOAM-12/src/thermophysicalModels/chemistryModel/lnInclude/basicChemistryModel.H:103:5: note: in instantiation of member function 'Foam::basicChemistryModel::addthermoConstructorToTable<Foam::canteraSolver<Foam::chemistryModel<Foam::constTransport<Foam::species::thermo<Foam::hConstThermo<Foam::perfectGas<Foam::specie>>, Foam::sensibleEnthalpy>>>>>::New' requested here
/work/09629/m_hland10/ls6/openfoam/OpenFOAM-12/src/OpenFOAM/lnInclude/runTimeSelectionTables.H:81:65: note: expanded from macro 'declareRunTimeSelectionTable'
   81 |             if (!argNames##ConstructorTablePtr_->insert(lookup, New))          \
      |                                                                 ^
chemistrySolver/canteraChemistrySolvers.C:37:19: note: in instantiation of member function 'Foam::basicChemistryModel::addthermoConstructorToTable<Foam::canteraSolver<Foam::chemistryModel<Foam::constTransport<Foam::species::thermo<Foam::hConstThermo<Foam::perfectGas<Foam::specie>>, Foam::sensibleEnthalpy>>>>>::addthermoConstructorToTable' requested here
   37 |     forCoeffGases(makeChemistrySolvers, canteraSolver);
      |                   ^
In file included from chemistrySolver/canteraChemistrySolvers.C:26:
In file included from chemistrySolver/canteraSolver.H:38:
In file included from /work/09629/m_hland10/ls6/openfoam/OpenFOAM-12/src/thermophysicalModels/chemistryModel/lnInclude/chemistrySolver.H:40:
In file included from /work/09629/m_hland10/ls6/openfoam/OpenFOAM-12/src/thermophysicalModels/multicomponentThermo/lnInclude/fluidMulticomponentThermo.H:41:
In file included from /work/09629/m_hland10/ls6/openfoam/OpenFOAM-12/src/thermophysicalModels/basic/lnInclude/fluidThermo.H:41:
In file included from /work/09629/m_hland10/ls6/openfoam/OpenFOAM-12/src/thermophysicalModels/basic/lnInclude/basicThermo.H:63:
In file included from /work/09629/m_hland10/ls6/openfoam/OpenFOAM-12/src/finiteVolume/lnInclude/volFields.H:37:
In file included from /work/09629/m_hland10/ls6/openfoam/OpenFOAM-12/src/OpenFOAM/lnInclude/GeometricFields.H:34:
In file included from /work/09629/m_hland10/ls6/openfoam/OpenFOAM-12/src/OpenFOAM/lnInclude/GeometricScalarField.H:38:
In file included from /work/09629/m_hland10/ls6/openfoam/OpenFOAM-12/src/OpenFOAM/lnInclude/GeometricField.H:43:
In file included from /work/09629/m_hland10/ls6/openfoam/OpenFOAM-12/src/OpenFOAM/lnInclude/GeometricBoundaryField.H:39:
In file included from /work/09629/m_hland10/ls6/openfoam/OpenFOAM-12/src/OpenFOAM/lnInclude/DimensionedField.H:428:
/work/09629/m_hland10/ls6/openfoam/OpenFOAM-12/src/OpenFOAM/lnInclude/DimensionedField.C:157:17: warning: unqualified call to 'std::move' [-Wunqualified-std-cast-call]
  157 |     Field<Type>(move(df)),
      |                 ^
      |                 std::
/work/09629/m_hland10/ls6/openfoam/OpenFOAM-12/src/OpenFOAM/lnInclude/DimensionedField.C:158:36: warning: unqualified call to 'std::move' [-Wunqualified-std-cast-call]
  158 |     OldTimeField<DimensionedField>(move(df)),
      |                                    ^
      |                                    std::
/work/09629/m_hland10/ls6/openfoam/OpenFOAM-12/src/OpenFOAM/lnInclude/DimensionedField.C:160:17: warning: unqualified call to 'std::move' [-Wunqualified-std-cast-call]
  160 |     dimensions_(move(df.dimensions_))
      |                 ^
      |                 std::
In file included from chemistrySolver/canteraChemistrySolvers.C:26:
In file included from chemistrySolver/canteraSolver.H:38:
In file included from /work/09629/m_hland10/ls6/openfoam/OpenFOAM-12/src/thermophysicalModels/chemistryModel/lnInclude/chemistrySolver.H:39:
In file included from /work/09629/m_hland10/ls6/openfoam/OpenFOAM-12/src/OpenFOAM/lnInclude/scalarField.H:38:
In file included from /work/09629/m_hland10/ls6/openfoam/OpenFOAM-12/src/OpenFOAM/lnInclude/Field.H:353:
/work/09629/m_hland10/ls6/openfoam/OpenFOAM-12/src/OpenFOAM/lnInclude/Field.C:108:16: warning: unqualified call to 'std::move' [-Wunqualified-std-cast-call]
  108 |     List<Type>(move(f))
      |                ^
      |                std::
/work/09629/m_hland10/ls6/openfoam/OpenFOAM-12/src/OpenFOAM/lnInclude/DimensionedField.C:157:5: note: in instantiation of member function 'Foam::Field<double>::Field' requested here
  157 |     Field<Type>(move(df)),
      |     ^
/work/09629/m_hland10/ls6/openfoam/OpenFOAM-12/src/OpenFOAM/lnInclude/objectRegistryTemplates.C:281:23: note: in instantiation of member function 'Foam::DimensionedField<double, Foam::volMesh>::DimensionedField' requested here
  281 |             store(new Object(move(ob)));
      |                       ^
/work/09629/m_hland10/ls6/openfoam/OpenFOAM-12/src/OpenFOAM/lnInclude/DimensionedField.C:486:10: note: in instantiation of function template specialization 'Foam::objectRegistry::cacheTemporaryObject<Foam::DimensionedField<double, Foam::volMesh>>' requested here
  486 |     db().cacheTemporaryObject(*this);
      |          ^
/work/09629/m_hland10/ls6/openfoam/OpenFOAM-12/src/OpenFOAM/lnInclude/PtrList.C:122:13: note: in instantiation of member function 'Foam::DimensionedField<double, Foam::volMesh>::~DimensionedField' requested here
  122 |             delete this->ptrs_[i];
      |             ^
/work/09629/m_hland10/ls6/openfoam/OpenFOAM-12/src/thermophysicalModels/chemistryModel/lnInclude/chemistryModel.C:34:35: note: in instantiation of member function 'Foam::PtrList<Foam::DimensionedField<double, Foam::volMesh>>::~PtrList' requested here
   34 | Foam::chemistryModel<ThermoType>::chemistryModel
      |                                   ^
/work/09629/m_hland10/ls6/openfoam/OpenFOAM-12/src/thermophysicalModels/chemistryModel/lnInclude/chemistrySolver.C:36:5: note: in instantiation of member function 'Foam::chemistryModel<Foam::constTransport<Foam::species::thermo<Foam::hConstThermo<Foam::perfectGas<Foam::specie>>, Foam::sensibleEnthalpy>>>::chemistryModel' requested here
   36 |     ChemistryModel(thermo)
      |     ^
chemistrySolver/canteraSolver.C:33:5: note: in instantiation of member function 'Foam::chemistrySolver<Foam::chemistryModel<Foam::constTransport<Foam::species::thermo<Foam::hConstThermo<Foam::perfectGas<Foam::specie>>, Foam::sensibleEnthalpy>>>>::chemistrySolver' requested here
   33 |     chemistrySolver<ChemistryModel>(thermo),
      |     ^
/work/09629/m_hland10/ls6/openfoam/OpenFOAM-12/src/thermophysicalModels/chemistryModel/lnInclude/basicChemistryModel.H:103:5: note: in instantiation of member function 'Foam::canteraSolver<Foam::chemistryModel<Foam::constTransport<Foam::species::thermo<Foam::hConstThermo<Foam::perfectGas<Foam::specie>>, Foam::sensibleEnthalpy>>>>::canteraSolver' requested here
  103 |     declareRunTimeSelectionTable
      |     ^
/work/09629/m_hland10/ls6/openfoam/OpenFOAM-12/src/OpenFOAM/lnInclude/runTimeSelectionTables.H:72:42: note: expanded from macro 'declareRunTimeSelectionTable'
   72 |             return autoPtr<baseType>(new baseType##Type parList);              \
      |                                          ^
<scratch space>:70:1: note: expanded from here
   70 | basicChemistryModelType
      | ^
/work/09629/m_hland10/ls6/openfoam/OpenFOAM-12/src/thermophysicalModels/chemistryModel/lnInclude/basicChemistryModel.H:103:5: note: in instantiation of member function 'Foam::basicChemistryModel::addthermoConstructorToTable<Foam::canteraSolver<Foam::chemistryModel<Foam::constTransport<Foam::species::thermo<Foam::hConstThermo<Foam::perfectGas<Foam::specie>>, Foam::sensibleEnthalpy>>>>>::New' requested here
/work/09629/m_hland10/ls6/openfoam/OpenFOAM-12/src/OpenFOAM/lnInclude/runTimeSelectionTables.H:81:65: note: expanded from macro 'declareRunTimeSelectionTable'
   81 |             if (!argNames##ConstructorTablePtr_->insert(lookup, New))          \
      |                                                                 ^
chemistrySolver/canteraChemistrySolvers.C:37:19: note: in instantiation of member function 'Foam::basicChemistryModel::addthermoConstructorToTable<Foam::canteraSolver<Foam::chemistryModel<Foam::constTransport<Foam::species::thermo<Foam::hConstThermo<Foam::perfectGas<Foam::specie>>, Foam::sensibleEnthalpy>>>>>::addthermoConstructorToTable' requested here
   37 |     forCoeffGases(makeChemistrySolvers, canteraSolver);
      |                   ^
In file included from chemistrySolver/canteraChemistrySolvers.C:26:
In file included from chemistrySolver/canteraSolver.H:38:
In file included from /work/09629/m_hland10/ls6/openfoam/OpenFOAM-12/src/thermophysicalModels/chemistryModel/lnInclude/chemistrySolver.H:40:
In file included from /work/09629/m_hland10/ls6/openfoam/OpenFOAM-12/src/thermophysicalModels/multicomponentThermo/lnInclude/fluidMulticomponentThermo.H:41:
In file included from /work/09629/m_hland10/ls6/openfoam/OpenFOAM-12/src/thermophysicalModels/basic/lnInclude/fluidThermo.H:41:
In file included from /work/09629/m_hland10/ls6/openfoam/OpenFOAM-12/src/thermophysicalModels/basic/lnInclude/basicThermo.H:63:
In file included from /work/09629/m_hland10/ls6/openfoam/OpenFOAM-12/src/finiteVolume/lnInclude/volFields.H:37:
In file included from /work/09629/m_hland10/ls6/openfoam/OpenFOAM-12/src/OpenFOAM/lnInclude/GeometricFields.H:34:
In file included from /work/09629/m_hland10/ls6/openfoam/OpenFOAM-12/src/OpenFOAM/lnInclude/GeometricScalarField.H:38:
In file included from /work/09629/m_hland10/ls6/openfoam/OpenFOAM-12/src/OpenFOAM/lnInclude/GeometricField.H:43:
In file included from /work/09629/m_hland10/ls6/openfoam/OpenFOAM-12/src/OpenFOAM/lnInclude/GeometricBoundaryField.H:39:
In file included from /work/09629/m_hland10/ls6/openfoam/OpenFOAM-12/src/OpenFOAM/lnInclude/DimensionedField.H:43:
In file included from /work/09629/m_hland10/ls6/openfoam/OpenFOAM-12/src/OpenFOAM/lnInclude/OldTimeField.H:258:
/work/09629/m_hland10/ls6/openfoam/OpenFOAM-12/src/OpenFOAM/lnInclude/OldTimeField.C:217:35: warning: unqualified call to 'std::move' [-Wunqualified-std-cast-call]
  217 |         tfield0_ = tmp<FieldType>(move(otf.tfield0_));
      |                                   ^
      |                                   std::
/work/09629/m_hland10/ls6/openfoam/OpenFOAM-12/src/OpenFOAM/lnInclude/DimensionedField.C:158:5: note: in instantiation of member function 'Foam::OldTimeField<Foam::DimensionedField<double, Foam::volMesh>>::OldTimeField' requested here
  158 |     OldTimeField<DimensionedField>(move(df)),
      |     ^
/work/09629/m_hland10/ls6/openfoam/OpenFOAM-12/src/OpenFOAM/lnInclude/objectRegistryTemplates.C:281:23: note: in instantiation of member function 'Foam::DimensionedField<double, Foam::volMesh>::DimensionedField' requested here
  281 |             store(new Object(move(ob)));
      |                       ^
/work/09629/m_hland10/ls6/openfoam/OpenFOAM-12/src/OpenFOAM/lnInclude/DimensionedField.C:486:10: note: in instantiation of function template specialization 'Foam::objectRegistry::cacheTemporaryObject<Foam::DimensionedField<double, Foam::volMesh>>' requested here
  486 |     db().cacheTemporaryObject(*this);
      |          ^
/work/09629/m_hland10/ls6/openfoam/OpenFOAM-12/src/OpenFOAM/lnInclude/PtrList.C:122:13: note: in instantiation of member function 'Foam::DimensionedField<double, Foam::volMesh>::~DimensionedField' requested here
  122 |             delete this->ptrs_[i];
      |             ^
/work/09629/m_hland10/ls6/openfoam/OpenFOAM-12/src/thermophysicalModels/chemistryModel/lnInclude/chemistryModel.C:34:35: note: in instantiation of member function 'Foam::PtrList<Foam::DimensionedField<double, Foam::volMesh>>::~PtrList' requested here
   34 | Foam::chemistryModel<ThermoType>::chemistryModel
      |                                   ^
/work/09629/m_hland10/ls6/openfoam/OpenFOAM-12/src/thermophysicalModels/chemistryModel/lnInclude/chemistrySolver.C:36:5: note: in instantiation of member function 'Foam::chemistryModel<Foam::constTransport<Foam::species::thermo<Foam::hConstThermo<Foam::perfectGas<Foam::specie>>, Foam::sensibleEnthalpy>>>::chemistryModel' requested here
   36 |     ChemistryModel(thermo)
      |     ^
chemistrySolver/canteraSolver.C:33:5: note: in instantiation of member function 'Foam::chemistrySolver<Foam::chemistryModel<Foam::constTransport<Foam::species::thermo<Foam::hConstThermo<Foam::perfectGas<Foam::specie>>, Foam::sensibleEnthalpy>>>>::chemistrySolver' requested here
   33 |     chemistrySolver<ChemistryModel>(thermo),
      |     ^
/work/09629/m_hland10/ls6/openfoam/OpenFOAM-12/src/thermophysicalModels/chemistryModel/lnInclude/basicChemistryModel.H:103:5: note: in instantiation of member function 'Foam::canteraSolver<Foam::chemistryModel<Foam::constTransport<Foam::species::thermo<Foam::hConstThermo<Foam::perfectGas<Foam::specie>>, Foam::sensibleEnthalpy>>>>::canteraSolver' requested here
  103 |     declareRunTimeSelectionTable
      |     ^
/work/09629/m_hland10/ls6/openfoam/OpenFOAM-12/src/OpenFOAM/lnInclude/runTimeSelectionTables.H:72:42: note: expanded from macro 'declareRunTimeSelectionTable'
   72 |             return autoPtr<baseType>(new baseType##Type parList);              \
      |                                          ^
<scratch space>:70:1: note: expanded from here
   70 | basicChemistryModelType
      | ^
/work/09629/m_hland10/ls6/openfoam/OpenFOAM-12/src/thermophysicalModels/chemistryModel/lnInclude/basicChemistryModel.H:103:5: note: in instantiation of member function 'Foam::basicChemistryModel::addthermoConstructorToTable<Foam::canteraSolver<Foam::chemistryModel<Foam::constTransport<Foam::species::thermo<Foam::hConstThermo<Foam::perfectGas<Foam::specie>>, Foam::sensibleEnthalpy>>>>>::New' requested here
/work/09629/m_hland10/ls6/openfoam/OpenFOAM-12/src/OpenFOAM/lnInclude/runTimeSelectionTables.H:81:65: note: expanded from macro 'declareRunTimeSelectionTable'
   81 |             if (!argNames##ConstructorTablePtr_->insert(lookup, New))          \
      |                                                                 ^
chemistrySolver/canteraChemistrySolvers.C:37:19: note: in instantiation of member function 'Foam::basicChemistryModel::addthermoConstructorToTable<Foam::canteraSolver<Foam::chemistryModel<Foam::constTransport<Foam::species::thermo<Foam::hConstThermo<Foam::perfectGas<Foam::specie>>, Foam::sensibleEnthalpy>>>>>::addthermoConstructorToTable' requested here
   37 |     forCoeffGases(makeChemistrySolvers, canteraSolver);
      |                   ^
In file included from chemistrySolver/canteraChemistrySolvers.C:26:
In file included from chemistrySolver/canteraSolver.H:38:
In file included from /work/09629/m_hland10/ls6/openfoam/OpenFOAM-12/src/thermophysicalModels/chemistryModel/lnInclude/chemistrySolver.H:40:
In file included from /work/09629/m_hland10/ls6/openfoam/OpenFOAM-12/src/thermophysicalModels/multicomponentThermo/lnInclude/fluidMulticomponentThermo.H:41:
In file included from /work/09629/m_hland10/ls6/openfoam/OpenFOAM-12/src/thermophysicalModels/basic/lnInclude/fluidThermo.H:41:
In file included from /work/09629/m_hland10/ls6/openfoam/OpenFOAM-12/src/thermophysicalModels/basic/lnInclude/basicThermo.H:63:
In file included from /work/09629/m_hland10/ls6/openfoam/OpenFOAM-12/src/finiteVolume/lnInclude/volFields.H:37:
In file included from /work/09629/m_hland10/ls6/openfoam/OpenFOAM-12/src/OpenFOAM/lnInclude/GeometricFields.H:34:
In file included from /work/09629/m_hland10/ls6/openfoam/OpenFOAM-12/src/OpenFOAM/lnInclude/GeometricScalarField.H:38:
In file included from /work/09629/m_hland10/ls6/openfoam/OpenFOAM-12/src/OpenFOAM/lnInclude/GeometricField.H:43:
In file included from /work/09629/m_hland10/ls6/openfoam/OpenFOAM-12/src/OpenFOAM/lnInclude/GeometricBoundaryField.H:39:
In file included from /work/09629/m_hland10/ls6/openfoam/OpenFOAM-12/src/OpenFOAM/lnInclude/DimensionedField.H:43:
In file included from /work/09629/m_hland10/ls6/openfoam/OpenFOAM-12/src/OpenFOAM/lnInclude/OldTimeField.H:39:
In file included from /work/09629/m_hland10/ls6/openfoam/OpenFOAM-12/src/OpenFOAM/lnInclude/Time.H:42:
In file included from /work/09629/m_hland10/ls6/openfoam/OpenFOAM-12/src/OpenFOAM/lnInclude/objectRegistry.H:323:
/work/09629/m_hland10/ls6/openfoam/OpenFOAM-12/src/OpenFOAM/lnInclude/objectRegistryTemplates.C:281:30: warning: unqualified call to 'std::move' [-Wunqualified-std-cast-call]
  281 |             store(new Object(move(ob)));
      |                              ^
      |                              std::
/work/09629/m_hland10/ls6/openfoam/OpenFOAM-12/src/OpenFOAM/lnInclude/GeometricField.C:953:16: note: in instantiation of function template specialization 'Foam::objectRegistry::cacheTemporaryObject<Foam::GeometricField<double, Foam::fvPatchField, Foam::volMesh>>' requested here
  953 |     this->db().cacheTemporaryObject(*this);
      |                ^
/work/09629/m_hland10/ls6/openfoam/OpenFOAM-12/src/OpenFOAM/lnInclude/tmpI.H:243:13: note: in instantiation of member function 'Foam::GeometricField<double, Foam::fvPatchField, Foam::volMesh>::~GeometricField' requested here
  243 |             delete ptr_;
      |             ^
/work/09629/m_hland10/ls6/openfoam/OpenFOAM-12/src/OpenFOAM/lnInclude/tmpI.H:139:5: note: in instantiation of member function 'Foam::tmp<Foam::GeometricField<double, Foam::fvPatchField, Foam::volMesh>>::clear' requested here
  139 |     clear();
      |     ^
/work/09629/m_hland10/ls6/openfoam/OpenFOAM-12/src/thermophysicalModels/chemistryModel/lnInclude/chemistryModel.C:472:47: note: in instantiation of member function 'Foam::tmp<Foam::GeometricField<double, Foam::fvPatchField, Foam::volMesh>>::~tmp' requested here
  472 |     tmp<volScalarField> trhovf(this->thermo().rho());
      |                                               ^
chemistrySolver/canteraSolver.C:31:38: note: in instantiation of member function 'Foam::chemistryModel<Foam::constTransport<Foam::species::thermo<Foam::hConstThermo<Foam::perfectGas<Foam::specie>>, Foam::sensibleEnthalpy>>>::reactionRR' requested here
   31 | Foam::canteraSolver<ChemistryModel>::canteraSolver(const fluidMulticomponentThermo& thermo)
      |                                      ^
/work/09629/m_hland10/ls6/openfoam/OpenFOAM-12/src/thermophysicalModels/chemistryModel/lnInclude/basicChemistryModel.H:103:5: note: in instantiation of member function 'Foam::canteraSolver<Foam::chemistryModel<Foam::constTransport<Foam::species::thermo<Foam::hConstThermo<Foam::perfectGas<Foam::specie>>, Foam::sensibleEnthalpy>>>>::canteraSolver' requested here
  103 |     declareRunTimeSelectionTable
      |     ^
/work/09629/m_hland10/ls6/openfoam/OpenFOAM-12/src/OpenFOAM/lnInclude/runTimeSelectionTables.H:72:42: note: expanded from macro 'declareRunTimeSelectionTable'
   72 |             return autoPtr<baseType>(new baseType##Type parList);              \
      |                                          ^
<scratch space>:70:1: note: expanded from here
   70 | basicChemistryModelType
      | ^
/work/09629/m_hland10/ls6/openfoam/OpenFOAM-12/src/thermophysicalModels/chemistryModel/lnInclude/basicChemistryModel.H:103:5: note: in instantiation of member function 'Foam::basicChemistryModel::addthermoConstructorToTable<Foam::canteraSolver<Foam::chemistryModel<Foam::constTransport<Foam::species::thermo<Foam::hConstThermo<Foam::perfectGas<Foam::specie>>, Foam::sensibleEnthalpy>>>>>::New' requested here
/work/09629/m_hland10/ls6/openfoam/OpenFOAM-12/src/OpenFOAM/lnInclude/runTimeSelectionTables.H:81:65: note: expanded from macro 'declareRunTimeSelectionTable'
   81 |             if (!argNames##ConstructorTablePtr_->insert(lookup, New))          \
      |                                                                 ^
chemistrySolver/canteraChemistrySolvers.C:37:19: note: in instantiation of member function 'Foam::basicChemistryModel::addthermoConstructorToTable<Foam::canteraSolver<Foam::chemistryModel<Foam::constTransport<Foam::species::thermo<Foam::hConstThermo<Foam::perfectGas<Foam::specie>>, Foam::sensibleEnthalpy>>>>>::addthermoConstructorToTable' requested here
   37 |     forCoeffGases(makeChemistrySolvers, canteraSolver);
      |                   ^
In file included from chemistrySolver/canteraChemistrySolvers.C:26:
In file included from chemistrySolver/canteraSolver.H:38:
In file included from /work/09629/m_hland10/ls6/openfoam/OpenFOAM-12/src/thermophysicalModels/chemistryModel/lnInclude/chemistrySolver.H:40:
In file included from /work/09629/m_hland10/ls6/openfoam/OpenFOAM-12/src/thermophysicalModels/multicomponentThermo/lnInclude/fluidMulticomponentThermo.H:41:
In file included from /work/09629/m_hland10/ls6/openfoam/OpenFOAM-12/src/thermophysicalModels/basic/lnInclude/fluidThermo.H:41:
In file included from /work/09629/m_hland10/ls6/openfoam/OpenFOAM-12/src/thermophysicalModels/basic/lnInclude/basicThermo.H:63:
In file included from /work/09629/m_hland10/ls6/openfoam/OpenFOAM-12/src/finiteVolume/lnInclude/volFields.H:37:
In file included from /work/09629/m_hland10/ls6/openfoam/OpenFOAM-12/src/OpenFOAM/lnInclude/GeometricFields.H:34:
In file included from /work/09629/m_hland10/ls6/openfoam/OpenFOAM-12/src/OpenFOAM/lnInclude/GeometricScalarField.H:38:
In file included from /work/09629/m_hland10/ls6/openfoam/OpenFOAM-12/src/OpenFOAM/lnInclude/GeometricField.H:581:
/work/09629/m_hland10/ls6/openfoam/OpenFOAM-12/src/OpenFOAM/lnInclude/GeometricField.C:404:14: warning: unqualified call to 'std::move' [-Wunqualified-std-cast-call]
  404 |     Internal(move(gf)),
      |              ^
      |              std::
/work/09629/m_hland10/ls6/openfoam/OpenFOAM-12/src/OpenFOAM/lnInclude/objectRegistryTemplates.C:281:23: note: in instantiation of member function 'Foam::GeometricField<double, Foam::fvPatchField, Foam::volMesh>::GeometricField' requested here
  281 |             store(new Object(move(ob)));
      |                       ^
/work/09629/m_hland10/ls6/openfoam/OpenFOAM-12/src/OpenFOAM/lnInclude/GeometricField.C:953:16: note: in instantiation of function template specialization 'Foam::objectRegistry::cacheTemporaryObject<Foam::GeometricField<double, Foam::fvPatchField, Foam::volMesh>>' requested here
  953 |     this->db().cacheTemporaryObject(*this);
      |                ^
/work/09629/m_hland10/ls6/openfoam/OpenFOAM-12/src/OpenFOAM/lnInclude/tmpI.H:243:13: note: in instantiation of member function 'Foam::GeometricField<double, Foam::fvPatchField, Foam::volMesh>::~GeometricField' requested here
  243 |             delete ptr_;
      |             ^
/work/09629/m_hland10/ls6/openfoam/OpenFOAM-12/src/OpenFOAM/lnInclude/tmpI.H:139:5: note: in instantiation of member function 'Foam::tmp<Foam::GeometricField<double, Foam::fvPatchField, Foam::volMesh>>::clear' requested here
  139 |     clear();
      |     ^
/work/09629/m_hland10/ls6/openfoam/OpenFOAM-12/src/thermophysicalModels/chemistryModel/lnInclude/chemistryModel.C:472:47: note: in instantiation of member function 'Foam::tmp<Foam::GeometricField<double, Foam::fvPatchField, Foam::volMesh>>::~tmp' requested here
  472 |     tmp<volScalarField> trhovf(this->thermo().rho());
      |                                               ^
chemistrySolver/canteraSolver.C:31:38: note: in instantiation of member function 'Foam::chemistryModel<Foam::constTransport<Foam::species::thermo<Foam::hConstThermo<Foam::perfectGas<Foam::specie>>, Foam::sensibleEnthalpy>>>::reactionRR' requested here
   31 | Foam::canteraSolver<ChemistryModel>::canteraSolver(const fluidMulticomponentThermo& thermo)
      |                                      ^
/work/09629/m_hland10/ls6/openfoam/OpenFOAM-12/src/thermophysicalModels/chemistryModel/lnInclude/basicChemistryModel.H:103:5: note: in instantiation of member function 'Foam::canteraSolver<Foam::chemistryModel<Foam::constTransport<Foam::species::thermo<Foam::hConstThermo<Foam::perfectGas<Foam::specie>>, Foam::sensibleEnthalpy>>>>::canteraSolver' requested here
  103 |     declareRunTimeSelectionTable
      |     ^
/work/09629/m_hland10/ls6/openfoam/OpenFOAM-12/src/OpenFOAM/lnInclude/runTimeSelectionTables.H:72:42: note: expanded from macro 'declareRunTimeSelectionTable'
   72 |             return autoPtr<baseType>(new baseType##Type parList);              \
      |                                          ^
<scratch space>:70:1: note: expanded from here
   70 | basicChemistryModelType
      | ^
/work/09629/m_hland10/ls6/openfoam/OpenFOAM-12/src/thermophysicalModels/chemistryModel/lnInclude/basicChemistryModel.H:103:5: note: in instantiation of member function 'Foam::basicChemistryModel::addthermoConstructorToTable<Foam::canteraSolver<Foam::chemistryModel<Foam::constTransport<Foam::species::thermo<Foam::hConstThermo<Foam::perfectGas<Foam::specie>>, Foam::sensibleEnthalpy>>>>>::New' requested here
/work/09629/m_hland10/ls6/openfoam/OpenFOAM-12/src/OpenFOAM/lnInclude/runTimeSelectionTables.H:81:65: note: expanded from macro 'declareRunTimeSelectionTable'
   81 |             if (!argNames##ConstructorTablePtr_->insert(lookup, New))          \
      |                                                                 ^
chemistrySolver/canteraChemistrySolvers.C:37:19: note: in instantiation of member function 'Foam::basicChemistryModel::addthermoConstructorToTable<Foam::canteraSolver<Foam::chemistryModel<Foam::constTransport<Foam::species::thermo<Foam::hConstThermo<Foam::perfectGas<Foam::specie>>, Foam::sensibleEnthalpy>>>>>::addthermoConstructorToTable' requested here
   37 |     forCoeffGases(makeChemistrySolvers, canteraSolver);
      |                   ^
In file included from chemistrySolver/canteraChemistrySolvers.C:26:
In file included from chemistrySolver/canteraSolver.H:38:
In file included from /work/09629/m_hland10/ls6/openfoam/OpenFOAM-12/src/thermophysicalModels/chemistryModel/lnInclude/chemistrySolver.H:40:
In file included from /work/09629/m_hland10/ls6/openfoam/OpenFOAM-12/src/thermophysicalModels/multicomponentThermo/lnInclude/fluidMulticomponentThermo.H:41:
In file included from /work/09629/m_hland10/ls6/openfoam/OpenFOAM-12/src/thermophysicalModels/basic/lnInclude/fluidThermo.H:41:
In file included from /work/09629/m_hland10/ls6/openfoam/OpenFOAM-12/src/thermophysicalModels/basic/lnInclude/basicThermo.H:63:
In file included from /work/09629/m_hland10/ls6/openfoam/OpenFOAM-12/src/finiteVolume/lnInclude/volFields.H:37:
In file included from /work/09629/m_hland10/ls6/openfoam/OpenFOAM-12/src/OpenFOAM/lnInclude/GeometricFields.H:34:
In file included from /work/09629/m_hland10/ls6/openfoam/OpenFOAM-12/src/OpenFOAM/lnInclude/GeometricScalarField.H:38:
In file included from /work/09629/m_hland10/ls6/openfoam/OpenFOAM-12/src/OpenFOAM/lnInclude/GeometricField.H:581:
/work/09629/m_hland10/ls6/openfoam/OpenFOAM-12/src/OpenFOAM/lnInclude/GeometricField.C:405:34: warning: unqualified call to 'std::move' [-Wunqualified-std-cast-call]
  405 |     OldTimeField<GeometricField>(move(gf)),
      |                                  ^
      |                                  std::
In file included from chemistrySolver/canteraChemistrySolvers.C:26:
In file included from chemistrySolver/canteraSolver.H:38:
In file included from /work/09629/m_hland10/ls6/openfoam/OpenFOAM-12/src/thermophysicalModels/chemistryModel/lnInclude/chemistrySolver.H:40:
In file included from /work/09629/m_hland10/ls6/openfoam/OpenFOAM-12/src/thermophysicalModels/multicomponentThermo/lnInclude/fluidMulticomponentThermo.H:41:
In file included from /work/09629/m_hland10/ls6/openfoam/OpenFOAM-12/src/thermophysicalModels/basic/lnInclude/fluidThermo.H:41:
In file included from /work/09629/m_hland10/ls6/openfoam/OpenFOAM-12/src/thermophysicalModels/basic/lnInclude/basicThermo.H:63:
In file included from /work/09629/m_hland10/ls6/openfoam/OpenFOAM-12/src/finiteVolume/lnInclude/volFields.H:37:
In file included from /work/09629/m_hland10/ls6/openfoam/OpenFOAM-12/src/OpenFOAM/lnInclude/GeometricFields.H:34:
In file included from /work/09629/m_hland10/ls6/openfoam/OpenFOAM-12/src/OpenFOAM/lnInclude/GeometricScalarField.H:38:
In file included from /work/09629/m_hland10/ls6/openfoam/OpenFOAM-12/src/OpenFOAM/lnInclude/GeometricField.H:43:
In file included from /work/09629/m_hland10/ls6/openfoam/OpenFOAM-12/src/OpenFOAM/lnInclude/GeometricBoundaryField.H:39:
In file included from /work/09629/m_hland10/ls6/openfoam/OpenFOAM-12/src/OpenFOAM/lnInclude/DimensionedField.H:43:
In file included from /work/09629/m_hland10/ls6/openfoam/OpenFOAM-12/src/OpenFOAM/lnInclude/OldTimeField.H:258:
/work/09629/m_hland10/ls6/openfoam/OpenFOAM-12/src/OpenFOAM/lnInclude/OldTimeField.C:217:35: warning: unqualified call to 'std::move' [-Wunqualified-std-cast-call]
  217 |         tfield0_ = tmp<FieldType>(move(otf.tfield0_));
      |                                   ^
      |                                   std::
/work/09629/m_hland10/ls6/openfoam/OpenFOAM-12/src/OpenFOAM/lnInclude/GeometricField.C:405:5: note: in instantiation of member function 'Foam::OldTimeField<Foam::GeometricField<double, Foam::fvPatchField, Foam::volMesh>>::OldTimeField' requested here
  405 |     OldTimeField<GeometricField>(move(gf)),
      |     ^
/work/09629/m_hland10/ls6/openfoam/OpenFOAM-12/src/OpenFOAM/lnInclude/objectRegistryTemplates.C:281:23: note: in instantiation of member function 'Foam::GeometricField<double, Foam::fvPatchField, Foam::volMesh>::GeometricField' requested here
  281 |             store(new Object(move(ob)));
      |                       ^
/work/09629/m_hland10/ls6/openfoam/OpenFOAM-12/src/OpenFOAM/lnInclude/GeometricField.C:953:16: note: in instantiation of function template specialization 'Foam::objectRegistry::cacheTemporaryObject<Foam::GeometricField<double, Foam::fvPatchField, Foam::volMesh>>' requested here
  953 |     this->db().cacheTemporaryObject(*this);
      |                ^
/work/09629/m_hland10/ls6/openfoam/OpenFOAM-12/src/OpenFOAM/lnInclude/tmpI.H:243:13: note: in instantiation of member function 'Foam::GeometricField<double, Foam::fvPatchField, Foam::volMesh>::~GeometricField' requested here
  243 |             delete ptr_;
      |             ^
/work/09629/m_hland10/ls6/openfoam/OpenFOAM-12/src/OpenFOAM/lnInclude/tmpI.H:139:5: note: in instantiation of member function 'Foam::tmp<Foam::GeometricField<double, Foam::fvPatchField, Foam::volMesh>>::clear' requested here
  139 |     clear();
      |     ^
/work/09629/m_hland10/ls6/openfoam/OpenFOAM-12/src/thermophysicalModels/chemistryModel/lnInclude/chemistryModel.C:472:47: note: in instantiation of member function 'Foam::tmp<Foam::GeometricField<double, Foam::fvPatchField, Foam::volMesh>>::~tmp' requested here
  472 |     tmp<volScalarField> trhovf(this->thermo().rho());
      |                                               ^
chemistrySolver/canteraSolver.C:31:38: note: in instantiation of member function 'Foam::chemistryModel<Foam::constTransport<Foam::species::thermo<Foam::hConstThermo<Foam::perfectGas<Foam::specie>>, Foam::sensibleEnthalpy>>>::reactionRR' requested here
   31 | Foam::canteraSolver<ChemistryModel>::canteraSolver(const fluidMulticomponentThermo& thermo)
      |                                      ^
/work/09629/m_hland10/ls6/openfoam/OpenFOAM-12/src/thermophysicalModels/chemistryModel/lnInclude/basicChemistryModel.H:103:5: note: in instantiation of member function 'Foam::canteraSolver<Foam::chemistryModel<Foam::constTransport<Foam::species::thermo<Foam::hConstThermo<Foam::perfectGas<Foam::specie>>, Foam::sensibleEnthalpy>>>>::canteraSolver' requested here
  103 |     declareRunTimeSelectionTable
      |     ^
/work/09629/m_hland10/ls6/openfoam/OpenFOAM-12/src/OpenFOAM/lnInclude/runTimeSelectionTables.H:72:42: note: expanded from macro 'declareRunTimeSelectionTable'
   72 |             return autoPtr<baseType>(new baseType##Type parList);              \
      |                                          ^
<scratch space>:70:1: note: expanded from here
   70 | basicChemistryModelType
      | ^
/work/09629/m_hland10/ls6/openfoam/OpenFOAM-12/src/thermophysicalModels/chemistryModel/lnInclude/basicChemistryModel.H:103:5: note: in instantiation of member function 'Foam::basicChemistryModel::addthermoConstructorToTable<Foam::canteraSolver<Foam::chemistryModel<Foam::constTransport<Foam::species::thermo<Foam::hConstThermo<Foam::perfectGas<Foam::specie>>, Foam::sensibleEnthalpy>>>>>::New' requested here
/work/09629/m_hland10/ls6/openfoam/OpenFOAM-12/src/OpenFOAM/lnInclude/runTimeSelectionTables.H:81:65: note: expanded from macro 'declareRunTimeSelectionTable'
   81 |             if (!argNames##ConstructorTablePtr_->insert(lookup, New))          \
      |                                                                 ^
chemistrySolver/canteraChemistrySolvers.C:37:19: note: in instantiation of member function 'Foam::basicChemistryModel::addthermoConstructorToTable<Foam::canteraSolver<Foam::chemistryModel<Foam::constTransport<Foam::species::thermo<Foam::hConstThermo<Foam::perfectGas<Foam::specie>>, Foam::sensibleEnthalpy>>>>>::addthermoConstructorToTable' requested here
   37 |     forCoeffGases(makeChemistrySolvers, canteraSolver);
      |                   ^
524 warnings and 5 errors generated.
make: *** [/work/09629/m_hland10/ls6/openfoam/OpenFOAM-12/wmake/rules/General/transform:26: Make/linux64IcxDPInt64Opt/chemistrySolver/canteraChemistrySolvers.o] Error 1
